food_id,item_name,veg_or_non_veg
1,"Aloo Tikki Burger",Veg
2,"Veg Creamy Burger",Veg
3,"Cheese Burst Burger",Veg
4,"Paneer Creamy Burger",Veg
5,"Maxican Burger",Veg
6,"Bbq Chicken Burger",Non-veg
7,"Peri Peri Chicken Burger",Non-veg
8,"White Sauce",Veg
9,"Red Sauce",Veg
10,"Pink Sauce",Veg
11,"Masala Pasta",Veg
12,"Chicken Pasta",Non-veg
13,"Egg Pasta",Non-veg
14,Noodles,Veg
15,"Singapuri Noodles",Veg
16,"Hakka Noodles",Veg
17,"Garlic Noodles",Veg
18,"Paneer Noodles",Veg
19,"Dry Manchurian",Veg
20,"Gravy Manchurian",Veg
21,"Cheese Chilly Dry",Veg
22,"Cheese Chilly Gravy",Veg
23,"Egg Chilly",Non-veg
24,"Chicken Chilly",Non-veg
25,"Spring Roll [2pc]",Veg
26,"Momos [8pc]",Veg
27,"Honey Chilly Patato",Veg
28,"Honey Chilly Cauliflower",Veg
29,"Veg Fried Rice",Veg
30,"Chicken Fried Rice",Non-veg
31,"Kfc Fried Chicken",Non-veg
32,"Fried Chicken",Non-veg
33,"Veg Mayo Sandwich",Veg
34,"Veg Creamy Sandwich",Veg
35,"Bombay Sandwich",Veg
36,"Paneer Tikka Sandwich",Veg
37,"Chicken Sandwich",Non-veg
38,"Peri Peri Sandwich",Veg
39,"Egg Sandwich",Non-veg
40,"Classical Fries",Veg
41,"Red Chilli Papper",Veg
42,"Creamy Fries",Veg
43,"Peri Peri Fries",Veg
44,"Egg Roll",Non-veg
45,"Veg Roll",Veg
46,"Paneer Roll",Veg
47,"Chicken Roll",Non-veg
48,"Egg Chicken Roll [Double]",Non-veg
49,"Veg Wrapes",Veg
50,"Paneer Wrapes",Veg
51,"Peri Peri Chicken Wrapes",Non-veg
52,"Egg Wrapes",Non-veg
53,"Simple Garlic Bread",Veg
54,"Veg Garlic Bread",Veg
55,"Stuff Garlic Bread",Veg
56,"2 Alao Prantha + Dahi",Veg
57,Bhature,Veg
58,"Spl Tiffen [Desi Ghee]",Veg
59,"Piyaz Prantha Dahi",Veg
60,"Paneer Prantha + Dahi",Veg
61,"Veg Kulcha",Veg
62,"Veg Mayo Kulcha",Veg
63,"Masala Kulcha",Veg
64,"Paneer Kulcha",Veg
65,"Makhni Kulcha",Veg
66,"Masala Maggie 2 Packet",Veg
67,"Veg Maggie 2 Packet",Veg
68,"Tandoori Maggie 2 Packet",Veg
69,"Chicken Maggie",Non-veg
70,"Creamy Maggie",Veg
71,"Egg Maggie",Non-veg
72,"Pav Bhaji",Veg
73,"Creamy Pav Bhaji",Veg
74,"Virgin Moijto",Veg
75,"Blue Curracco",Veg
76,"Green Apple",Veg
77,Pinacolado,Veg
78,"X Mass Punch",Veg
79,"Masala Coke",Veg
80,Jaljeera,Veg
81,"Margherita Pizza",Veg
82,"Cheese Margherita [Double]",Veg
83,"Capcicum Onion Pizza",Veg
84,"Mashroom Corn Pizza",Veg
85,"Only Corn Pizza",Veg
86,"Only Onion Pizza",Veg
87,"Onion Olive Pizza",Veg
88,"Vanila Shake",Veg
89,"Choclate Shake",Veg
90,"Staweberry Shake",Veg
91,"Oreo Shake",Veg
92,"Butter Scotch Shake",Veg
93,"Banana Shake",Veg
94,"Pineapple Shake",Veg
95,"Mango Shake",Veg
96,"Blue Berry Shake",Veg
97,"Nutela Shake",Veg
98,"Kit Kat Shake",Veg
99,"Kit   K at Shake",Veg
100,"Staweberry Oreo Shake",Veg
101,"Black Current Shake",Veg
102,"Brownie Shake",Veg
103,"Paneer Tikka Pizza",Veg
104,"Spicy Paneer Pizza",Veg
105,"Farm House Pizza",Veg
106,"Country Feast Pizza",Veg
107,"Paneer Makhni Pizza",Veg
108,"Otc Onion Tamato Corn Pizza",Veg
109,"Chicken Pizza",Non-veg
110,"Peri Peri Paneer Pizza",Veg
111,"Egg Pizza",Non-veg
112,"Mashroom Pizza",Veg
113,"Ab Special Pizza",Veg
114,"Classical Cold Coffee",Veg
115,"Hezelnut Cold Coffee",Veg
116,"Frape Cold Coffee",Veg
117,"Veg Grilled Sandwich",Veg
118,"Veg Sandwich",Veg
119,Dhokla,Veg
120,"Channa Bhatura [2 Pc]",Veg
121,"Chana Bhatura With Lassi",Veg
123,"Milk Badam Shake",Veg
124,"Namkeen Lassi",Veg
125,"Cold Coffee",Veg
126,"Butterscotch Shake",Veg
130,"Strawberry Shake",Veg
131,"Roohafza Milkshake",Veg
132,"Lassi [sweet]",Veg
133,"Burgers Pack",Veg
134,"Barfi Pack",Veg
135,"Starters Combo",Veg
136,"Chai Time Combo",Veg
137,"South Special",Veg
138,"Snacks Combo",Veg
139,"Patties Combo",Veg
140,"Pastry Pack",Veg
141,"Modak Laddu",Veg
142,Dhodha,Veg
143,"Baisan Barfi",Veg
144,"Rewari Barfi",Veg
145,"Kesar Laddu (desi Ghee)",Veg
146,"Moti Pak (desi Ghee)",Veg
147,"Pinni (desi Ghee)",Veg
148,"Sohan Halwa",Veg
149,Kalakand,Veg
150,"Chocolate Burfi",Veg
151,"Elaichi Burfi",Veg
152,"Kesar Katli",Veg
153,"Khoya Katli",Veg
154,"Mandakini Burfi",Veg
155,"Plain Burfi",Veg
156,"Anguri Petha",Veg
157,Khurmani,Veg
158,"Murki Chhena",Veg
159,"Spungi Rasbhari",Veg
160,Rasbhari,Veg
161,Chamcham,Veg
162,Tosha,Veg
163,Rasgulla,Veg
164,"Gulab Jamun",Veg
165,"Rasmalai [1 Piece]",Veg
166,"Spungi Rasgulla [1 Piece]",Veg
167,Emarti,Veg
168,Jullie,Veg
169,"Kaju Katli",Veg
170,"Kesar Laddu",Veg
171,"Moti Choor Laddu",Veg
172,"Baisan Pinni",Veg
173,"Dry Fruit Pinni",Veg
174,"Mango Pera",Veg
175,"Chana Laddu",Veg
176,"Chocolate Roll",Veg
177,"Kesar Roll",Veg
178,"Pista Roll",Veg
179,"Malai Pera",Veg
180,"Mini Pera",Veg
181,"Badam Cake",Veg
182,"Coconut Burfi",Veg
183,"Milk Cake",Veg
184,Boondi,Veg
185,"Sandwich [mithai]",Veg
186,"Aam Papad Roll",Veg
187,"Soan Papdi [1 Kg]",Veg
188,"Sirni [500 Grams]",Veg
189,"Balushai [500 Grams]",Veg
190,"Shakarpare [500 Grams]",Veg
191,"Gurpare [500 Grams]",Veg
192,"Hot Gulab Jamun [1 Pc]",Veg
193,"Basket Gift Pack",Veg
194,"Dry Fruit Tray",Veg
195,"All Mix Sweet",Veg
196,"3 Line Mix Sweet",Veg
197,"Pista Roasted",Veg
198,Kishmish,Veg
199,"Badam Giri",Veg
200,"Kaju Namkeen Roasted",Veg
201,"Kaju Plain",Veg
202,Dahi,Veg
203,Paneer,Veg
204,"Bhalla Papdi",Veg
205,"Dahi Bhalla",Veg
206,"Dahi Vada",Veg
207,"Special Pav Bhaji",Veg
209,"Cheese Cutlet",Veg
210,"Veg Cutlet",Veg
211,"Noodles Cutlet",Veg
212,"Paneer Pakoda",Veg
213,Samosa,Veg
214,"Samosa With Chana",Veg
215,"Masala Papad",Veg
216,"Noodles Patties",Veg
217,"Veg Patties",Veg
218,"Paneer Patties",Veg
219,"Cheese Burger Fry",Veg
220,"Veg Burger Fry",Veg
221,"Tikki Burger",Veg
222,"Noodles Burger",Veg
223,"Cheese Hot Dog",Veg
224,"Veg Hot Dog",Veg
225,"Mushroom Chowmein",Veg
226,"Special Chowmein",Veg
227,"Paneer Chowmein",Veg
229,"Singapore Chopsuey",Veg
230,"American Chopsuey",Veg
231,"Cheese Tikka Fry",Veg
232,"Cheese Corn Roll",Veg
233,"Cheese Spring Roll",Veg
234,"Veg Spring Roll",Veg
235,"Cheese Manchurian With Gravy",Veg
236,"Cheese Manchurian",Veg
237,"Veg Manchurian With Gravy",Veg
238,"Veg Manchurian",Veg
239,"Mushroom Chilly",Veg
240,"Cheese Chilli With Gravy",Veg
241,"Cheese Chilli",Veg
242,"French Fries",Veg
243,"Cheese Finger",Veg
244,"Potato Finger",Veg
245,"Veg Bullet",Veg
246,"Cheese Kabab",Veg
247,"Veg Kabab",Veg
248,"Veg Cotton Kabab",Veg
249,"Sambar Vada",Veg
250,"Mushroom Uttapam",Veg
251,"Cheese Uttapam",Veg
252,"Onion Uttapam",Veg
253,"Special Family Dosa",Veg
254,"Mushroom Masala Dosa",Veg
255,"Paneer Dosa",Veg
256,"Masala Dosa",Veg
257,"Plain Dosa",Veg
258,"Onion Butter Masala Dosa",Veg
259,"Pizza Dosa",Veg
260,"Pasta White Sauce",Veg
261,"Pasta Red Sauce",Veg
262,"Capsicum Pizza [medium 8 Inches]",Veg
263,"Cheese And Chilli Pizza [medium 8 Inches]",Veg
264,"Cheese Pizza [medium 8 Inches]",Veg
265,"Mushroom Pizza [medium 8 Inches]",Veg
266,"Onion Pizza [medium 8 Inches]",Veg
267,"Paneer Tikka Pizza [medium 8 Inches]",Veg
268,"Veg Pizza [medium 8 Inches]",Veg
269,"Pitthi Samosi",Veg
270,"Samosa Mathi",Veg
271,"Methi Mathi",Veg
272,"Plain Mathi",Veg
273,"Kaju Matar [190 Grams]",Veg
274,"Matri [190 Grams]",Veg
275,"Papri [500 Grams]",Veg
276,"Pudina Boondi [190 Grams]",Veg
277,"Plain Boondi [190 Grams]",Veg
278,"Fruit Cake",Veg
279,"Cake [900 Grams]",Veg
280,"Fruit Cake (egg)",Non-veg
281,"Jam Roll Pastry",Veg
282,"Chocolate Pastry",Veg
283,"Black Forest Pastry",Veg
284,"Swiss Roll Pastry",Veg
285,"Milk Badam Pastry",Veg
286,"Butterscotch Pastry",Veg
287,"Jelly Pastry",Veg
288,"Strwaberry Pastry",Veg
289,"Vanila Pastry",Veg
290,"Pineapple Pastry",Veg
291,"Choco Lava Cake",Veg
292,"Cream Roll",Veg
293,"Cake Rusk",Non-veg
294,"Atta Namkeen Biscuit [400 Grams]",Veg
295,"Atta Sweet Biscuit [400 Grams]",Veg
296,"French Heart",Veg
297,Fan,Veg
298,"Suju Rusk",Veg
299,"Atta Biscuit (desi Ghee)",Veg
300,"Butter Pista Finger",Veg
301,"White Chocolate Donut",Veg
302,"Chocolate Donut",Veg
303,"Pistachio Rabri",Veg
304,"Sabu Dana Lachha Mix",Veg
305,"Badam Lachha",Veg
306,"Potato Papad",Veg
307,"Potato Chips",Veg
308,"Manchow Soup",Veg
309,"Tomato Cream Soup",Veg
310,"Tomato Soup",Veg
311,"Veg Sweet Corn Soup",Veg
312,"Veg Soup",Veg
313,"Cafe Latte Coffee",Veg
314,"Cafe Mocha Coffee",Veg
315,"Chocolate Shake",Veg
317,"Walnut Brownie",Veg
318,"Chocolaty Frappe",Veg
320,"Cheese Garlic Bread",Veg
321,"Exotic Garlic Bread",Veg
322,"Paneer Wrap",Veg
323,"Mexican Veg Wrap",Veg
324,"Paneer Tikka Sub",Veg
325,"8 ' Regular Farm House Pizza",Veg
326,"10 ' Medium Farm House Pizza",Veg
327,"13 'Large Farm House Pizza",Veg
328,"American Cheese Burger",Veg
330,"Veg Burger",Veg
331,"Chicken Burger",Non-veg
332,"8 ' Regular Spicy Paneer Pizza",Veg
333,"13 ' Large Spicy Paneer Pizza",Veg
335,"8 ' Regular Paneer Makhani Pizza",Veg
336,"13 ' Large Paneer Makhani Pizza",Veg
337,"Red Penne Alfredo Pasta",Veg
338,"White Penne Alfredo Pasta",Veg
339,"Mix Sauce Penne Alfredo Pasta",Veg
340,"10 ' Medium Loaded Chicken Pizza",Non-veg
341,"Paneer Tikka Salad",Veg
342,"Chicken Delight Salad",Non-veg
343,"8 ' Regular Chicken Tikka Pizza",Non-veg
344,"13 ' Large Tandoori Chicken Pizza",Non-veg
345,"2 Strawberry Shake + 2 Punjabi Paneer Cruncher (Without Onion + Garlic) + 1 Mint Mojito Mocktail",Veg
346,"2 Butterscotch Shake + 2 Red Penne Mushroom Pata (Without Onion + Garlic) + 3 Veg Burger (Without Onion + Garlic)",Veg
347,"3 Piece 8' Regular Spicy Corn Tango Pizza (Without Onion + Garlic) + 3 Choclate Shakes",Veg
348,"3 American Cheese Burger (Without Onion + Garlic) + 3 Tcd Special Shake",Veg
349,"3 Oreo Shake + 3 Paneer Wrap (Without Onion + Garlic)",Veg
350,"Americano Black Coffee",Veg
351,"Cappuccino Coffee",Veg
352,"Hot Chocolate Coffee",Veg
353,"Hazelnut Cappuccino Coffee",Veg
354,"Cookie Cappuccino Coffee",Veg
356,"Irish Cafe Latte Coffee",Veg
357,"Caramel Latte Coffee",Veg
359,"Assam Tea",Veg
360,"Green Tea",Veg
361,"Lemon Ice Tea",Veg
362,"Peach Ice Tea",Veg
363,"Strawberry Ice Tea",Veg
364,"Classic Lemonade",Veg
365,"Strawberry Lemonade",Veg
366,"Mint Lemonade",Veg
368,"TCD Special Shake",Veg
372,"Vanilla Shake",Veg
373,"Greenapple Shake",Veg
376,"Paan Shake",Veg
377,"Orange chocolate shake",Veg
379,"Fruit Sundae",Veg
380,"Paan Sundae",Veg
381,"Devils Own Desi Style Coffee",Veg
382,"Classic Cold Coffee",Veg
383,"Iced Cappuccino Coffee",Veg
384,"Iced Vanilla Cappuccino Coffee",Veg
385,"Cafe Frappe",Veg
387,"Caramel Frappe",Veg
388,"Masala Fries with Dip",Veg
389,"Mexican Tokari",Veg
390,"Cheese Shots",Veg
391,"Veg Fingers",Veg
392,"Triple S",Non-veg
393,"Chicken Finger(peri peri)",Non-veg
394,"Chicken Finger 5pc(Barbeque)",Non-veg
396,"Seekh Kabab with Dip",Non-veg
397,"Chicken Nuggets",Non-veg
398,"Chicken Popcorn",Non-veg
399,"Chicken Finger (5 Pcs)",Non-veg
400,"Plain Garlic Bread",Veg
402,"Chilly Corn Garlic Bread",Veg
403,"Tandoori Cavity",Veg
405,"Roasted Chicken Garlic Bread",Non-veg
406,"Seekh Kabab Garlic Bread",Non-veg
407,"Mint Mojito Mocktail",Veg
408,"Cucumber Lemon Mojito Mocktail",Veg
409,"Meloneez Mocktail",Veg
410,"Candid Apple Mocktail",Veg
411,"TCD Float (Coke with Ice Cream Float) Mocktail",Veg
412,"Lemon Coke Mocktail",Veg
413,"Malt (Taste of Beer) Mocktail",Veg
414,"Blue Curacao",Veg
415,"Spicy Mango",Veg
417,"Seekh Kabab Wrap",Non-veg
418,"Chicken Tikka Wrap",Non-veg
419,"Tandoori Chicken Wrap",Non-veg
420,"Single egg single chicken wrap",Non-veg
421,"Aloo Wrap",Veg
423,"Egg Wrap",Non-veg
424,"Pasta Wrap",Veg
426,"Veg Tikki Sub",Veg
427,"Veg Delight Sub",Veg
428,"Chicken Tikka Sub",Non-veg
429,"Chicken Delight Sub",Non-veg
430,"Saute Chicken Sub",Non-veg
431,"2 Pieces Chicken Tikka Sandwich  +  Classic Lemonade",Non-veg
432,"2 Pieces Paneer Tikka Sandwich + Cappuccino",Veg
433,"1 Veg Burger with Cheese + Classic Cold Coffee",Veg
434,"1 Chicken Burger with Cheese + Classic Cold Coffee",Non-veg
435,"Mexican Veg Wrap + Lemon Coke",Veg
436,"Chicken Wrap + Meloneez",Non-veg
440,"8 ' Regular Special Wonder Pizza",Veg
441,"10 ' Medium Special Wonder Pizza",Veg
442,"13 ' Large Special Wonder Pizza",Veg
443,"Punjabi Paneer Cruncher",Veg
444,"Double Decker Veg Burger",Veg
446,"Exotic Egg Burger",Non-veg
447,"Spicy Chicken Burger",Non-veg
448,"Double Decker Chicken Burger",Non-veg
449,"American chicken burger",Non-veg
452,"Spicy Veg Burger",Veg
454,"8 ' Regular Tandoori Paneer Pizza",Veg
455,"10 ' Medium Tandoori Paneer Pizza",Veg
456,"13 ' Large Tandoori Paneer Pizza",Veg
457,"8 ' Regular Hot & Sweet Delight Pizza",Veg
458,"10 'Medium Hot & Sweet Delight Pizza",Veg
459,"13 ' Large Hot & Sweet Delight Pizza",Veg
460,"8 ' Regular Veg Feast Pizza",Veg
461,"10 ' Medium Veg Feast Pizza",Veg
462,"13 ' Large Veg Feast Pizza",Veg
463,"8 ' Regular Spicy Corn Tango Pizza",Veg
464,"13 ' Large Spicy Corn Tango Pizza",Veg
466,"10 'Medium Spicy Paneer Pizza",Veg
468,"Corn Delight Sandwich",Veg
469,"Veg Cheese Sandwich",Veg
471,"Paneer Makhani Sandwich",Veg
472,"Mexican Sandwich",Veg
473,"Veg Delight Sandwich",Veg
474,"Chicken Tikka Sandwich",Non-veg
475,"Egg Delight Sandwich",Non-veg
476,"Chicken Delight Sandwich",Non-veg
477,"Double Decker Ontario Sandwich",Non-veg
478,"Schezwan Veg sandwich",Veg
479,"Schezwan chicken sandwich",Non-veg
480,"Cheesy Marghrita (Medium)",Veg
481,"Cheesy Margheritta Pizza (Large)",Veg
482,"Cheesy  Margherita (Regular)",Veg
484,"10 ' Medium Paneer Makhani Pizza",Veg
487,"Red Penne Mushroom Pasta",Veg
488,"Red Exotic Veggie Pasta",Veg
489,"Red Penne Chicken Pasta",Non-veg
491,"White Penne Mushroom Pasta",Veg
492,"White Exotic Veggie Pasta",Veg
493,"White Penne Chicken Pasta",Non-veg
495,"Mix Sauce Penne Mushroom Pasta",Veg
496,"Mix Sauce Exotic Veggie Pasta",Veg
497,"Mix Sauce Penne Chicken Pasta",Non-veg
498,"American crunchy veg pasta",Veg
499,"American Crunchy chicken pasta",Non-veg
500,"8 ' Regular Spicy Chicken Pizza",Non-veg
501,"10 ' Medium Spicy Chicken Pizza",Non-veg
502,"13 ' Large Spicy Chicken Pizza",Non-veg
503,"8 ' Regular Chicken Love Pizza",Non-veg
504,"10 ' Medium Chicken Love Pizza",Non-veg
505,"13 ' Large Chicken Love Pizza",Non-veg
506,"8 ' Regular Loaded Chicken Pizza",Non-veg
508,"13 ' Large Loaded Chicken Pizza",Non-veg
509,"8 ' Regular Hawaiian Delight Pizza",Non-veg
510,"10 ' Medium Hawaiian Delight Pizza",Non-veg
511,"13 ' Large Hawaiian Delight Pizza",Non-veg
512,"8 ' Regular Golden Delight Pizza",Non-veg
513,"10 ' Medium Golden Delight Pizza",Non-veg
514,"13 ' Large Golden Delight Pizza",Non-veg
516,"Veg Tikki Salad",Veg
517,"Veg Delight Salad",Veg
518,"Chicken Tikka Salad",Non-veg
520,"Saute Chicken Salad",Non-veg
521,"Egg Salad",Non-veg
522,"Nacho Salad",Veg
523,"Crispy veg saled",Veg
525,"10 ' Medium Chicken Tikka Pizza",Non-veg
526,"13 ' Large Chicken Tikka Pizza",Non-veg
527,"8 ' Regular Tandoori Chicken Pizza",Non-veg
528,"10 ' Medium Tandoori Chicken Pizza",Non-veg
530,"1 Aloo Tikki Burger + 1 Single Topping Onion Pizza",Veg
531,"1 Aloo Tikki Burger + 1 Single Topping Corn Pizza",Veg
532,"Malai Chaap",Veg
533,"Afghani Chaap",Veg
534,"Tandoori Chaap",Veg
535,"Pudina Chaap",Veg
536,"Achari Chaap",Veg
537,"Chaap Tikka Gravy",Veg
538,"Keema Chaap Gravy",Veg
539,"Paneer Tikka Butter Masala",Veg
540,"Rumali Roti",Veg
541,"Chilli Chaap",Veg
542,"Chilli Mushroom",Veg
544,"Manchurian Gravy",Veg
545,"Chilli Potato",Veg
546,"Honey Chilli Potato",Veg
547,"French Fry",Veg
549,"Momos (10 Pcs)",Veg
550,"Fried Momos (10 Pcs)",Veg
551,"Tandoori Momos (8 Pcs)",Veg
552,"Malai Paneer",Veg
553,"Veg Chow mien",Veg
554,"Cheese Chow mien",Veg
555,"Singapore Chow mien",Veg
556,"Chaap Roll",Veg
557,Combos,Veg
563,"Irani Chaap",Veg
564,"Fried Chaap",Veg
568,"Kadai Paneer",Veg
569,"Mushroom Tikka Masala",Veg
582,"Masala Fried Momos (8 Pcs)",Veg
583,"Veg Manchow Soup",Veg
585,"Afghani Paneer",Veg
586,"Irani Paneer",Veg
587,"Tandoori Paneer",Veg
588,"Pudina Paneer",Veg
589,"Achari Paneer",Veg
590,"Golden Fried Paneer",Veg
591,"Malai Mushroom",Veg
592,"Afghani Mushroom",Veg
593,"Irani Mushroom",Veg
594,"Tandoori Mushroom",Veg
595,"Pudina Mushroom",Veg
596,"Achari Mushroom",Veg
597,"Golden Fried Mushroom",Veg
599,"Veg Hakka Chow mien",Veg
602,"Mixed Veg Chow mien",Veg
603,"Chaap Chow mien",Veg
606,"Mushroom Roll",Veg
607,"Mixed Roll",Veg
609,Junior,Veg
610,Texas,Veg
611,"New Yorker",Veg
612,"Paneer Crisp",Veg
613,"Giga Bite",Veg
614,"Mexican Paneer",Veg
615,"Veg Mountain",Veg
616,"Compact Burger",Non-veg
617,"Bad Boy",Non-veg
618,"Big Devil",Non-veg
619,"Illegal Burger",Non-veg
620,"Grilled Chicken Burger",Non-veg
621,"Crispy Chicken Burger",Non-veg
622,"The Heavy Driver",Non-veg
623,"Chicken Mountain",Non-veg
624,"Veg Wrap",Veg
626,"Mexican Tortilla",Veg
627,"Peri Peri Paneer Wrap",Veg
628,"Chicken Barbeque",Non-veg
629,"Chicken Crust Wrap",Non-veg
630,"Chicken Salami Wrap",Non-veg
631,"Crispy Chicken Wrap",Non-veg
633,"Chicken Southern Spice",Non-veg
634,"Warm Up Sandwich",Veg
635,"Cheesy Corn Sandwich",Veg
636,"Mexican Wave Sandwich",Veg
638,"Chicken Salami",Non-veg
639,"Saucy Mexicano",Non-veg
640,"Chicken Paradise",Non-veg
641,"Fiery Chicken",Non-veg
642,"Cheese & Onion",Veg
643,"Cheese & Corn",Veg
644,"Cheese & Paneer",Veg
645,"Queen Margherita [Small]",Veg
646,"Veggie Garden [Small]",Veg
647,"Corn & Olive [Small]",Veg
648,"Farm Fresh [Small]",Veg
649,"Paneer Bingo [Small]",Veg
650,"Mexican Pizza [Small]",Veg
651,"Paneer Tikka [Small]",Veg
652,"Grills Special [Small]",Veg
653,"Queen Margherita [Large]",Veg
654,"Corn & Olive [Large]",Veg
655,"Farm Fresh [Large]",Veg
656,"Paneer Bingo [Large]",Veg
657,"Mexican Pizza [Large]",Veg
658,"Paneer Tikka [Large]",Veg
659,"Garlic Exotica [Large]",Veg
660,"Grills Special [Large]",Veg
661,"Cheese & Capsicum",Veg
662,"Veggie Garden [Large]",Veg
663,"The Lord of Cheese [Small]",Veg
664,"The Lord of Cheese [Large]",Veg
665,"Garlic Exotica [Small]",Veg
667,"Loaded Garlic Bread",Veg
668,"Grilled Chicken Pizza [Small]",Non-veg
669,"Chicken Makhani Pizza [Small]",Non-veg
670,"Chicken Monster Pizza [Small]",Non-veg
671,"Grilled Chicken Pizza [Large]",Non-veg
672,"Chicken Kebab Pizza [Large]",Non-veg
673,"Chicken Makhani Pizza [Large]",Non-veg
674,"Peri Peri Chicken Pizza [Large]",Non-veg
675,"Chicken Monster Pizza [Large]",Non-veg
676,"Chicken Kebab Pizza [Small]",Non-veg
677,"Peri Peri Chicken Pizza [Small]",Non-veg
678,"Veg White Sauce Pasta",Veg
679,"Veg Red Sauce Pasta",Veg
680,"Veg Mix Sauce Pasta",Veg
681,"Tandoori Pasta",Veg
682,"Chicken White Sauce Pasta",Non-veg
683,"Chicken Red Sauce Pasta",Non-veg
684,"Chicken Mix Sauce Pasta",Non-veg
685,"Chicken Tandoori Pasta",Non-veg
687,"Naughty Strawberry",Veg
690,"Black Currant Shake",Veg
692,"Caramel Coffee",Veg
693,"Classic Oreo",Veg
694,"Chocolate Oreo",Veg
695,"Veryberry Oreo",Veg
697,"Virgin Mojito",Veg
698,"Peach Mojito",Veg
699,"Blueberry Mojito",Veg
700,"Watermelon Mojito",Veg
701,"Green Apple Mojito",Veg
703,"Chicken Leg [2 Pcs]",Non-veg
704,"Chicken Wings [6 Pcs]",Non-veg
705,"Chicken Strips [3 Pcs]",Non-veg
706,"Peri Peri Chicken Popcorn",Non-veg
707,"Butter Chicken Popcorn",Non-veg
708,"Veg Crunch",Veg
709,"Paneer Crunch",Veg
710,"Chicken Salad",Non-veg
711,"Chicken Protein Diet",Non-veg
712,"Fiery Chicken Salad",Non-veg
713,"Chicken Salami Salad",Non-veg
716,"Cheese Loaded Fries",Veg
717,"Peri Peri Potato Pops",Veg
719,"Peri Peri Veggie Fingers",Veg
720,"Peri Peri Cheese Loaded",Veg
721,"Cheese Slice",Veg
722,Salami,Non-veg
723,"Cheesy Dip",Veg
724,"Tandoori Dip",Veg
725,"Chilli Garlic Dip",Veg
726,"Island Dip",Veg
727,"Burger with Pizza Dip",Veg
728,"Mexican Cheese Burger",Veg
729,"Paneer Burger",Veg
731,"Mixed Veg Sandwich",Veg
732,"Jumbo Sandwich",Veg
733,"Paneer Sandwich",Veg
734,"8'' Corn Pizza",Veg
735,"8'' Tomato Pizza",Veg
736,"8'' Onion Pizza",Veg
737,"8'' Capsicum Pizza",Veg
738,"8'' Mix Veg Cheese Pizza",Veg
739,"8'' Yummy Paneer Treat Pizza",Veg
740,"8'' Veggie Loaded Pizza",Veg
741,"8'' Sweet Corn Cheese Pizza",Veg
742,"8'' Spicy Veggie Delight Pizza",Veg
743,"Mixed Veg Sandwizza",Veg
745,"Sweet Corn Sandwizza",Veg
753,"Chilli Shot Burger",Veg
754,"Mayo Burger",Veg
755,"Green Valley Burger",Veg
760,"Sweet Corn Sandwich",Veg
761,"Mexican Cheese Sandwich",Veg
762,"Herb Sandwich",Veg
763,"Pasta Sandwich",Veg
767,"8'' Plain Cheese Pizza",Veg
774,"8'' Exotic Mushroom Pizza",Veg
775,"8'' Potato Stick Pizza",Veg
776,"Butter Lemon Sweet Corn",Veg
777,"Pudina Sweet Corn",Veg
778,"Black Pepper Sweet Corn",Veg
779,"Spice Magic Sweet Corn",Veg
780,"Red Chilli Sweet Corn",Veg
785,"Sweet Corn Garlic Bread",Veg
786,"Mushroom Garlic Bread",Veg
792,"Masala Spiral Pasta In Bowl",Veg
793,"Masala Spiral Pasta In Cup",Veg
794,"Chana Masala",Veg
795,"Mix Vegetable",Veg
796,"Dal Makhani",Veg
797,"Aloo Gobi",Veg
798,"Dal Fry",Veg
799,"Yellow Dal Tadka",Veg
800,"Kadhi Pakora",Veg
801,"Mushroom Do Pyaza",Veg
802,"Veg Gravy",Veg
804,"Punjabi Paneer",Veg
805,"Cheese Tikka Butter Masala",Veg
806,"Cheese Butter Masala",Veg
807,"Cheese Tomato",Veg
808,"Malai Kofta",Veg
809,"Shahi Paneer",Veg
810,"Paneer Bhurji",Veg
811,"Palak Paneer",Veg
812,"Sarso Ka Saag Makhani",Veg
813,"Dum Aloo",Veg
814,"Mattar Paneer",Veg
815,"Butter Chapati",Veg
816,"Plain Chapati",Veg
817,"Butter Naan",Veg
818,"Veg Biryani",Veg
819,"Veg Pulao",Veg
820,"Cheese Chilli Gravy",Veg
823,"Veg Manchurian Gravy",Veg
825,"Chana Masala (Without Onion + Garlic) + Mix Veg (Without Onion + Garlic) + Veg Biryani (Without Onion + Garlic) + 4 Butter Naan",Veg
826,"Punjabi Paneer (Without Onion + Garlic) + Veg Biryani (Without Onion + Garlic) + 4 Missi Chapati",Veg
827,"Cheese Tomato (Without Onion + Garlic) + Chesse Butter Masala (Without Onion + Garlic) + 4 Butter Naan",Veg
828,"Palak Paneer (Without Onion + Garlic) + Veg Biryani (Without Onion + Garlic) + Veg Pulao (Without Onion + Garlic)",Veg
831,"Butter Palak Mattar",Veg
832,"Butter Palak Kaju",Veg
833,"Butter Jeera Aloo",Veg
834,"Cream Palak",Veg
835,"Dal Maharani",Veg
842,"Achari Jeera Aloo",Veg
843,"Gobi Masala",Veg
844,"Baingan Bartha Makhani",Veg
845,"Kadhi Paneer Kofta",Veg
846,"Soya Butter Chaap Gravy",Veg
847,"Cream Malai Mattar",Veg
850,"Dal Kaju Butter Masala",Veg
851,"Kesar Shahi Paneer",Veg
852,"Kesar Malai Kofta",Veg
853,"Kesar Punjabi Paneer",Veg
854,"Kesar Paneer Do Pyaza",Veg
855,"Kesar Badami Paneer",Veg
856,"Butter Kaju Paneer",Veg
857,"Cheese Korma",Veg
859,"Mushroom Paneer Masala",Veg
865,"Mushroom Paneer",Veg
868,"Mattar Do Pyaza",Veg
869,"Butter Stuff Tomato",Veg
870,"Palak Malai Kofta",Veg
871,"Mushroom Mattar",Veg
872,"Saag Paneer",Veg
877,"Cheese Butter Handi",Veg
878,"Butter Sev Bhaji",Veg
879,"Potato Onion Parantha",Veg
880,"Mix Parantha",Veg
881,"Cheese Parantha",Veg
882,"Garlic Parantha",Veg
884,"Missi Chapati",Veg
886,"Churidar Parantha",Veg
887,"Butter Pyaz Mini Parantha",Veg
888,"Cream Parantha",Veg
889,"Cheese Naan",Veg
891,"Garlic Butter Naan",Veg
893,"Kesar Jeera Rice",Veg
894,"Paneer Jeera Rice",Veg
896,"Butter Jeera Rice",Veg
897,"Potato Chilli",Veg
902,"Mushroom Chilli",Veg
904,"Chana Fry",Veg
906,"Papad Masala",Veg
907,"Papad Dry",Veg
908,"Papad Fry",Veg
909,"Cream Salad",Veg
910,"Green Salad",Veg
911,Dal,Veg
912,Kadhi,Veg
913,"Mixed Veg",Veg
914,"Lehsun Chutney",Veg
915,"Dahi Fry",Veg
916,Salad,Veg
917,"Simple Raita",Veg
918,"Mixed Raita",Veg
919,"Masala Raita",Veg
920,"Simple Roti",Veg
921,"Butter Roti",Veg
922,"Laccha Prantha",Veg
923,"Pyaz Prantha",Veg
924,"Aloo Prantha",Veg
926,"Dry Fruit Bhalla",Veg
927,"Cream Rajbhog",Veg
928,"Panipuri (12 Pcs)",Veg
929,"Panipuri Atta (12 Pcs)",Veg
930,"Pyaz Kachori",Veg
931,"Papdi Chaat",Veg
932,"Stuffed Golgappa",Veg
941,"Combao Pck",Veg
942,"Combo 3",Veg
943,"Pani Puri 12 Pcs",Veg
944,"Aloo Tikki With Chole",Veg
945,"Samosa With Chole",Veg
946,"Samosa With Chatni",Veg
947,Papdi,Veg
948,"Raj Kachori",Veg
949,"Cream Rahbhog",Veg
952,"Aloo Patties",Veg
953,"Corn Paneer Sub",Veg
954,"Achari Paneer Sub",Veg
955,"Aloo Patty Sub",Veg
956,"Schezwan Fried Rice",Veg
958,"Achari Paneer Wrap",Veg
959,"Chawla Saab Special Wrap",Veg
960,"Mexican Wrap",Veg
961,"Cheese Wrap",Veg
962,"Veg Wraps",Veg
963,"Paneer Tikka Wrap",Veg
964,"Peri Peri Magic Paneer Burger",Veg
965,"Corn Classic Burger",Veg
966,"Tandoori Burger",Veg
967,"Barbeque Burger",Veg
969,"Carrot Juice Seasonal",Veg
970,"Keenu Juice Seasonal",Veg
971,"Carrot Keenu Mix Juice Seasonal",Veg
972,"Watermelon Juice",Veg
973,"Sugarcane Juice",Veg
974,"Mosami Juice",Veg
975,"Orange Juice Seasonal",Veg
976,"Pineapple Juice",Veg
977,"Falsa Juice Seasonal",Veg
978,"Mosami Pineapple Mix Juice",Veg
979,"Mix Fruit Juice",Veg
980,"Alu Bhukhara Juice Seasonal",Veg
981,"Anar Mix Juice",Veg
982,"Guava Juice",Veg
983,"Apple Juice Seasonal",Veg
984,"Anar Pineapple Mix Juice",Veg
985,"Anar Mosami Mix Juice",Veg
986,"Anar Orange Mix Juice Seasonal",Veg
987,"Anar Juice",Veg
988,"Choco Banana Shake",Veg
989,"Rose Shake",Veg
990,"Mango Shake Seasonal",Veg
994,"Papaya Shake",Veg
995,"Vanila Ice Cream Shake",Veg
997,"Dalogona Coffee [Medium]",Veg
998,"Cheeku Shake Seasonal",Veg
1001,"Pincapple Milk Shake",Veg
1002,"Peanut Butter Shake",Veg
1003,"Kesar Badam Shake",Veg
1004,"Kesar Pista Shake",Veg
1005,"Kiwi Shake",Veg
1006,"Strawberry Banana Shake",Veg
1007,"Blueberry Shake",Veg
1008,"KitKat Shake",Veg
1010,"Snicker Shake",Veg
1011,"Dry Fruit Shake",Veg
1012,"Pan Milk Shake",Veg
1013,"Nutella Milk Shake",Veg
1014,"Otty Banana",Veg
1015,"Tangy Mango",Veg
1016,"Tangy Pineapple",Veg
1017,"Mango Breeze",Veg
1018,"Happy Tummy",Veg
1019,"Peanut Blast",Veg
1020,"Chia Shia",Veg
1021,"Cafe Mocha",Veg
1022,"Cucumber Crush",Veg
1023,"Kiwi Crush",Veg
1024,"Snickers Buzz",Veg
1025,"Red Dragon",Veg
1026,"Achari Paneer Sandwich",Veg
1027,"Chawlasaab Special Cheese Chilly Sandwich",Veg
1028,"Cold Sandwich",Veg
1029,"Grill Sandwich [Regular]",Veg
1030,"Hot & Spicy Sandwich",Veg
1031,"Corn Paneer Sandwich",Veg
1032,"Chawlasaab Special Sandwich",Veg
1033,"Makhni Maggi",Veg
1034,"Maggi [Regular]",Veg
1035,"Maggi Mint Flavour [Regular]",Veg
1036,"Mix Veg Maggi",Veg
1037,"Tandoori Maggi",Veg
1038,"Hot & Spicy Maggi",Veg
1039,"Cheese butter maggi",Veg
1040,"Chawlasaab Special Maggi",Veg
1041,"Achari Maggi",Veg
1042,"Makhni Pasta",Veg
1043,"Dry Pasta",Veg
1044,"Achari Pasta",Veg
1045,"Red Sauce Pasta",Veg
1046,"White Sauce Pasta",Veg
1047,"Mix Sauce Pasta",Veg
1048,"Peri Peri Masala Fries Large",Veg
1049,"French Fries Large",Veg
1050,"Spiral Potato",Veg
1051,"French Fries Small",Veg
1052,"Peri Peri Masala Fries Small",Veg
1053,"Vegetable Poha",Veg
1054,"Peri Peri Magic Corn",Veg
1055,"Butter Corn",Veg
1056,"Salt & Black Pepper Corn",Veg
1057,"Pudina & Green Chilli Corn",Veg
1058,"Nachos Salad",Veg
1059,"Corn Cheese Nachos",Veg
1060,"Sweet Lassi",Veg
1061,"Masala Lassi",Veg
1062,"Strawberry Lassi",Veg
1063,"Mango Lassi",Veg
1064,"Bubble Gum",Veg
1065,"Masala Lemonade",Veg
1070,"Chocolate Protein Shake",Veg
1071,"Vanilla Protein Shake",Veg
1072,"Cookies & Cream Protein Shake",Veg
1073,"Julie 2pc",Veg
1074,"Kulfi Simple 1pc",Veg
1075,"Spongy Rasgulla Per Pc",Veg
1076,"Faluda Rabri Per Glass",Veg
1077,"Kulfi Big 1 Pc",Veg
1078,"Badam Milk (200 Ml) Bottle",Veg
1079,"Cream Malai Mater",Veg
1080,"Mushroom Do Piaza",Veg
1086,"Kesar Paneer Do Piaza",Veg
1090,"Cheese Plinda",Veg
1092,"Mashroom Paneer Masala",Veg
1101,"Mater Do Piaza",Veg
1104,"Mushroom Mater",Veg
1109,"Mater Paneer",Veg
1110,"Cheese Butter Nandi",Veg
1114,"Butter Palak Mater",Veg
1119,"Dal Makhani (Maah Chana)",Veg
1120,"Aloo Gobhi",Veg
1123,"Karhi Pakora",Veg
1126,"Gobhi Masala",Veg
1127,"Bengan Bhartha Makhani",Veg
1128,"Soya Butter Chaap Gravy (Special)",Veg
1129,"Potato Onion Paratha",Veg
1130,"Mix Paratha",Veg
1131,"Cheese  Paratha",Veg
1132,"Garlic Paratha",Veg
1133,"Vegetabel Cream Raita",Veg
1134,"Russian Fruit Raita",Veg
1135,"Pineapple Raita",Veg
1136,"Cream Boondi Raita",Veg
1137,Curd,Veg
1138,"Butter Chappati",Veg
1139,"Missi Chappati",Veg
1140,"Plain Chappati",Veg
1141,"Churidaar Paratha",Veg
1142,"Butter Pin Mini Paratha",Veg
1143,"Cream Paratha",Veg
1145,"Buttter Naan",Veg
1147,"Butter Mini Paratha",Veg
1151,"Veg Pulav",Veg
1165,"Stuffed Golgappe",Veg
1166,"Papadi Chat",Veg
1167,"Dry Fruit Dahi Bhalla",Veg
1168,Kachori,Veg
1169,Rajbhog,Veg
1171,"Dal Handi",Veg
1172,"Dal Fry Yellow",Veg
1175,"Channa Masala",Veg
1180,"Jeera Aloo",Veg
1182,"Kaju Palak",Veg
1183,"Palak Corn",Veg
1184,"Corn Masala",Veg
1186,"Paneer Handi",Veg
1187,"Mutter Mushroom",Veg
1188,"Mutter Paneer",Veg
1189,"Methi Malai Mutter",Veg
1190,"Kadi Pakoda",Veg
1191,"Mushroom Kofta",Veg
1192,"Mushroom Masala",Veg
1193,"Palak Kofta",Veg
1194,"Achari Aloo",Veg
1199,Gravy,Veg
1201,"Veg  Pulav",Veg
1202,"Mix Veg",Veg
1204,"Aloo Mutter",Veg
1205,"Paneer Do Pyaza",Veg
1207,"Onion Salad",Veg
1208,"Fruit Cream Salad",Veg
1209,"Fruit Salad",Veg
1210,"Cream Cucumber Salad",Veg
1211,"Plain Rice",Veg
1212,"Jeera Rice",Veg
1213,"Plain Dahi",Veg
1214,"Boondi Raita",Veg
1215,"Pudina Raita",Veg
1217,"Fruits Raita",Veg
1218,"Mix Raita",Veg
1219,"Aloo Paratha",Veg
1220,"Onion Paratha",Veg
1221,"Cheese Paratha",Veg
1222,"Mix  Paratha",Veg
1225,"Plain Naan",Veg
1227,"Stuff Naan",Veg
1228,"Garlic Naan",Veg
1229,"Laccha Paratha",Veg
1230,"Missi Roti",Veg
1231,"Onion Roti",Veg
1232,"Dry Papad",Veg
1233,"Channa Chat",Veg
1234,"Channa Fry",Veg
1235,"Cheese Chilli Dry",Veg
1237,"Cheese Chowmein",Veg
1238,"Finger Chips",Veg
1239,"Manchurian Dry",Veg
1241,"Paneer Pakora",Veg
1242,"Spring Roll",Veg
1243,"Veg Noodles",Veg
1245,"Veg Finger (8 Pcs)",Veg
1246,"Cream Burger",Veg
1247,"Cheese Burger",Veg
1248,"Peanut Masala",Veg
1250,"Corn Chat",Veg
1251,"Tandoori Malai Chaap",Veg
1253,"Jeera Chaap",Veg
1254,"KFC Chaap",Veg
1256,"Tandoori Cheese Tikka",Veg
1257,"Tandoori Cheese Malai Tikka",Veg
1259,"Cheese Jeera",Veg
1260,"Lemon Cheese",Veg
1262,"Tandoori Chicken",Non-veg
1263,"Tandoori Chicken Afghani",Non-veg
1264,"Tandoori Chicken Kali Mirch",Non-veg
1265,"Tandoori Lemon Chicken",Non-veg
1266,"Tandoori Creamy Chicken",Non-veg
1267,"Tandoori Chicken Tikka",Non-veg
1268,"Chicken Malai Tikka",Non-veg
1269,"Chicken Kali Mirch Tikka",Non-veg
1270,"Tawa Chicken",Non-veg
1271,"Chicken Pakora",Non-veg
1272,"KFC Chicken",Non-veg
1273,"Jeera Chicken",Non-veg
1274,"Lemon Chicken",Non-veg
1275,"Chilli Chicken",Non-veg
1276,"Punjabi Chicken",Non-veg
1277,"Masala Chicken",Non-veg
1278,"Kadai Chicken",Non-veg
1279,"Butter Chicken",Non-veg
1280,"Chicken Do Pyaza",Non-veg
1281,"Rara Chicken",Non-veg
1282,"Pepper Chicken",Non-veg
1283,"Special Methi Malai Chicken",Non-veg
1284,Omelette,Non-veg
1285,"Egg Bhurji",Non-veg
1287,"Kheera Salad",Veg
1289,"Special Cacumber Salad",Veg
1292,"Peanut Raita",Veg
1293,"Dahi Tadka",Veg
1294,"Dahi Papdi",Veg
1296,"Kadai Chaap",Veg
1297,"Masala Chaap",Veg
1298,"Butter Chaap",Veg
1299,"Punjabi Chaap Tari",Veg
1300,"Cheese Methi Malai",Veg
1303,"Masala Paneer",Veg
1306,"Sin Paneer Roll",Veg
1307,"Dbl Paneer Roll",Veg
1308,"Sin Achari Paneer Roll",Veg
1309,"Dbl Achari Paneer Roll",Veg
1310,"Sin Paneer Malai Tikka Roll",Veg
1311,"Dbl Paneer Malai Tikka Roll",Veg
1312,"Sin Paneer Bhurji Roll",Veg
1313,"Dbl Paneer Bhurji Roll",Veg
1314,"Sin Shahi Paneer Roll",Veg
1315,"Dbl Shahi Paneer Roll",Veg
1316,"Sin Peri Peri Paneer Roll",Veg
1317,"Dbl Peri Peri Paneer Roll",Veg
1318,"Hot & Smoky Paneer Roll",Veg
1319,"Sin Afghani Chaap Roll",Veg
1320,"Dbl Afghani Chaap Roll",Veg
1321,"Sin Masala Chaap Roll",Veg
1322,"Dbl Masala Chaap Roll",Veg
1323,"Sin Achari Chaap Roll",Veg
1324,"Dbl Achari Chaap Roll",Veg
1325,"Sin Tandoori Chaap Roll",Veg
1326,"Dbl Tandoori Chaap Roll",Veg
1327,"Sin Chicken Roll",Non-veg
1328,"Dbl Chicken Roll",Non-veg
1329,"Sin Egg Sin Chicken Roll",Non-veg
1330,"Sin Egg Dbl Chicken Roll",Non-veg
1331,"Dbl Egg Sin Chicken Roll",Non-veg
1332,"Dbl Egg Dbl Chicken Roll",Non-veg
1333,"Sin Achari Chicken Roll",Non-veg
1334,"Dbl Achari Chicken Roll",Non-veg
1335,"Sin Chicken Seekh Roll",Non-veg
1336,"Dbl Chicken Seekh Roll",Non-veg
1337,"Sin Chicken Keema Roll",Non-veg
1338,"Dbl Chicken Keema Roll",Non-veg
1339,"Sin Chicken Malai Tikka Roll",Non-veg
1340,"Dbl Chicken Malai Tikka Roll",Non-veg
1341,"Sin Tandoori Chicken Roll",Non-veg
1342,"Dbl Tandoori Chicken Roll",Non-veg
1343,"Sin Chicken BBQ Roll",Non-veg
1344,"Dbl Chicken BBQ Roll",Non-veg
1345,"Sin Shahi Chicken Roll",Non-veg
1346,"Dbl Shahi Chicken Roll",Non-veg
1347,"Sin Peri Peri Chicken Roll",Non-veg
1348,"Dbl Peri Peri Chicken Roll",Non-veg
1349,"Hot & Smoky Chicken Roll",Non-veg
1350,"Sin Egg Roll",Non-veg
1351,"Dbl Egg Roll",Non-veg
1352,"Tripple Egg Roll",Non-veg
1353,"Egg Bhurji Roll",Non-veg
1354,"Sin Aloo Roll",Veg
1355,"Dbl Aloo Roll",Veg
1356,"Sin Tandoori Aloo Roll",Veg
1357,"Dbl Tandoori Aloo Roll",Veg
1358,"Sin Emly Aloo Roll",Veg
1359,"Dbl Emly Aloo Roll",Veg
1360,"Mexican Aloo Roll",Veg
1361,"Sin Veggie Roll",Veg
1362,"Dbl Veggie Roll",Veg
1363,"Sin Veg. Paneer Roll",Veg
1364,"Dbl Veg. Paneer Roll",Veg
1365,"Sin Egg Sin Aloo Roll",Non-veg
1366,"Sin Egg Dbl Aloo Roll",Non-veg
1367,"Dbl Egg Dbl Aloo Roll",Non-veg
1368,"Sin Egg Sin Veggie Roll",Non-veg
1369,"Sin Egg Dbl Veggie Roll",Non-veg
1370,"Dbl Egg Dbl Veggie Roll",Non-veg
1371,"Sin Egg Sin Paneer Roll",Non-veg
1372,"Sin Egg Dbl Paneer Roll",Non-veg
1373,"Dbl Egg Dbl Paneer Roll",Non-veg
1374,"Sin Egg Sin Chaap Roll",Non-veg
1375,"Sin Egg Dbl Chaap Roll",Non-veg
1376,"Dbl Egg Dbl Chaap Roll",Non-veg
1377,"Omelette (2 Eggs Butter)",Non-veg
1378,"Half Fry Egg (2 Eggs Butter)",Non-veg
1379,"Egg Bhurji (3 Eggs Butter)",Non-veg
1380,"Chicken Biryani",Non-veg
1381,"Veg Cheese Biryani",Veg
1383,"Dry Papad (1 Pc)",Veg
1384,"Fried Papad",Veg
1389,"Raita Mixed",Veg
1391,"Chana Chaat",Veg
1392,"Fish Curry",Non-veg
1393,"Fish Finger",Non-veg
1394,"Fish Fried",Non-veg
1395,"Fish Kfc Style",Non-veg
1396,"Lemon Fish Butter Sauce",Non-veg
1401,"Kfc Chicken",Non-veg
1402,"Cream Chicken",Non-veg
1403,"Methi Malai Chicken",Non-veg
1404,"Boiled chicken",Non-veg
1405,"Soya Chaap Chilli",Veg
1406,"Cheese Tikka",Veg
1407,"Cheese Malai Tikka",Veg
1409,"Soya Chaap Tandoori Masala",Veg
1410,"Soya Chaap Malai",Veg
1411,"Soya Chaap Kfc Style",Veg
1412,"Jeera Paneer",Veg
1413,"Patato Finger",Veg
1414,"paneer pakoda (plate)",Veg
1415,"soya chaap pakoda",Veg
1416,"Cheese finger",Veg
1417,"French fries",Veg
1418,"Chicken Tandoori",Non-veg
1419,"Chicken Tikka",Non-veg
1421,"Afghani Chicken Tandoori",Non-veg
1422,"Malai Tandoori Chicken",Non-veg
1423,"Special Tandoori Chicken",Non-veg
1424,"Egg Curry",Non-veg
1425,"Chicken Kali Mirch",Non-veg
1429,"Patiala Chicken",Non-veg
1430,"Curry Chicken",Non-veg
1431,"Keema Chicken",Non-veg
1434,"Chicken Gravy",Non-veg
1435,"Chicken Butter Gravy",Non-veg
1439,"Paneer Masala",Veg
1440,"Soya Chap Gravy",Veg
1441,"Cream Paneer",Veg
1442,"Kali Mirchi Paneer",Veg
1448,"Plain Paratha",Veg
1450,"Butterstoch Sundae",Veg
1451,"Vanilla Sundaer",Veg
1452,"Tutti Frutti",Veg
1453,"Mix Fruit Sundae",Veg
1454,"Paneer Pakoda Per Piece",Veg
1455,"Gobi De Pakoda 250 Gm",Veg
1456,"Mirche Pakorda Per Piece",Veg
1457,"Kulche Chole",Veg
1458,"Aloo Wale Bature 2 Piece",Veg
1459,"Dew 500 Ml",Veg
1460,"Pepsi 500 Ml",Veg
1461,"7 Up 500 Ml",Veg
1462,"Bread Paneer Pakorda",Veg
1463,"Paneer Pakorda",Veg
1464,"Aloo Tiki Pakorda",Veg
1465,"Paneer Wala Samosa",Veg
1466,"Chutney Wala Samosa",Veg
1467,"Paneer Samosa",Veg
1468,"Icecream Sandwich",Veg
1469,"Sugarfrere Keshar Pista Cup",Veg
1470,"Orange Candy",Veg
1471,"Rimple Cup",Veg
1472,"Choclate Sundae Cup",Veg
1473,"Choco Vanilla",Veg
1474,"Jullu Bar",Veg
1475,"Shahi Kulfi",Veg
1476,"Rasberry Dolly",Veg
1477,"Jumbo Mango Dolly",Veg
1478,"Turbo Dry Fruit Cone",Veg
1479,"Strawberry Cone",Veg
1480,"Rajwadi Cone",Veg
1481,"Real Orange Candy",Veg
1482,"Real Strawberry Candy",Veg
1483,"Real Aam Candy",Veg
1484,"Magic Cone",Veg
1485,"Special Kulfi",Veg
1486,"Dryfruit Kulfi",Veg
1487,"Blackforest Icecream",Veg
1488,"American Nuts Cup 120 Ml",Veg
1489,"Butterscotch Cup 90Ml",Veg
1490,"Vanilla Cup 120 Ml",Veg
1491,"Butterscotch Cone",Veg
1492,"Mawa Kulfi",Veg
1493,"Ice Cream Cup Tutty Futty",Veg
1494,"Ice Cream Cup Strawberry",Veg
1495,"Ice Cream Cup Vanilla",Veg
1496,"Milk Badam",Veg
1497,"Punjabi Pizza [9 Inches]",Veg
1498,"Our Special Pizza [9 Inches]",Veg
1499,"Fresh Veggie Pizza [9 Inches]",Veg
1500,"Veg Mexican Pizza [9 Inches]",Veg
1501,"Makhani Paneer Pizza [9 Inches]",Veg
1502,"Spicy Paneer Pizza [9 Inches]",Veg
1503,"Double Cheese Pizza [9 Inches]",Veg
1504,"Cheese Corn Pizza[9 Inches]",Veg
1505,"Mushroom Pizza[9 Inches]",Veg
1506,"Onion Pizza[9 Inches]",Veg
1507,"Tomato Pizza[9inches]",Veg
1508,"Margheritapizza[9 Inches]",Veg
1509,"Capsicum Pizza[9 Inches]",Veg
1510,"Achari Pizza [9 Inches]",Veg
1511,"Special King Size Burger",Veg
1512,"Tandoori Paneer Burger",Veg
1513,"Spicy Paneer Burger",Veg
1514,"Crunchy Cheese Burger",Veg
1515,"Tandoori Cream Noodles",Veg
1516,"King Size Veg Burger",Veg
1517,"Cream Noodles Burger",Veg
1518,"Achari Burger",Veg
1519,"Special Paneer Burger",Veg
1520,"Thousand Cream Noodales Burger",Veg
1522,"Cheese Chilli Burger",Veg
1524,"Aloo Tikki Paneer Burger",Veg
1526,"Mint Burger",Veg
1527,"Cream & Paneer Burger",Veg
1528,"Simple Burger",Veg
1529,"Aloo Tikki Burger Spical",Veg
1530,"Dry Fruit Stuffed Kulcha",Veg
1531,"Mushroom Stuffed Kulcha",Veg
1532,"Tandoori Stuffed Kulcha",Veg
1533,"Makhani Stuffed Kulcha",Veg
1534,"Stuff Kulcha",Veg
1535,"Noodles Kulcha",Veg
1536,"Paneer Stuffed Kulcha",Veg
1537,"Chole Tikki",Veg
1543,"Plain Noodles",Veg
1544,"Simple Patties",Veg
1546,"Cream Patties",Veg
1547,"Tandoori Patties",Veg
1548,"Paneer, Cream, Noodles Patties",Veg
1549,"Mix Veg Patties",Veg
1550,"Veg Burger + Cold Drink",Veg
1551,"Paneer Patties + Cold Drink",Veg
1552,"Tandoori Patties + Cold Drink",Veg
1553,"Cream Burger + Cold Drink",Veg
1554,"Aloo Finger Plate",Veg
1555,"Veg Finger",Veg
1556,"Plain Maggi",Veg
1557,"Salad Maggi",Veg
1558,"Butter Aloo Tikki Burger",Veg
1559,"Butter Paneer Burger",Veg
1560,"Butter Fried Burger",Veg
1562,"Grilled Sandwich",Veg
1563,"Bhalla Pappdi",Veg
1564,"Raj Bhog",Veg
1565,"Golgappe Suji (15 Piece)",Veg
1566,"Golgappe Aata (15piece)",Veg
1567,"Golgappe Dhahi Bhar Ke",Veg
1568,"Paneer Fingerss",Veg
1569,"Aaloo Fingerss",Veg
1570,"Paneer Fingers",Veg
1571,"Aaloo Fingers",Veg
1573,"Cheese Noodles",Veg
1576,"Cheese Chilli Full",Veg
1577,"Cheese Chilli Half",Veg
1579,"Sweet Corn Patties",Veg
1580,"Pizza Patties",Veg
1582,"Chole Bhature ( Only Sunday 11am To 1pm)",Veg
1583,"Tandoori Plain Roti",Veg
1589,"Chicken Pakoda",Non-veg
1590,"Chicken Kfc",Non-veg
1592,"Tandoori Afgani Chicken",Non-veg
1603,"Fish Pakoda",Non-veg
1605,"Fish Tandoori",Non-veg
1607,"Cheese Chilly",Veg
1610,"Shahi Panner",Veg
1611,"Kadai Panner",Veg
1614,"Panner Do Piaza",Veg
1616,"Tandori Chicken",Non-veg
1617,"Tari Chicken",Non-veg
1622,"Dahi Chicken",Non-veg
1623,"Chilly Chicken",Non-veg
1624,"Egg Bhurji [3 Egg]",Non-veg
1625,"Sweet Corn Masala",Veg
1629,"Dahi Raitta",Veg
1630,"Bhujia Masala",Veg
1633,"Veg Nuggets",Veg
1639,"Kfc Paneer",Veg
1642,"Chesse Tomato",Veg
1646,"Handi Panner",Veg
1647,"Cheese Mushroom",Veg
1649,"Tawa Roti",Veg
1650,"Tandori Roti",Veg
1653,"Tandori Spicy Masala",Non-veg
1654,"Afgani Chicken",Non-veg
1655,"Tandori Bonless Tikka",Non-veg
1656,"Tandori Malai Tikka",Non-veg
1657,"Pakora Chicken",Non-veg
1661,"Zeera Chicken",Non-veg
1663,"Handi Chicken",Non-veg
1670,"Non Veg Gravy",Non-veg
1672,"Egg Omlet [3 Egg]",Non-veg
1674,"Egg Omlette",Non-veg
1676,"Water Bottle",Veg
1677,Soda,Veg
1678,"Cold Drink",Veg
1679,"Ice Cube",Veg
1681,"Fresh Fruit Cake(900 Gms)",Veg
1682,"Blackforest Cake(900 Gms)",Veg
1683,"Butterscotch Cake(900 Gms)",Veg
1684,"Stuffed Kulcha",Veg
1685,"Cheese Kulcha",Veg
1686,"Tandoori Kulcha",Veg
1688,"Cheese Veg Burger",Veg
1689,"Malasa Fries",Veg
1690,"Cheesy Fries",Veg
1691,"Onion Pizza",Veg
1692,"Capsicum Pizza",Veg
1693,"Tomato Pizza",Veg
1695,"Veg Maggi",Veg
1696,"Cheesy Maggi",Veg
1698,"Banana Milk Shake",Veg
1700,"Grilled Patties",Veg
1702,"Mayonnaise Patties",Veg
1703,"Noodle Patties",Veg
1704,"Paneer Paties",Veg
1706,"Strawberry Cake (900 Gms)",Veg
1707,"Pineapple Cake (900 Gms)",Veg
1710,"Chocolate Cake(900 Gms)",Veg
1712,"Jelly Cake(900 Gms)",Veg
1713,"Vanilla Cake(900 Gms)",Veg
1717,"Tandoori Cheese Kulcha",Veg
1722,"Tandoori Cheese Burger",Veg
1723,"Salted Fries",Veg
1727,"Mini Pizza",Veg
1731,"Golden Corn",Veg
1732,"Veg Supreme",Veg
1739,"Potato Grilled Sandwich",Veg
1740,"Chilli Garlic Sandwich",Veg
1741,"Paneer Grilled Sandwich",Veg
1742,"Rose Milk Shake",Veg
1746,"Masala Fries",Veg
1748,"Cheese Fries",Veg
1749,"Veg Nuggets (8 Pcs)",Veg
1750,"Cheese Corn Triangles (6 Pc)",Veg
1751,"Cheese Pizza Fingers (6 Pc)",Veg
1752,"Chilly Garlic Potato (10 Pc)",Veg
1753,"Veg Momos Fried (6 Pc)",Veg
1754,"Veg Momos Steam (6 Pc)",Veg
1755,"Masala Momos Fried (6 Pc)",Veg
1756,"Masala Momos Steam (6 Pc)",Veg
1758,"Potato Wrap",Veg
1759,"Mix Veg Wrap",Veg
1760,"Stuffed Garlic",Veg
1761,"Plain Garlic",Veg
1762,"Cheese Garlic",Veg
1763,"Cheese And Corn Garlic",Veg
1764,"Onion And Cheese Garlic",Veg
1765,"5 Pepper Regular",Veg
1766,"5 Pepper Medium",Veg
1767,"5 Pepper Large",Veg
1768,"Deluxe Pizza Regular",Veg
1769,"Deluxe Pizza Medium",Veg
1770,"Deluxe Pizza Large",Veg
1771,"Picado Special Regular",Veg
1772,"Picado Special Medium",Veg
1773,"Picado Special Large",Veg
1774,"Butter Paneer Regular",Veg
1775,"Butter Paneer Medium",Veg
1776,"Butter Paneer Large",Veg
1777,"Spicy Paneer Regular",Veg
1778,"Spicy Paneer Medium",Veg
1779,"Spicy Paneer Large",Veg
1780,"Farm Fresh Regular",Veg
1781,"Farm Fresh Medium",Veg
1782,"Farm Fresh Large",Veg
1783,"Margarita Regular",Veg
1784,"Margarita Medium",Veg
1785,"Margarita Large",Veg
1786,"Flavoured Chess Pizza Regular",Veg
1787,"Flavoured Chess Pizza Medium",Veg
1788,"Flavoured Chees Pizza Large",Veg
1789,"Veggie Wonder Regular",Veg
1790,"Veggie Wonder Medium",Veg
1791,"Veggie Wonder Large",Veg
1792,"Fresh Veggie Regular",Veg
1793,"Fresh Veggie Medium",Veg
1794,"Fresh Veggie Large",Veg
1795,"Tandoori Paneer Regular",Veg
1796,"Tandoori Paneer Medium",Veg
1797,"Tandoori Paneer Large",Veg
1798,"Onion Regular",Veg
1799,"Tomato Regular",Veg
1800,"Capsicum Regular",Veg
1801,"Corn Regular",Veg
1802,"Onion And Capsicum Regular",Veg
1803,"Onion And Jalapeno Regular",Veg
1804,"Paneer And Onion Regular",Veg
1805,"Single Topping Pizza + 300ml Coke",Veg
1806,"Single Topping Pizza + Double Topping Pizza",Veg
1807,"Aloo Tikki Burger + Fries",Veg
1808,"Chocolate Shake + Veg Sandwich",Veg
1809,"Aloo Tikki Burger + Fries + 180 Ml Real Juice",Veg
1810,Tomato,Veg
1812,"Veg Manchow",Veg
1815,"Orange Sundae",Veg
1816,"Veg Delight",Veg
1817,"Mad Angles",Veg
1818,"Paneer Salad",Veg
1819,"Bubble Gum Shake",Veg
1820,Strawberry,Veg
1821,Banana,Veg
1822,Chocolate,Veg
1823,"Cherry Vanilla",Veg
1824,"Black Current",Veg
1825,"Butter Scotch",Veg
1827,"Oreo Cookies And Fresh Cream",Veg
1828,"Kit Kat",Veg
1829,"Peanut Butter",Veg
1830,"Kesar Badam",Veg
1831,"Mint Mojito",Veg
1833,"Cool Blue",Veg
1834,Meloneez,Veg
1835,"Paan Blast",Veg
1836,"Orange Malt",Veg
1837,Malt,Veg
1838,"Fresh Lime Soda",Veg
1843,"Water Melon Ice Tea",Veg
1844,"Cold Coffe",Veg
1846,"Cheese Corn",Veg
1847,"Spicy Cheese",Veg
1850,"Double Decker",Veg
1852,"Corn Sandwich",Veg
1853,"Veggie Loaded",Veg
1856,"Picado Special Sandwich (Double Decker)",Veg
1857,"Exotic Veggie Pasta In White Sauce",Veg
1858,"Exotic Veggie Pasta In Mix Sauce",Veg
1859,"Corn Special In Red Sauce",Veg
1860,"Corn Special In White Sauce",Veg
1861,"Corn Special In Mix Sauce",Veg
1862,"Schezwan Pasta In Red Sauce",Veg
1863,"Schezwan Pasta In Mix Sauce",Veg
1864,"Manchurian Dry (8 Pc)",Veg
1865,"Manchurian Gravy (6 Pc)",Veg
1866,"Paneer Manchurian (8 Pc)",Veg
1869,"Cheese Chilly With Gravy",Veg
1870,"Cheese Mushroom Chilly",Veg
1871,"Paan Ice Cream (120 Ml)",Veg
1872,"2 Rangi Candie Ice Cream",Veg
1873,"Cola Ice Lolly Ice Cream",Veg
1874,"Mango Ice Lolly Ice Cream",Veg
1875,"Lemon Ice Lolly Ice Cream",Veg
1876,"Orange Candie Ice Cream",Veg
1877,"Pista Ice Cream",Veg
1878,"Pineapple Ice Cream (425 Ml )",Veg
1879,"Straw Berry (425 Ml)",Veg
1880,"Mix Fruit Candy Ice Cream",Veg
1881,"Punjabi Kulfi",Veg
1882,"Muncher Crunchy Ice Cream",Veg
1883,"Raj Bhog Special Ice Cream",Veg
1884,"Shahi Koolfee Ice Cream",Veg
1885,"Butter Scotch Chocolate Ice Cream",Veg
1886,"Kesar Pista Ice Cream",Veg
1887,"Vanilla Strawberry Ice Cream",Veg
1888,"Mawa Malai",Veg
1889,"Rainbow Sundae",Veg
1890,"Almond Choco Bar Ice Cream55",Veg
1891,"Choco Twist Ice Cream",Veg
1892,"Choco Chrunch Ice Cream",Veg
1893,"Milky Bar Ice Cream",Veg
1894,"Strawberry Dolly Ice Cream",Veg
1895,"Mango Dolly Ice Cream",Veg
1896,"Khatta Meetha Aam Ice Cream",Veg
1897,"Black Currant Duet Ice Cream",Veg
1898,"Sharbati Duet Ice Cream",Veg
1899,"Chocoblock Cone",Veg
1900,"Butterscotoch Tub",Veg
1901,"Singnature Malti Tub 1 Litre",Veg
1902,"Balguinm Choclate Tub",Veg
1903,"Butterscotoch Tub 1litre",Veg
1904,"Cookie Sandwich",Veg
1905,"Anjir Sugerfree Tub",Veg
1906,"Matka Kulfi",Veg
1907,"Vanilla Sandwich Icecream",Veg
1908,"Suger Free Mawa Kulfi",Veg
1910,"Rimple Mix Falvoure Cup",Veg
1911,"Crunchy Chocobar",Veg
1912,"Sach Much Aam Ice Cream",Veg
1913,"Choclate Turbo Cone",Veg
1914,"Bourbon Cone",Veg
1915,"Strawberry Cone Big",Veg
1916,"Choco Vanilla Cone",Veg
1917,"Mango Sundae Cup",Veg
1918,"Capachino Cone",Veg
1919,"Kesar Cone",Veg
1920,"Mix Fruit Cone",Veg
1921,"Black Crrunt Cone",Veg
1922,"Pista Cone",Veg
1925,"Choclate Cone",Veg
1926,"Butter Scotch Cone",Veg
1928,"Rajbhog Cup",Veg
1929,"Keasr Pista Cup",Veg
1930,"Choco Browinee Sundae Cup",Veg
1931,"Chocalate Sundae",Veg
1932,"American Nuts Cup",Veg
1933,"Jumbo Vanilla Cup",Veg
1934,"Strawberry Cup",Veg
1935,"Vanilla Cup",Veg
1936,"Tutty Fruity Cup",Veg
1937,"Casata Slice",Veg
1939,"Jumbo Chocobar",Veg
1940,"Sethi Dryfruit Kulfi",Veg
1941,"Ice Cubes",Veg
1942,"Sethi Kulfi Plain",Veg
1943,"Mini Chocobar",Veg
1944,"Classic Chocobar",Veg
1945,"Jambo Mango Dolly",Veg
1946,"Rashberry Dolly",Veg
1947,"Vanilla Sundae",Veg
1950,"Tutti Frutti Sundae",Veg
1951,"Chole Bhature",Veg
1952,"Chole Kulche",Veg
1957,"Cream Noodles",Veg
1958,"Mushroom Noodles",Veg
1959,"Simple Maggi",Veg
1962,"Makhani Maggi",Veg
1963,"Cheese Maggi",Veg
1964,"Special Spicy Maggi",Veg
1965,"Cheese Corn Maggi",Veg
1967,"Garlic Maggi",Veg
1968,"Hot Coffee",Veg
1971,"Flavoured Cold Coffee",Veg
1972,"Ice Tea",Veg
1975,"Water Melon",Veg
1976,"Blue Curacco Mojito",Veg
1977,"Lime Soda",Veg
1978,"Beer Mocktail",Veg
1979,"Paan Mocktail",Veg
1981,Bubblegum,Veg
1982,"Dahi Bhalla (Per Plate)",Veg
1983,"Papadi (Per Plate)",Veg
1984,"Bhalla Papadi Mix",Veg
1988,"Cream Papad",Veg
1989,"Paneer Burzi",Veg
1992,"Sweet Corn Chaat",Veg
1993,"Makhani Stuff Kulcha",Veg
1994,"Tandoori Stuff Kulcha",Veg
1995,"Mushroom Stuff Kulcha",Veg
1996,"Dry Fruit Stuff Kulhca",Veg
1997,"Paneer Stuff Kulcha",Veg
1998,"Paneer Chaat",Veg
1999,"Paneer Dry Fruit Chaat",Veg
2001,"Dry Fruit Tikki",Veg
2004,"Buttercotch Shake",Veg
2008,"Chocolate with Hazelnut Shake",Veg
2013,"Green Apple Shake",Veg
2014,"Litchi Shake",Veg
2015,"Pista Shake",Veg
2016,"Aloo Pattis",Veg
2017,"Noodle Pattis",Veg
2018,"Cream Noodle Pattis",Veg
2019,"Tandoori Cream Noodle Pattis",Veg
2020,"1000 Noodles Cream Pattis",Veg
2021,"Makahni Cream Noodles Pattis",Veg
2026,"Veg Chilli Burger",Veg
2029,"Cruchy Cheese Burger",Veg
2030,"King Size Burger",Veg
2032,"Tandoori Cream Noodle Burger",Veg
2033,"Thousand Cream Noodles Burger",Veg
2034,"BBQ Burger",Veg
2037,"Special Corn Burger",Veg
2041,"Mushroom Sandwich",Veg
2044,"Corn Cheese Sandwich",Veg
2045,"Achari Sandwich",Veg
2046,"Cheese Corn  Patti",Veg
2047,"Makahni Patti",Veg
2048,"Tandoori Patti",Veg
2049,"Paneer Tikka Patti",Veg
2050,"Pasta Patti",Veg
2051,"Dry Fruit Patti",Veg
2052,"Mushroom Patti",Veg
2056,"Mix Veg Raita",Veg
2058,"Cheese Corn Garlic Bread",Veg
2059,"Double Cheese Garlic Bread",Veg
2060,"Special Garlic Bread",Veg
2061,"Achari Garlic Bread",Veg
2065,"Veg Fries",Veg
2066,"Garlic Pop (8 Pcs)",Veg
2067,"Cheese Corn Triangle (4 Pcs)",Veg
2068,"Cheese Pizza Finger (4 Pcs)",Veg
2069,"Cheese Ball (4 Pcs)",Veg
2070,"Cheese & Jalapeno Popper (4 Pcs)",Veg
2071,"Tomato Pizza Bread",Veg
2072,"Onion Pizza Bread",Veg
2073,"Capsicum Pizza Bread",Veg
2074,"Mushroom Pizza Bread",Veg
2075,"Cheese Corn Pizza Bread",Veg
2076,"Mix Veg Pizza Bread",Veg
2077,"Makhani Paneer Pizza Bread",Veg
2078,"Spicy Paneer Pizza Bread",Veg
2082,"Litchi Lassi",Veg
2083,"Pineapple Lassi",Veg
2084,"Black Currant Lassi",Veg
2085,"Kiwi Lassi",Veg
2086,"Pista Lassi",Veg
2087,"Sweet Corn",Veg
2090,"Mix Sandwich",Veg
2094,"Paneer Do Pyazza",Veg
2097,"Matar Paneer",Veg
2098,"Matar Mushroom",Veg
2099,"Choliya Mushroom",Veg
2100,"Malai Methi Matar",Veg
2101,"Aloo Matar",Veg
2102,"Aloo Tamatar",Veg
2104,"Gobhi Matar",Veg
2106,"Aloo Methi",Veg
2107,"Gajar Matar",Veg
2109,"Sarso Saag",Veg
2113,"Dal Moth Chana",Veg
2115,"Naan Masala",Veg
2116,"Paneer Naan",Veg
2119,"Paneer Paratha",Veg
2123,"Mix Roti",Veg
2124,"Saadi Roti",Veg
2127,"Pepsi Black Zero Ccalories Can",Veg
2132,"Tutti Fruitte Sundaed",Veg
2133,"Kuche Chole 2 Piece",Veg
2134,"Alloo Wqale Bature 2 Piece",Veg
2136,Dew,Veg
2138,"7up 500 Ml",Veg
2139,"Marinda 500 Ml",Veg
2140,"Mirchi Pakorda Per Piece",Veg
2141,"Gobi Pakorda 250gm",Veg
2142,"Aloo Tiki Pakoda'",Veg
2144,"Bread Panner Pakorda",Veg
2145,"Paneer Samosa Dahi Wala",Veg
2146,"Paneer Samosa Chutney Wala",Veg
2155,"Red Penne Pasta",Veg
2156,"White Penne Pasta",Veg
2157,"Mix Sauce Penne Pasta",Veg
2158,"Bbq Penne Pasta",Veg
2159,"Corn Penne Pasta",Veg
2160,"Makhani Penne Pasta",Veg
2161,"Cheese Corn Pattis",Veg
2162,"Makhani Pattis",Veg
2163,"Tandoori Pattis",Veg
2164,"Paneer Tikka Pattis",Veg
2165,"Pasta Pattis",Veg
2166,"Dry Fruit Pattis",Veg
2177,"Garlic Pop 8 Pieces",Veg
2178,"Cheese Corn Triangle 4 Pieces",Veg
2179,"Cheese Pizza Finger 4 Pieces",Veg
2180,"Cheese Ball 4 Pieces",Veg
2181,"Cheese & Jalapeno Popper 4 Pieces",Veg
2188,"Makhni Paneer Pizza Bread",Veg
2191,"Noodles Pattis",Veg
2193,"Tandoori Cream Noodles Pattis",Veg
2195,"Makhani Cream Noodles Pattis",Veg
2197,"Aloo Tikki",Veg
2198,"Vegg Burger",Veg
2205,"Tandoori Cream (Noodle Burger)",Veg
2206,"1000 Cream (Noodle Burger)",Veg
2207,"Bbq Burger",Veg
2210,"9' Margherita",Veg
2211,"9' Tomato",Veg
2212,"9' Onion",Veg
2213,"9' Capsicum",Veg
2214,"9' Mashroom",Veg
2215,"9' Cheese Corn",Veg
2216,"9' Double Cheese",Veg
2217,"9' Spicy Paneer",Veg
2218,"9' Makhni Paneer",Veg
2219,"9' Veg Mexican",Veg
2220,"9' Fresh Veggie",Veg
2221,"9' Our Special Pizza",Veg
2222,"9' Punjabi Pizza (Regular)",Veg
2237,"Caremal Coffee",Veg
2239,"Mint Majito",Veg
2242,"Blue Curoco Majito",Veg
2244,"Dahi Bhalla Per Plate",Veg
2245,"Pappadi Per Plate",Veg
2246,"Bhalla Pappadi Mix",Veg
2247,"Stuf Kullcha",Veg
2249,"Masala Pappad",Veg
2250,"Cream Pappad",Veg
2260,"Chocolate With Hazelnut",Veg
2262,"Kitkat Shake",Veg
2263,"Cold Club Sandwich",Veg
2264,"Com Cheese Sandwich",Veg
2266,"Schezwan Paneer Sandoich",Veg
2267,"Cheese Chilly Sandwich",Veg
2272,"Mushroom n Corn Pasta",Veg
2273,"Tandoori Cheese Bake Pasta",Veg
2274,"Corn Onion",Veg
2275,"Paneer Tikka",Veg
2276,"Double Cheese",Veg
2277,"Farm House",Veg
2278,"Makhani Veg Plaza",Veg
2279,"Mushrooms Cheese",Veg
2280,"Full Loaded Pizza",Veg
2282,"Shezwan Noodles",Veg
2283,"Chilli Corn Noodles",Veg
2290,"Strawbarry Shake",Veg
2292,"Browni Shake",Veg
2294,"Almond Shake",Veg
2299,"Veg Manchurian Dry",Veg
2300,"Crispy Corn",Veg
2301,"Cheese Chily Dry",Veg
2302,"Cheese Fingers",Veg
2303,"Honey Chilly Potato",Veg
2304,"Double Cheese Margherita",Veg
2305,"Fresh Veggie",Veg
2306,Margherita,Veg
2307,Farmhouse,Veg
2308,"Peppy Paneer",Veg
2309,"Mexican Green Wave",Veg
2310,"Indi Tandoori Paneer",Veg
2311,"Paneer Makhani",Veg
2312,"Achari Do Pyaza",Veg
2313,"Kadhai Paneer",Veg
2314,"Cheese n Tomato",Veg
2315,"Creamy Tomato Pasta Pizza - Veg",Veg
2316,"Moroccan Spice Pasta Pizza - Veg",Veg
2317,"Chicken Fiesta",Non-veg
2318,"Chicken Pepperoni",Non-veg
2319,"Chicken Dominator",Non-veg
2320,"Indi Chicken Tikka",Non-veg
2321,"Chicken Sausage",Non-veg
2322,"Creamy Tomato Pasta Pizza - Non Veg",Non-veg
2323,"Moroccan Spice Pasta Pizza - Non Veg",Non-veg
2324,"Non Veg Supreme",Non-veg
2325,"Pepper Barbecue Chicken",Non-veg
2326,"Non Veg Loaded",Non-veg
2327,"Paneer & Onion",Veg
2328,Cheesy,Veg
2329,Capsicum,Veg
2331,Onion,Veg
2332,"Roasted Chicken Wings Classic Hot Sauce",Non-veg
2333,"Chicken Meatballs Peri-Peri Seasoning",Non-veg
2334,"Chicken Meatballs Peri-Peri Sauce",Non-veg
2335,"Garlic Breadsticks",Veg
2336,"Chicken Parcel",Non-veg
2337,"Veg Parcel",Veg
2338,"Cheesy Jalapeno Dip",Veg
2340,"Taco Mexicana Non Veg",Non-veg
2341,"Potato Cheese Shots",Veg
2342,"Crinkle Fries",Veg
2343,"Brownie Fantasy",Veg
2344,"Butterscotch Mousse Cake",Veg
2345,"Burger Pizza - Classic Veg",Veg
2346,"Burger Pizza - Classic Non Veg",Non-veg
2347,"Burger Pizza - Premium Veg",Veg
2349,"Tomato Ketchup",Veg
2350,"Taco Mexicana Veg",Veg
2351,"Pepsi (500ml)",Veg
2352,"Mirinda (500ml)",Veg
2353,"Pepsi Black Can",Veg
2354,"7Up (500ml)",Veg
2355,"Mountain Dew (500ml)",Veg
2356,"Slice (350ml)",Veg
2357,"B Natural Alphonsos from Ratnagiri (300 ml)",Veg
2358,"B Natural Pink Guavas from Dakshin India (300 ml)",Veg
2359,"B Natural Mixed Fruit from Himalayas (300 ml)",Veg
2360,"Red Velvet Lava Cake",Veg
2361,"Paneer Tikka Stuffed Garlic Bread",Veg
2362,"Chicken Pepperoni Stuffed Garlic Bread",Non-veg
2363,"The Cheese Dominator",Veg
2364,"The 4 Cheese Pizza",Veg
2365,"Spiced Double Chicken",Non-veg
2366,"Chicken Maximus",Non-veg
2367,"The 5 Chicken Feast Pizza",Non-veg
2368,"Indo Fusion Chicken Pizza",Non-veg
2369,"Paneer Paratha Pizza",Veg
2370,"Chicken Keema Paratha Pizza",Non-veg
2371,"Couples Combo - Veg",Veg
2372,"Value Combo: 2 Garlic Breads",Veg
2373,"Value Combo: 2 Choco Lava Cake",Veg
2374,"Value Combo: 1 Garlic Bread and 1 Choco Lava Cake",Veg
2375,"Value Combo: 1 Regular Margherita and 1 Choco Lava Cake",Veg
2376,"Value Combo: 1 Regular Margherita and 1 Garlic Bread",Veg
2377,"Meal for 4: Farmhouse & Peppy Paneer Combo",Veg
2378,"Meal for 4: Indi Tandoori Paneer & Peppy Paneer Combo",Veg
2379,"Meal for 4: Veg Pizza Mania Party Combo",Veg
2461,"Paneer Tikka Masala",Veg
2462,"Paneer Butter Masala",Veg
2465,"Malai Kopta",Veg
2466,"Mashroom Do Pyaza",Veg
2468,"Paneer Jaipuri",Veg
2469,"Paneer Rarha",Veg
2470,"Patiala Veg",Veg
2471,"Navratan Korma",Veg
2472,"Mix Veg.",Veg
2473,"Sabji Panchratana",Veg
2474,"Methi Malai Mushroom",Veg
2475,"Methi Malai Mattar",Veg
2478,"Methi Aloo",Veg
2479,"Aloo Gobi Dry",Veg
2480,"Kashmiri Dum Aloo",Veg
2481,"Daal Makhni",Veg
2482,"Daal Fry",Veg
2483,"Yellow Daal",Veg
2484,"Daal Palak",Veg
2487,"Paneer Dilruba",Veg
2488,"Sham Savera",Veg
2493,"Kuchumber Salad",Veg
2494,"Russian Salad",Veg
2495,"Chinese Bhel",Veg
2496,"Paneer Hariyaali",Veg
2498,"Lasooni Paneer",Veg
2499,"Veg. Seekh Kabab",Veg
2502,"Lasooni Chaap",Veg
2504,"Afgani Chaap",Veg
2505,"Tandoori Aloo",Veg
2506,"Tandoori Roti",Veg
2514,"Onion Kulcha",Veg
2517,"Lacha Parantha",Veg
2518,"Mint Parantha",Veg
2519,"Aloo Parantha",Veg
2520,"Gobi Parantha",Veg
2521,"Paneer Parantha",Veg
2524,"Aloo Raita",Veg
2527,"Mix Fruit Raita",Veg
2528,"Masroom Chilly",Veg
2529,"Hara Bhara Kebab",Veg
2530,"Cheese Ball",Veg
2533,"Veg. Spring Roll",Veg
2534,"Honey Chilli Cauliflower",Veg
2538,"Peanut Kabab",Veg
2539,"Nest Roll",Veg
2540,"Dahi Kabab",Veg
2541,"Chana Chat",Veg
2542,"Fried Ghana Chaat",Veg
2543,"Aloo Chana Chaat",Veg
2545,"Masala Papd",Veg
2546,"Roasted Papad",Veg
2547,"Fried Raped",Veg
2548,"Corn Swined Papad",Veg
2549,"Cheese Pakora",Veg
2550,"Veg Pakora",Veg
2551,"Onion Pakora",Veg
2552,"Veg Cocktail Kebab",Veg
2553,"Cheese Cocktail",Veg
2558,"Gobi Manchurian Dry",Veg
2559,"Gobi Manchurian Gravy",Veg
2560,"Crispy Veg",Veg
2562,"Paneer Kathi Roll",Veg
2563,"Veg Kathi Roll",Veg
2565,"Plain Peanut",Veg
2567,"Egg Chilli",Non-veg
2568,"Boiled Egg.",Non-veg
2569,"Egg Oemlette",Non-veg
2571,"Half Fry",Non-veg
2572,"White Soas",Non-veg
2573,Maggi,Non-veg
2574,"Special Maggi",Non-veg
2576,"Malai Tikka",Non-veg
2577,"Hariyali Tikka",Non-veg
2578,"Lasooni Tikka",Non-veg
2579,"Reshmi Kabab",Non-veg
2580,"Chichen Achari",Non-veg
2582,"Seekh Kabab",Non-veg
2584,"Chicken Tangri Kabab",Non-veg
2585,"Jeery Merry",Non-veg
2586,"Mutton Kabab",Non-veg
2587,"Tandoori Platter",Non-veg
2588,"Tandoori Fish",Non-veg
2589,"Peshawari Chicken",Non-veg
2590,"Chilly Chicken Dry",Non-veg
2591,"Chicken 65",Non-veg
2592,"Garlic Chicken",Non-veg
2596,"Chicken Manchurian Dry",Non-veg
2597,"Garlic Fish",Non-veg
2598,"Lemon Fish",Non-veg
2600,"Fish Fry",Non-veg
2601,"Chilly Fish",Non-veg
2602,"Rarha Chicken",Non-veg
2603,"Chicken Tikka Masala",Non-veg
2604,"Chicken Curry",Non-veg
2606,"Chicken Korma",Non-veg
2610,"Methi Chicken",Non-veg
2611,"Chicken Chettinad",Non-veg
2612,"Avadhi Chicken",Non-veg
2613,"Multani Chicken",Non-veg
2614,"Mutton Masala",Non-veg
2615,"Mutton Rogan Josh",Non-veg
2616,"Methi Gosht",Non-veg
2620,"Lemon Rice",Veg
2621,"Peas Pulao",Veg
2622,"Kashmiri Pulao",Veg
2623,"Veg. Biryani",Veg
2625,"Mutton Biryani",Non-veg
2626,"Eco Sandwich",Veg
2627,Bombay-Sandwich,Veg
2628,"Jokar Sandwich",Veg
2629,"Cheese Sandwich",Veg
2630,"Pizza San Dwich",Veg
2635,"Sechzwan Noodles",Veg
2636,"Fried Rice",Veg
2637,"Sechzwan Rice",Veg
2638,Choupsey,Veg
2640,"Chicken Sechzwan",Non-veg
2641,"Chicken Hakka Noodles",Non-veg
2642,"Chicken Schezwan Noodles",Non-veg
2643,Masalrtfa,Veg
2644,"Ice Aa",Veg
2646,Coffee,Veg
2647,"Lemon Tea",Veg
2648,Redbull,Veg
2650,"Strawberry Milk Shake",Veg
2651,"Vanila Milk Shake",Veg
2652,"Chocoltate Milk Shake",Veg
2653,"Butteriscotch Milk Sake",Veg
2654,"Pista Milk Shake",Veg
2655,"Veg Thali",Veg
2656,"Veg Super Thali",Veg
2657,Rabdi,Veg
2658,Rajastani,Veg
2659,"Asli Aam",Veg
2660,Fanda,Veg
2661,Chocobar,Veg
2662,Mabamalai,Veg
2664,Chapati,Veg
2665,"Chudidar Paratha",Veg
2666,"Matar Pyaj Mini Paratha",Veg
2669,"Button Naan",Veg
2670,"Garlic Butter",Veg
2672,"Chudidar Lachedar Naan",Veg
2673,"Makki ki Roti",Veg
2676,"Matar Do Pyaza",Veg
2677,"Butter Temple Tomato",Veg
2679,"Mushroom Matar",Veg
2682,"Sarson Saag Makhani",Veg
2687,"Butter Palak Matar",Veg
2695,"Butter Chit Jeera",Veg
2704,"Badam Milk (200ml) Bottel",Veg
2707,"Julie 2 Pc",Veg
2710,"Sweet Corn Pizza",Veg
2711,"Veg Spl Pizza",Veg
2712,"Veg Tandori Pizza",Veg
2713,"Veg Mexican Pizza",Veg
2714,"Italian Pizza",Veg
2715,"Paneer Spl Pizza",Veg
2716,"Tometo Love Pizza",Veg
2717,"My Food Spl Pizza",Veg
2718,"Cheese Burst Pizza",Veg
2719,"Tandori Cheese Burst",Veg
2720,"Mexican Cheese Burst",Veg
2723,"Cheese Jam Sandwich",Veg
2724,"Chocolate Sandwich",Veg
2725,"Chocolate Cheese Sandwich",Veg
2726,"My Food Spl Sandwich",Veg
2727,"Regular French Fries",Veg
2728,"Peri Pari French Fries",Veg
2729,"Soucy French Fries",Veg
2731,"Veg Tikki Burger",Veg
2732,"Veg Cheese Burger",Veg
2733,"Veg Mexican Burger",Veg
2734,"Veg Tandori Burger",Veg
2735,"Aaloo Tikki Burger",Veg
2736,"My Food Zone",Veg
2739,"Plain Dahi 500gm",Veg
2740,"Kadi Pakora",Veg
2741,"Sahi Paneer",Veg
2744,"Soya Chaap",Veg
2745,"Matter Methi Malai",Veg
2747,"Matter Paneer",Veg
2748,"Beson Gatta",Veg
2750,"Veg. Gravy",Veg
2752,"Simple Chapati",Veg
2755,"Lachha Paratha",Veg
2756,"Stuff Paratha",Veg
2759,"Punjabi Tadka Burger",Veg
2760,"American Cream Burger",Veg
2761,"Mexican Punjabi Burger",Veg
2762,"Cheese Cream Burger",Veg
2764,"American Burger",Veg
2767,"Spring Rolls",Veg
2770,Noodles[full],Veg
2771,Noodles[half],Veg
2772,"Peri Peri French Fries",Veg
2773,"Peri Peri Potato Tornado",Veg
2774,"Potato Tornado Cream",Veg
2775,"Potato Tornado Salted",Veg
2778,"Cheese Corn Rolls",Veg
2779,"Veg Bullets",Veg
2780,"Methi Kebab",Veg
2786,"Daal Fry [Half]",Veg
2787,"Daal Fry Double Tadka Desi Ghee [Half]",Veg
2788,"Yellow Daal Tadka Desi Ghee [Half]",Veg
2789,"Daal Makhani [Half]",Veg
2790,"Kadi Pakora [half]",Veg
2791,"Shahi Paneer [Half]",Veg
2792,"Kadai Paneer [Half]",Veg
2793,"Cheese Tomato [Half]",Veg
2794,"Paneer Methi Malai [Half]",Veg
2795,"Paneer Butter Masala [Half]",Veg
2796,"Paneer Bhurji [Half]",Veg
2797,"Matar Paneer [Half]",Veg
2798,"Chana Paneer [Half]",Veg
2799,"Besan Gatta [Half]",Veg
2800,"Chana Masala [Half]",Veg
2801,"Soya Chaap [Half]",Veg
2802,"Veg Gravy [Half]",Veg
2803,"Matar Methi Malai [Half]",Veg
2804,"Malai Kofta [Half]",Veg
2805,"Palak Paneer [Half]",Veg
2806,"Daal Fry [Full]",Veg
2807,"Daal Fry Double Tadka Desi Ghee [Full]",Veg
2808,"Yellow Daal Tadka Desi Ghee [Full]",Veg
2809,"Daal Makhani [Full]",Veg
2810,"Kadi Pakora [Full]",Veg
2811,"Shahi Paneer [Full]",Veg
2812,"Kadai Paneer [Full]",Veg
2813,"Cheese Tomato [Full]",Veg
2814,"Paneer Methi Malai [Full]",Veg
2815,"Paneer Butter Masala [Full]",Veg
2816,"Paneer Bhurji [Full]",Veg
2817,"Matar Paneer [Full]",Veg
2818,"Chana Paneer [Full]",Veg
2819,"Besan Gatta [Full]",Veg
2820,"Chana Masala [Full]",Veg
2821,"Soya Chaap [Full]",Veg
2822,"Veg Gravy [Full]",Veg
2823,"Matar Methi Malai [Full]",Veg
2824,"Malai Kofta [Full]",Veg
2825,"Palak Paneer [Full]",Veg
2830,"Masala Lachha Paratha",Veg
2834,"Tandoori Plain Paratha",Veg
2835,"Tandoori Butter Paratha",Veg
2836,"Tandoori Aloo Paratha",Veg
2837,"Tandoori Onion Paratha",Veg
2838,"Tandoori Paneer Paratha",Veg
2839,"Tandoori Mix Paratha",Veg
2840,"Butter Naan with Gravy",Veg
2841,"1 Cheese Bhurji + 1 Tawa Chapati with Butter",Veg
2842,"1 Shahee Paneer +  1 Tawa Chapati with Butter",Veg
2843,"4 Chapati+mattar Paneer+salad+chutny",Veg
2844,"4 Chapati+bundi Raita+salad+chutny",Veg
2845,"4 Chapati+yellow Dal+salad+chutny",Veg
2846,"4 Chapati+dry Subji+salad+chutny",Veg
2847,"4 Chapati+kadi Pakoda+salad+chutny",Veg
2848,"4 Chapati+dal Fry+salad+chutny",Veg
2849,"Packing Food",Veg
2856,"Cheese Bhurji",Veg
2857,"Yellow Dal (Moong Masoor)",Veg
2858,"Aaloo Mattar",Veg
2861,"Pudina Boondi Raita",Veg
2862,"Tawa Chapati with Butter",Veg
2863,"Tawa Chapati without Butter",Veg
2864,"Aloo Pyaza Mix Paratha with Dahi",Veg
2865,"Paneer Paratha with Dahi",Veg
2866,"Pizza Mini",Veg
2867,"Pizza Regular",Veg
2868,"Simple Paratha",Veg
2869,"Namak Mirch Paratha",Veg
2870,"Aloo Stuffed Paratha",Veg
2871,"Gobi Stuffed Paratha",Veg
2872,"Mix Stuffed Paratha",Veg
2874,"Aloo Pyaza Paratha",Veg
2875,"Paneer Stuffed Paratha",Veg
2876,"Aloo Cheese Paratha",Veg
2877,"Paneer Cheese paratha",Veg
2878,"Mix Cheese Paratha",Veg
2879,"Special Thali",Veg
2880,"Simple Thali",Veg
2881,"Tandoori Chapathi",Veg
2883,"Tawa Chapati",Veg
2884,"Premium Veg Thali (Heignic Seal Pack)",Veg
2885,"Premium Veg Thali (Heignic Seal Pack)-1",Veg
2886,"Regular Veg Thali [Heignic Seal Pack]",Veg
2888,"Dry Sabji",Veg
2889,"Veg Chowmin",Veg
2890,"Cheese Chowmin",Veg
2891,"Veg Grield Sandwich",Veg
2893,"Cheese Corn Sandwich",Veg
2894,"Cheese Chilli Sandwich",Veg
2895,"Cream Noodle Burger",Veg
2897,"Punjabi Tadka Maggi",Veg
2900,"Batura Full Palte",Veg
2901,"Chhole Rice Full Plate",Veg
2902,"Atta Golgappa 12 Piece",Veg
2903,"Suji Golgappa 12 Piece",Veg
2904,"Chhole Bhature",Veg
2905,"Chhole Bhature 2 Plate",Veg
2908,"Chole Patties",Veg
2909,"Simple Kulcha",Veg
2910,"Noodles Kucha",Veg
2911,"Chole Kulcha",Veg
2913,"Noodles Cream Burger",Veg
2915,"Tikki Noodles Burger",Veg
2927,"Aloo Tiki Burger",Veg
2933,"Allo Finger Half",Veg
2935,"Samosa with Chinaa",Veg
2936,"Allo Pattie",Veg
2937,"Noodle Pattie",Veg
2938,"Paneer Pattie",Veg
2940,"Papita Shake",Veg
2941,"Lemon Soda",Veg
2942,"Jeera Soda",Veg
2943,"Mineral Water",Veg
2945,"Sapanji Rasgulla (Per Pc)",Veg
2946,Dhoda,Veg
2949,"Moti Chur Ladoo",Veg
2951,Burfi,Veg
2952,"Mandakani Burfi",Veg
2953,"Pastry (Per Pc)",Veg
2955,"Chana Bhatura",Veg
2956,"Tikki With Chana (1 Pc)",Veg
2957,"Samosa Without Chana (Per Pc)",Veg
2959,"Onion Parantha",Veg
2960,"Paneer Pakora (Per Pc)",Veg
2961,"Masala Patties",Veg
2962,"Cheese Patties",Veg
2963,"Cheese Fry",Veg
2967,"Grill Sandwich",Veg
2970,"Punjabi Burger",Veg
2971,"Bread Pakora",Veg
2973,"Breakfast (2 Parantha + Dahi + Chana)",Veg
2974,"Atta  Biscuit",Veg
2982,"Cheese Dosa",Veg
2985,"Haka Noodles",Veg
2986,"Veg Pizza",Veg
2987,"Cheese Pizza",Veg
2992,"Zeera Rice",Veg
2994,"Shai Paneer",Veg
2996,"Paneer Punjabi",Veg
2997,Thali,Veg
3003,"Missi Butter Roti",Veg
3004,"Plain Pastries",Veg
3005,"Bakery Biscuit",Veg
3006,"Cake 1 Pond",Veg
3007,"Cake 2 Pond",Veg
3008,"Tikki Without Channa",Veg
3009,"Tikki With Channa",Veg
3014,"Simple Pettige",Veg
3016,"Stuff Golgappa",Veg
3017,"Paani Puri 12 Pcs",Veg
3020,"Chat Papadi",Veg
3021,"Frankie Special Aloo Roll",Veg
3022,"Tandoori Aloo Roll",Veg
3023,"Single Egg Aloo Roll",Non-veg
3024,"Fankie special Veg Roll",Veg
3025,"Veg Paneer Roll",Veg
3026,"Frankie Special Paneer Roll",Veg
3027,"Paneer Makhni Roll",Veg
3028,"Kadhai Paneer Roll",Veg
3030,"Achari Paneer Roll",Veg
3031,"Paneer Malai Tikki Roll",Veg
3032,"Paneer Bhurji Roll",Veg
3033,"Afghani Chaap Roll",Veg
3034,"Tandoori Chaap Roll",Veg
3035,"Fried Chicken Roll",Non-veg
3036,"Chicken Sausage Roll",Non-veg
3037,"Chicken Salami Roll",Non-veg
3039,"Egg Chicken Roll",Non-veg
3040,"Chicken Seekh Roll",Non-veg
3041,"Tandoori Chicken Roll",Non-veg
3043,"Plain Roti",Veg
3048,"Aloo Naan",Veg
3050,"Chur Chur Naan",Veg
3052,"Lachha Parantha",Veg
3053,"Pudina Parantha",Veg
3056,"Gobhi Parantha",Veg
3057,"Yellow Dal",Veg
3058,"Dal Makhni",Veg
3060,"Aloo Gobhi Masala",Veg
3062,"Palak Kofta [Full]",Veg
3063,"Chole Rawalpindi [Full]",Veg
3064,"Spl Rajma Masala",Veg
3065,"Spl. Mashroom Masala",Veg
3067,"Paneer Korma",Veg
3072,"Paneer do Pyaza",Veg
3074,"Aloo Dum [Full]",Veg
3075,"Paneer Pasanda [Full]",Veg
3076,"Jeera Aloo [Full]",Veg
3077,"Dal Makhni, Shahi Paneer, Mix Veg, Mix Raita, Jeer Rice, 2 Butter Roti, Salad, Papad & Sweets",Veg
3078,"Dal Makhni, Butter Chicken, Mix Veg, Mix Raita, Jeer Rice, 2 Butter Roti, Salad, Papad & Sweets",Non-veg
3082,"Cheese Tamatar",Veg
3085,"Shahi Kofta",Veg
3089,"Choliya Paneer",Veg
3096,"Bharwa Aloo",Veg
3097,"Bharwa Tamatar",Veg
3100,"Gajar Methi",Veg
3103,"Keema Ghobi",Veg
3107,"Dal moth Chana",Veg
3113,"Fresh Orange Juice [Large]",Veg
3114,"Pineapple Squeeze [Large]",Veg
3115,"Mix Fruit Juice [Large]",Veg
3116,"Carrot Juice [Large]",Veg
3117,"Carrot & Orange Mix Juice [Large]",Veg
3118,"Add On Fruit Slices [Large]",Veg
3119,"Mint Mojito Lemoneez [Large]",Veg
3120,"Blue Mint Mojito [Large]",Veg
3121,"Muscle Banana",Veg
3122,"Paradise Papita",Veg
3123,"Chikoo Punch Shake",Veg
3124,"Light Weight Pineapple",Veg
3125,"Add On Fruit Slices",Veg
3126,"Add On Ice Cream",Veg
3127,"Berry Berry Strawberry",Veg
3128,"Nutty Butter Scotch",Veg
3129,"Chocolate Blast Nutela Shake",Veg
3131,"Crunchy Oreo Shake",Veg
3133,"Pizza Pocket [8 pc]",Veg
3135,"Cheese French Fries",Veg
3136,"Noodles Spring Roll",Veg
3137,"Steam Momos [10 pc]",Veg
3138,"Fryed Momos [10 pc]",Veg
3139,"Air Fryed Momos",Veg
3141,"Singapore Noodles",Veg
3145,"Aloo Tikki & Veggie Burger",Veg
3146,"Aloo Tikki Cheese Burger",Veg
3147,"Pizza Burger",Veg
3148,"Paneer Tikki & Veggie Burger",Veg
3149,"Signature Maharaja Burger",Veg
3150,"Paneer Maharaja Burger",Veg
3151,"Masala Maggi",Veg
3152,"Butter & Pepper Maggi",Veg
3154,"Cheese Slice Maggi",Veg
3155,"Cheese & Corn Maggi",Veg
3156,"White Sauce Pasta [Full]",Veg
3157,"Red Sauce Pasta [Full]",Veg
3158,"Pink Sauce Pasta [Full]",Veg
3160,"Traveling Sandwich",Veg
3161,"Nutela Sandwich",Veg
3162,"Peanut Butter Sandwich",Veg
3164,"Italian Corn Sandwich",Veg
3165,"Pizza Sandwich",Veg
3166,"Paneer & Corn Sandwich",Veg
3168,"Mumbai All in 1 Sandwich",Veg
3169,"Garlic Bread",Veg
3170,"Garlic Bread & Cheese",Veg
3172,"Aloo Tikki Veggie Burger & Any 1 Moctail",Veg
3173,"Paneer Tikki Burger & Any 1 Moctail",Veg
3174,"Aloo Tikki Maharaja Burger & Any 1 Moctail",Veg
3175,"Paneer Tikki Maharaja Burger & Any 1 Moctail",Veg
3176,"Pizza Combo 1",Veg
3177,"Pizza Combo 2",Veg
3178,"Pizza Combo 3",Veg
3179,"Cheese & Corn Pizza",Veg
3180,"Cheese & Onion Pizza",Veg
3181,"Cheese & Tomato Pizza",Veg
3182,"Cheese & Capsicum Pizza",Veg
3183,"Cheese & Red Peprika Pizza",Veg
3184,"Cheese & Pineapple Pizza",Veg
3185,"Cheese & Paneer Pizza",Veg
3186,"Cheese & Jalepeno Pizza",Veg
3187,"Cheese & Cheese Pizza",Veg
3188,"White Sauce Pasta On Pizza",Veg
3189,"Red Sauce Pasta On Pizza",Veg
3190,"Mix Sauce Pasta On Pizza",Veg
3191,"Farm Villa Pizza",Veg
3193,"Veggi Paradise Pizza",Veg
3194,"Cheese Overload Pizza",Veg
3195,"Heart Attack Pizza",Veg
3196,"Veg Roasted Burger",Veg
3197,"Paneer Roasted Burger",Veg
3198,"Jumbo Veg Burger",Veg
3199,"Jumbo Chicken Burger",Non-veg
3200,"Desi Aloo Tikki Wrap",Veg
3202,"Red Sauce Penne Pasta",Veg
3203,"White Sauce Penne Pasta",Veg
3209,"Banana Shake with Peanut Butter",Veg
3210,"Protien Shake with Peanut Butter Fully Loaded",Veg
3211,"Bubblegum Shake",Veg
3214,"Veg Sub",Veg
3215,"Chicken Sub",Non-veg
3217,"Butter Cheese Burger",Veg
3222,"Golgappe (Suji) (15pcs)",Veg
3223,"Golgappe (Aata) (20pcs)",Veg
3224,"Golgappe (Dahi Bhar Ke)",Veg
3225,"Paneer Fingers (20pcs)",Veg
3226,"Paneer Fingers  (Half)",Veg
3227,"Aaloo Fingers  (Full)",Veg
3228,"Aaloo Fingers  (Half)",Veg
3229,"Momos Cheese (12pcs)",Veg
3232,"Manchurian (Dry)",Veg
3233,"Manchurian (Gravy)",Veg
3234,"Cheese Chilly (Full)",Veg
3235,"Cheese Chilly (Half)",Veg
3238,"Idli  (2pcs)",Veg
3239,"Uttapam  (1)",Veg
3240,"Dhokla  (Half Kg)",Veg
3242,"Sweetcorn Patties",Veg
3245,"Cream Fruit Salad  (Full Plate)",Veg
3246,"Real Juice Glass",Veg
3249,"Mamkeen Lassi",Veg
3255,"Cheese Thai Crispy (3 Pcs)",Veg
3256,"Soya Cheese Thai Crispy (3 Pcs)",Veg
3258,"Soya Lemon Finger",Veg
3267,"Cheese + Cream Burger",Veg
3268,"Mix Pakora",Veg
3270,"Sweet Corn Up",Veg
3271,"Butter Sweet Corn",Veg
3273,"Cheese Masala Tikka",Veg
3274,"Cheese Tikka Sazuke",Veg
3275,"Cheese Tikka Mint Flavour",Veg
3276,"Dry Soya Malai Chap",Veg
3277,"Dry Soya Masala Chap",Veg
3286,"Zeera Aloo",Veg
3292,"Paneer Pasanda",Veg
3293,"Paneer Shahi Korma",Veg
3295,"Paneer Methi Malai",Veg
3298,"Methi Malai Matar",Veg
3308,"Sarson Ka Saag (Seasonal)",Veg
3310,"Vasan Gatta (Only Sunday)",Veg
3316,"Fruit  Salad",Veg
3317,"Fruit Cucumber Salad",Veg
3322,"Cheese Biryani",Veg
3330,"Butter Chatpati",Veg
3332,"Butte Naan",Veg
3335,"Lachcha Paratha",Veg
3340,"Stuff Culcha",Veg
3362,"Chk Southern Spice",Non-veg
3376,"Cheese & Corna",Veg
3378,"Queen Margherita",Veg
3379,"Veggie Garden",Veg
3380,"Corn & Olive",Veg
3381,"Farm Fresh",Veg
3382,"Paneer Bingo",Veg
3383,"Mexican Pizza",Veg
3384,"The Lord Of Cheese",Veg
3386,"Garlic Exotica",Veg
3387,"Grills Special",Veg
3390,"Grilled Chicken Pizza",Non-veg
3391,"Chicken Kebab Pizza",Non-veg
3392,"Chicken Makhani Pizza",Non-veg
3393,"Peri Peri Chicken Pizza",Non-veg
3394,"Chicken Monster Pizza",Non-veg
3395,"Any Topping",Veg
3396,"Extra Cheese",Veg
3397,"Cheese Burst Base",Veg
3419,"Chicken Strips [3pc]",Non-veg
3420,"Chicken Leg [2pc]",Non-veg
3421,"Chicken Wings [6pc]",Non-veg
3423,"Peri Peri Chk Popcorn",Veg
3424,"Butter Chk Popcorn",Veg
3434,Pops,Non-veg
3439,"Ice Cream Scoop",Veg
3445,"Cheese Stuff Kulcha",Veg
3446,"Stuffed Kulcha + 300 Ml Frooti",Veg
3447,"Stuff Kulcha + Full Plate Noodles",Veg
3448,"Stuff Kulcha+ Thumsup 750ml",Veg
3449,"Cold Sandwich + Stuffed Kulcha + Britania Shake",Veg
3452,"Cheese Slice Burger",Veg
3453,"Mccain Burger",Veg
3454,"Mccain Cheese Burger",Veg
3455,"Mccain Cheese Slice Burger",Veg
3457,"Mccaain Makhani Burger",Veg
3459,"Cheese Stuffed Kulcha",Veg
3460,"Cheese Slice Stuffed Kulcha",Veg
3463,"Grilled Stuff Kulcha",Veg
3466,"Veg Chow mein",Veg
3467,"Veg Cheese Pizza",Veg
3468,"Tandoori Grilled Sandwich",Veg
3471,"Tropicana Juice (200 ml)",Veg
3472,"Baritania Shake",Veg
3477,"Lemon Chaap",Veg
3480,"Garlic Chaap",Veg
3481,"Haryali Chaap",Veg
3489,"Chilli Patato",Veg
3491,"Veg Chowmein",Veg
3492,"Veg Hakka Chowmein",Veg
3494,"Singapure Chowmein",Veg
3495,"Mix Chowmein",Veg
3496,"Chaap Chowmein",Veg
3497,"Club Sandwich",Veg
3499,"Jumbo Cheese Sandwich",Veg
3500,"Jumbo Cheese Corn Sandwich",Veg
3501,"Jumbo Tandoori Sandwich",Veg
3504,"6' Punjabi Pizza",Veg
3505,"Veggie Burger",Veg
3507,"Grilled Burger",Veg
3511,"Veggie Maggi",Veg
3512,"Spicy Maggi",Veg
3515,"Sweet Corn Maggi",Veg
3516,"Masala Penne Pasta",Veg
3519,"Punjabi Penne Pasta",Veg
3522,"Pasta Patties",Veg
3524,"Stuff Paneer Kulcha",Veg
3526,"Nikku Special Cheese Kulcha",Veg
3528,"Macan Smiley (10 Pcs)",Veg
3529,"Cheese Choots",Veg
3530,"Veggie Pizza Pocket (4 Pcs)",Veg
3531,"Garlic Chilli Patato Tikki (4 Pcs)",Veg
3539,"Dahi Puri (6 Pcs)",Veg
3542,"Potato Fries",Veg
3545,"Noodle Burger",Veg
3546,"Veg Grilled Burger",Veg
3547,"Grilled Paneer Burger",Veg
3549,"Sweet Corn Burger",Veg
3550,"Veg Maharaja Burger",Veg
3551,"White Sauce Penne Pasta (Alfredo)",Veg
3556,"Egg Maggi",Non-veg
3559,"Noodel Patties",Veg
3560,"Cheese Corn Patties",Veg
3561,"Spring Roll Per Piece",Veg
3563,Bread,Veg
3564,"Aloo Tikki [60grams]",Veg
3565,"Mirchi Pakoda [60grams]",Veg
3567,"Panner Noodles",Veg
3568,"Egg Noodles",Non-veg
3571,"Noodles Mix Burger",Veg
3572,"Dahi Bhalla (2 Pcs)",Veg
3573,"Bhalla Papdi (2 Pcs)",Veg
3574,"Raj Bhog (Per Pc)",Veg
3582,"Mix Noodles Patties",Veg
3583,"Sagar's Special Patties",Veg
3584,"Butter Chole Kulcha",Veg
3585,"Noodle Mix Kulcha",Veg
3586,"Sagar's Special Kulcha",Veg
3587,"Golgappa Atta (20 Pcs)",Veg
3588,"Golgappa Suji (20 Pcs)",Veg
3589,"Red sounce Pasta",Veg
3590,Macroni,Veg
3594,"Aloo Tikki (2 Pcs)",Veg
3595,"Special Dry Fruit Tikki (2 Pcs)",Veg
3596,"Chocolate Cake (500 Grams)",Veg
3597,"Red Velvet Cake",Veg
3598,"Pineapple Cake 500(grams)",Veg
3599,"Almond Raisin Cake (500grams)",Veg
3600,"Vanilla Chocolate(500grams)",Veg
3601,"Butter Aaloo Tikki Burger",Veg
3607,"Golgappe [Suji] [15pcs]",Veg
3608,"Golgappe [Aata] [15pcs]",Veg
3609,"Golgappe [Dahi Bhar ke]",Veg
3612,"Manchurian [Dry]",Veg
3613,"Manchurian [Gravy]",Veg
3614,"Cheese Chilly [Full]",Veg
3615,"Cheese Chilly [Half]",Veg
3618,"American Patties",Veg
3619,"Ultimate Patties",Veg
3620,"Hot Spices Patties",Veg
3621,"Chapatti Patties",Veg
3622,"Thai Patties",Veg
3625,"Aaloo Paratha",Veg
3626,"Pyaz Paratha",Veg
3641,Bharta,Veg
3642,"Besan Gatte",Veg
3644,"Aloo Mattar",Veg
3645,"Mixed Vegetable",Veg
3647,"Chana Paneer",Veg
3648,"Kadahi Paneer",Veg
3664,"Onion Mini Parantha",Veg
3666,"Dal Yellow",Veg
3680,"Paneer Do Pyaaza",Veg
3683,"Pain Chapati",Veg
3689,"Lachaa Paratha",Veg
3695,"Kachori 2 Pcs",Veg
3696,"Dahi Kachori",Veg
3697,"Hot Samosa 2 Pcs",Veg
3698,"Real Badam Milk",Veg
3700,"Aalu Bonda",Veg
3701,"Bread Pakoda 2 Pc",Veg
3702,"8' Plain Cheese Pizza",Veg
3703,"8' Mixed Veg Pizza",Veg
3704,"8' Cheese Corn Pizza",Veg
3705,"Family Treat",Veg
3706,"Single Treat",Veg
3707,"Triple Treat For 3",Veg
3708,"Kachori 1 Pc",Veg
3711,"Hot Samosa 1",Veg
3712,"Smalll Onion Samosa 7 Pcs",Veg
3714,"Rings ( Chakodi )  100gms",Veg
3715,"Namkeen Boondi 100 Gms",Veg
3716,"Namkeen Boondi 250 Gms",Veg
3717,"Mixture Namkeen 150 Gms",Veg
3719,"Badam Milk With Butterscotch Ice Cream",Veg
3720,"Cream Bun",Veg
3721,"Milk Toast  250gm",Veg
3722,"Elichi Toast 250gm",Veg
3723,"Khari 150 Gm",Veg
3724,"Dil Khush",Veg
3725,"Salted Chips  60 Gms",Veg
3726,"Salted Chips 120 Gms",Veg
3727,"Spicy Chips  60 Gms",Veg
3728,"Spicy Chips 120 Gms",Veg
3729,"Butter Toast  250 Gm",Veg
3730,"Diet Coco Cola Tin",Veg
3731,"Water Bottle 1ltr",Veg
3732,"Predator Energy Drink",Veg
3733,"Cool Water Pkts 10",Veg
3735,"Water Bottle 2ltr",Veg
3736,"Ice Water Packet  5 Pkt",Veg
3737,"B Fizz Tin  250 Ml",Veg
3738,"Paneer Puff",Veg
3739,"Curry Puff 2 Pcs",Veg
3740,"Mayonnaise Curry Puffs",Veg
3741,"Mayonnaise Paneer Puff",Veg
3742,"Curry Puff 1 Pcs",Veg
3743,"Snacker Burger Veg",Veg
3744,"IFC Special Burger Veg",Veg
3745,"Zinger Burger Veg",Veg
3746,"Manchurian Burger",Veg
3747,"IFC Special Burger",Non-veg
3748,"Snacker Burger",Non-veg
3749,"Zinger Burger",Non-veg
3750,"Hot Wings",Non-veg
3751,"Korean Wings",Non-veg
3752,"Hot and Crispy",Non-veg
3753,Korean,Non-veg
3754,Masala,Non-veg
3755,"Hot and Crunchy (8 Pcs)",Non-veg
3756,"Masala Fry (8 Pcs)",Non-veg
3757,"Chicken IFC Box",Non-veg
3758,"Veg IFC Box",Veg
3759,"IFC Special Garlic Bread",Veg
3760,"Crunchy Chicken",Non-veg
3761,"Lemon Blue",Veg
3764,"Red Storm",Veg
3766,"Chilli Popcorn",Veg
3768,Fingers,Veg
3769,Popcorn,Non-veg
3770,"American Hot Pizza",Veg
3771,"9' Fresh Veggie Special Pizza",Veg
3772,"Monalisa Pizza",Veg
3774,"Picasso Pizza",Veg
3776,"American Hhot",Veg
3777,"Simply Veg",Veg
3778,"Veg Manchuria",Veg
3782,"Veg Manchuria Rice",Veg
3783,"Double Egg Chicken Noodles",Non-veg
3784,"Double Egg Noodles",Non-veg
3787,"Egg Fried Rice",Non-veg
3789,"Chicken Noodles",Non-veg
3792,"Fried Rice Veg",Veg
3793,"Manchurian Noodles Non Veg",Non-veg
3794,"Schezwan Noodles",Veg
3795,"Veg Hakka Noodles",Veg
3798,"Chicken Manchurian",Non-veg
3799,"Paneer 65",Veg
3802,"10' Plain Cheese Pizza",Veg
3804,"10' Mixed Veg Pizza",Veg
3805,"8' Pepper Pizza",Veg
3806,"8' Veggies Lover Pizza",Veg
3807,"8' Cheese n Corn Pizza",Veg
3808,"8' Spicy Paneer Pizza",Veg
3809,"10' Spicy Paneer Pizza",Veg
3810,"8' Spicy Chicken Pizza",Non-veg
3811,"10' Spicy Chicken Pizza",Non-veg
3812,"8' Tandoori Chicken Pizza",Non-veg
3813,"Veg Fries Burger",Veg
3814,"Veggies lovers",Veg
3815,"Crispy Paneer",Veg
3816,"Buckets (Chicken )",Non-veg
3817,"Paneer popcorn",Veg
3819,"French Fries Regular",Veg
3821,"Chicken Crunchy Strips",Non-veg
3824,Sandwich,Veg
3826,"Hong Kong Fried Rice Non-Veg",Non-veg
3827,"Schezwan Fried Rice Non-Veg",Non-veg
3828,"Zinger Garlic Rice Non Veg",Non-veg
3829,"Fried Rice Non-Veg",Non-veg
3831,"Zinger Garlic Rice Veg",Veg
3832,"Singapori Fried Rice Veg",Veg
3833,"Schezwan Fried Rice Veg",Veg
3834,"Hong Kong Fried Rice Veg",Veg
3836,"Non-Veg Hakka Noodles",Non-veg
3837,"Non-Veg Hong Kong Noodles",Non-veg
3838,"Non-Veg Singapuri Noodles",Non-veg
3839,"Non-Veg Schezwan Noodles",Non-veg
3840,"Manchurian Noodles",Veg
3841,"Hong Kong Noodles",Veg
3849,"Paneer Chilli",Veg
3850,"Panner Manchurian",Veg
3857,"10' Pepper Pizza",Veg
3859,"10' Veggies Lover Pizza",Veg
3860,"8' Mushroom Pizza",Veg
3861,"10' Mushroom Pizza",Veg
3863,"10' Cheese n Corn Pizza",Veg
3864,"10' Baby Corn Pizza",Veg
3865,"8' Fresh Paneer Pizza",Veg
3866,"10' Fresh Paneer Pizza",Veg
3869,"8' Hnc Special Veg Pizzaa",Veg
3870,"10' Hnc Special Veg Pizzaa",Veg
3871,"8'baby Corn Pizza",Veg
3874,"8' Chicken Golden Delight Pizza",Non-veg
3875,"10' Chicken Golden Delight Pizza",Non-veg
3877,"10' Tandoori Chicken Pizza",Non-veg
3878,"8' Spicy lite Pizza",Non-veg
3879,"10' Spicy lite Pizza",Non-veg
3880,"8' ChickenTikka Pizza",Non-veg
3881,"10' ChickenTikka Pizza",Non-veg
3882,"8' Manchurian Pizza",Non-veg
3883,"10' Manchurian Pizza",Non-veg
3884,"8' Kebab Pizza",Non-veg
3885,"10' Kebab Pizza",Non-veg
3886,"8' Keema La Jawab Pizza",Non-veg
3887,"10' Keema La Jawab Pizza",Non-veg
3888,"8' Chicken Garlic Pizza",Non-veg
3889,"10' Chicken Garlic Pizza",Non-veg
3890,"8' Hnc Special Non Veg Pizza",Non-veg
3891,"10' Hnc Special Non Veg Pizza",Non-veg
3892,"Combos Hnc Spl Veg",Veg
3893,"Combos Hot N Spicy Non Veg",Non-veg
3894,"Best of Hnc",Non-veg
3895,"Combos Hot N Spicy Veg",Veg
3896,"Jumbo Pack",Non-veg
3897,"Combos Lover Non Veg",Non-veg
3898,"Combos Lovers Veg",Veg
3899,"Combos Fries Non Veg",Non-veg
3900,"Combos Fries Veg",Veg
3901,"Chicken Hnc Box",Non-veg
3902,"Combos Hnc Spl Non Veg",Non-veg
3903,Balckcurrant,Veg
3904,Vanila,Veg
3907,Butterscotch,Veg
3908,Mango,Veg
3912,"Virgin Mogito",Veg
3916,"Hot n spicy Veg",Veg
3917,"Hnc Special Veg",Veg
3918,"Chicken Fries",Non-veg
3919,"Chicken Lovers",Non-veg
3920,"Chicken Kebab",Non-veg
3921,"Hot N Spicy Non veg",Non-veg
3922,"Hnc Special Non veg",Non-veg
3924,"Veg Nugget (8 Pcs)",Veg
3927,"Chilli Garlic Pop",Veg
3929,"Chicken Hot Wings 6 Pcs",Non-veg
3930,"Hot Wings 12 Pcs",Non-veg
3931,"Chicken Crunchy Strips (6 Pcs)",Non-veg
3932,"Chicken LolliPop (6 Pcs)",Non-veg
3936,"Double Egg Fried Rice",Non-veg
3938,"Veg Rice",Veg
3943,"Double Egg Chicken Rice",Non-veg
3944,"Manchurian Rice",Veg
3955,"Kaju Paneer",Veg
3956,"Kaju Curry",Veg
3958,"Paneer Ginger",Veg
3959,"Chicken Kadai",Non-veg
3960,"Chicken Hyderabadi",Non-veg
3961,"Chicken Curry Bones",Non-veg
3963,"Chicken Majestic",Non-veg
3964,"Mutton Hyderabadi",Non-veg
3965,"Mutton Masala Bones",Non-veg
3966,"Mutton Curry Bones",Non-veg
3968,"Curd Rice",Veg
3971,"Dsp Chicken Dum Biryani",Non-veg
3973,"Dsp Veg Biryani",Veg
3974,"Paneer Biryani",Veg
3976,"Punjabi Dal",Veg
3977,"Palak Dal",Veg
3978,"Methi Dal",Veg
3979,"Kolhapuri Dal",Veg
3980,"Butter Dal",Veg
3981,"Tadka Dal",Veg
3982,"Egg 65",Non-veg
3983,"Egg Manchurian",Non-veg
3984,"Egg Omelette",Non-veg
3985,"Egg Burji",Non-veg
3987,"Egg Masala",Non-veg
3988,"Egg Ginger",Non-veg
3989,"Egg Tamoto",Non-veg
3990,"Veg Devi Special Snacks",Veg
3992,"Veg Cripsy",Veg
3993,"Veg Burani",Veg
3995,"Veg Manchurian (Wet)",Veg
3996,"Chilli Paneer",Veg
3997,"Paneer Manchurian",Veg
3999,"Gobi Manchurian",Veg
4000,"Gobi Chilli",Veg
4001,"Mushroom Manchurian",Veg
4002,"Babycorn Manchurian",Veg
4003,"Kaju Roast",Veg
4005,"Roast Papad",Veg
4006,"Gobi 65",Veg
4008,"Tandoori Butter Roti",Veg
4009,"Tandoori Butter Naan",Veg
4010,"Tandoori Plain Naan",Veg
4011,"Tandoori Oil Paratha",Veg
4013,"Veg Jaipuri",Veg
4014,"Veg Maharani",Veg
4015,"Veg Kolhapuri",Veg
4016,"Veg Kadai",Veg
4017,"Veg Dilkush",Veg
4018,"Veg Rimjim",Veg
4019,"Mix Veg Curry",Veg
4024,"Paneer Chamanthi",Veg
4025,"Paneer Shahi Kurma",Veg
4026,"Paneer Kadai",Veg
4029,"Paneer Burji",Veg
4030,"Mushroom Curry",Veg
4031,"Tamoto Methi",Veg
4032,"Aloo Gobi Matar",Veg
4034,"Lassan Palak",Veg
4035,"Chicken Devi Special",Non-veg
4037,"Ginger Chicken",Non-veg
4038,"Chicken Punjabi",Non-veg
4040,"Chicken Moghlai",Non-veg
4041,"Chicken Kolhapuri",Non-veg
4043,"Chicken Telangana",Non-veg
4044,"Chicken Masala Bones",Non-veg
4047,"Chicken Dry",Non-veg
4049,"Chicken Roast",Non-veg
4051,"Chicken Chilli",Non-veg
4052,"Chicken Pepper",Non-veg
4054,"Chicken Burani",Non-veg
4055,"Chicken Mangolia",Non-veg
4056,"Chicken 100",Non-veg
4058,"Cashew Nut Chicken",Non-veg
4059,"Apollo Chicken",Non-veg
4060,"Mutton Devi Special Curry",Non-veg
4061,"Butter Mutton",Non-veg
4062,"Ginger Mutton",Non-veg
4063,"Mutton Kaima",Non-veg
4064,"Mutton Punjabi",Non-veg
4065,"Mutton Kadai",Non-veg
4066,"Mutton Mogalai",Non-veg
4067,"Mutton Maharani",Non-veg
4068,"Mutton Kolhapuri",Non-veg
4072,"Mutton Dry",Non-veg
4073,"Mutton Manchurian",Non-veg
4074,"Mutton Chilli",Non-veg
4075,"Mutton Burhani",Non-veg
4076,"Mutton 65",Non-veg
4078,"Mutton Fried Rice",Non-veg
4081,"Nomdev Rice",Veg
4083,"Tamoto Rice",Veg
4084,"Jeera Fried Rice",Veg
4086,"Kaju Fried Rice",Veg
4087,"Masala Rice",Veg
4088,"Paneer Fried Rice",Veg
4089,"Mashroom Fried Rice",Veg
4090,"Chicken Drum Sticks (2 Pcs)",Non-veg
4094,"Boneless Dsp Chicken Biryani",Non-veg
4095,"Boneless Dsp Mutton Biryani",Non-veg
4096,"Egg Biryani",Non-veg
4098,"Dsp Egg Biryani",Non-veg
4100,"Family Pack Chicken Biryani",Non-veg
4101,"Mushroom Biryani",Veg
4103,"Family Pack Mutton Biryani",Non-veg
4104,"Kaju Biryani",Veg
4110,"Spl Chicekn Manchurian Rice",Non-veg
4113,"Veg Manchuria Noodles",Veg
4117,"Spl Chicken Manchuria Noodles",Non-veg
4118,"VEg Manchuria",Veg
4119,"Chicken Manchuria",Non-veg
4121,"Chicken Pakodi Bones",Non-veg
4122,"Chicken Leg Piece",Non-veg
4123,"Chicken Lollypop",Non-veg
4124,"Chicken Boneless",Non-veg
4125,"Egg Omlet [2 Eggs]",Non-veg
4128,"Veg Corn Soup",Veg
4129,"Cream of Mushroom Soup",Veg
4130,"Chicken Corn Soup",Non-veg
4131,"Chicken Hot & Sour Soup",Non-veg
4132,"Chicken Manchow Soup",Non-veg
4134,"Baby Corn Manchurian",Veg
4137,"Veg 65",Veg
4138,"Mushroom 65",Veg
4140,"Chilli Baby Corn",Veg
4145,"Baby Corn Majestic",Veg
4146,"Paneer Schezwan",Veg
4149,"Paneer Tikka (8 Pcs)",Veg
4150,"Hariyali Paneer Tikka (8 Pcs)",Veg
4155,"Chicken 555",Non-veg
4157,"Ginger Chicken Dry",Non-veg
4165,"Chicken Drumstick (2 Nos)",Non-veg
4166,"Chicken Lollipop",Non-veg
4167,"Hong Kong Chicken",Non-veg
4168,"Chicken Tikka (8 Pcs)",Non-veg
4170,"Murgh Malai Kebab",Non-veg
4171,"Tandoori Chicken Half",Non-veg
4172,"Chicken Tikka (Full)",Non-veg
4173,"Garlic Chicken Tikka (8 Pcs)",Non-veg
4174,"Chicken Tangdi Kebab",Non-veg
4177,"Veg Schezwan Noodles",Veg
4183,"Gobi Fried Rice",Veg
4185,"Mushroom Fried Rice",Veg
4186,"Veg Schezwan",Veg
4187,"Namdev Rice",Veg
4188,"Tomato Rice",Veg
4194,"Chicken Schezwan Fried Rice",Non-veg
4196,"Dal Tadka",Veg
4199,"Mixed Veg Curry",Veg
4200,"Veg Chatpata",Veg
4201,"Veg Do Pyaza",Veg
4202,"Kadai Mixed Veg",Veg
4206,"Capsicum Masala",Veg
4217,"Baby corn Masala",Veg
4220,"Chicken Masala",Non-veg
4221,"Telengana Chicken",Non-veg
4225,"Chicken Mughlai",Non-veg
4228,"Chicken Chatpata",Non-veg
4234,"Mutton Mughlai",Non-veg
4235,"Mutton Methi",Non-veg
4238,"Mutton Chatpata",Non-veg
4239,"Mutton Kheema Masala",Non-veg
4245,"Egg Tomato",Non-veg
4248,"Butter Tandoori Roti",Veg
4249,"Butter Naan Roti",Veg
4250,"Dhania Roti",Veg
4251,"Methi Roti",Veg
4252,"Plain Kulcha",Veg
4260,"Special Chicken Biryani",Non-veg
4261,"Special Mutton Biryani",Non-veg
4263,Papad,Veg
4265,"Chicken Biryani+Veg Manchurian",Non-veg
4266,"Chicken Corn Soup+Mutton Biryani",Non-veg
4267,"Chicken Manchurian+Egg Biryani",Non-veg
4268,"Veg Biryani+Tomato Soup",Veg
4269,"Paneer Manchurian+Chicken Biryani",Non-veg
4270,"Dsp Chicken Dum Biryani+Veg Manchurian",Non-veg
4271,"Tandoori Butter Naan(2)+Egg Masala",Non-veg
4272,"Paneer 65+Veg Fried Rice",Non-veg
4273,"Mutton Curry Bones+Tandoori Plain Naan",Non-veg
4278,"Special Veg Biryani",Veg
4279,"Special Paneer Biryani",Veg
4280,"Tomato Curry",Veg
4286,"Pudina Dal",Veg
4287,"Dal Kolapuri",Veg
4288,"Plain Palak",Veg
4289,"Aloo Gobi Fry",Veg
4290,"Aloo Jeera",Veg
4292,"Aloo Roast",Veg
4298,"Paneer Kolhapuri",Veg
4300,"Paneer Kofta",Veg
4302,"Paneer Chamanthi (Methi)",Veg
4303,"Paneer Chatpata",Veg
4307,"Swagath Grand Special Veg Biryani",Veg
4309,"Baby Corn Biryani",Veg
4315,"Rice Fry",Veg
4316,"White Rice",Veg
4318,"Veg Soft Noodles",Veg
4327,"Chicken Maha Raja",Non-veg
4328,"Chicken Maha Rani",Non-veg
4335,"Chicken Shahi Kurma",Non-veg
4336,"Mutton Curry",Non-veg
4339,"Mutton Maha Raja",Non-veg
4340,"Mutton Maha Rani",Non-veg
4342,"Mutton Ginger",Non-veg
4343,"Mutton Andhra",Non-veg
4345,"Mutton Shahi Kurma",Non-veg
4350,"Special Biryani (Chicken)",Non-veg
4351,"Special Biryani (Mutton)",Non-veg
4353,"Special Egg Biryani",Non-veg
4354,"Prawns Biryani",Non-veg
4355,"Country Chicken Biryani",Non-veg
4356,"Boneless Fish Biryani",Non-veg
4361,Phulka,Veg
4362,Roti,Veg
4365,"Hari Mirch Laccha Paratha",Veg
4366,Kulcha,Veg
4367,"Pudina Paratha",Veg
4369,"Chicken Soft Noodles",Non-veg
4371,"Hot and Sour Soup",Veg
4373,"Cantonese Soup",Veg
4374,"Lung Pung Soup",Veg
4375,"Veg Clear Soup",Veg
4376,"Z Soup",Veg
4377,"Hunan Soup",Veg
4379,"Hara Bhara Kabab",Veg
4382,"Veg Chilli",Veg
4383,"Veg Nasik",Veg
4385,"Veg Gold Coin",Veg
4386,"Veg Burhani",Veg
4389,"Aloo 65",Veg
4390,"Aloo Manchurian",Veg
4391,"Veg Spring Rolls",Veg
4393,"Tiranga Paneer",Veg
4394,"Paneer Kurma",Veg
4395,"Lal Mirch Paneer Tikka",Veg
4396,"Amritsar Paneer Tikka",Veg
4399,"Paneer Nasik",Veg
4400,"Paneer Cheese Tikki",Veg
4401,"Paneer Lovely Paneer",Veg
4402,"Crispy Honey Chilli Paneer",Veg
4403,"Dragon Paneer",Veg
4404,"Mughlai Paneer",Veg
4408,"Mushroom Basket",Veg
4409,"Mushroom Salt and Pepper",Veg
4410,"Crispy Mushroom Chilli Pepper",Veg
4412,"Baby Corn 65",Veg
4413,"Crispy Baby Corn Chilli Pepper",Veg
4414,"Baby Corn David Style",Veg
4416,"Baby Corn Chilli",Veg
4419,"Butter Papad",Veg
4420,"Papad Bhurji",Veg
4421,"Fry Papad",Veg
4422,"Chicken Hot and Sour Soup",Non-veg
4424,"Chicken Cantonese Soup",Non-veg
4425,"Chicken Lung Fung Soup",Non-veg
4426,"Chicken Clear Soup",Non-veg
4427,"Chicken Z Soup",Non-veg
4428,"Chicken Hunan Soup",Non-veg
4429,"Murgh Lajawab (8 Pcs)",Non-veg
4430,"Methi Murgh Tikka (8 Pcs)",Non-veg
4431,"Kalmi Kabab (2 Pcs)",Non-veg
4433,"Murgh Lahori Tikka  (8 Pcs)",Non-veg
4434,"Tangdi Kabab",Non-veg
4438,"Chicken Majesty",Non-veg
4440,"Chicken Burhani",Non-veg
4442,"Chicken Andhra Ory",Non-veg
4443,"Chicken Drumsticks",Non-veg
4445,"Special Chicken Fry",Non-veg
4446,"Chicken Rimjim",Non-veg
4447,"Bhutan Chicken",Non-veg
4448,"Boneless Chicken Pepper",Non-veg
4449,"Crispy Chicken",Non-veg
4450,"Chicken David Style",Non-veg
4451,"Mughlai Chicken",Non-veg
4454,"Mutton Nasik",Non-veg
4455,"Mutton Pepper",Non-veg
4456,"Mutton Bhurhani",Non-veg
4457,"Mutton Rimjim",Non-veg
4458,"Special Mutton Dry",Non-veg
4459,"Fish Roast",Non-veg
4460,"Fish Dry",Non-veg
4462,"Fish 65",Non-veg
4463,"Fish Manchurian",Non-veg
4464,"Apollo Fish",Non-veg
4465,"Fish Chilli",Non-veg
4466,"Fish Goa",Non-veg
4467,"Loose Prawns",Non-veg
4468,"Butter Garlic Prawns",Non-veg
4469,"Salt and Pepper Prawns",Non-veg
4470,"Mughlai Prawns",Non-veg
4471,"Golden Prawns",Non-veg
4472,"Ginger Prawns",Non-veg
4473,"Prawns Curry",Non-veg
4474,"Prawns Mughlai",Non-veg
4475,"Kadai Prawns",Non-veg
4479,"Egg Dal",Non-veg
4483,"Egg Nasik",Non-veg
4485,"Omelette Half Boiled",Non-veg
4491,"Special Chicken Biryani (Plate)",Non-veg
4493,"Gobi Manchuria",Veg
4497,"Onion Pakoda",Veg
4498,"Green Peace Masala",Veg
4499,"Green Peace Roast",Veg
4503,"Garlic Roast",Veg
4505,"Butter  Phulka",Veg
4514,"Dal Kolhapuri",Veg
4526,"Paneer Kolapuri",Veg
4534,"Boneless Chicken Masala",Non-veg
4535,"Boneless Chicken Hyderabadi",Non-veg
4536,"Boneless Chicken Mughlai",Non-veg
4537,"Boneless Chicken Maharaja",Non-veg
4538,"Boneless Chicken Maharani",Non-veg
4539,"Boneless Chicken Punjabi",Non-veg
4540,"Boneless Butter Chicken",Non-veg
4541,"Boneless Kadai Chicken",Non-veg
4542,"Boneless Chicken Tikka Masala",Non-veg
4543,"Boneless Ginger Chicken",Non-veg
4544,"Boneless Chicken Shahi Korma",Non-veg
4546,"Boneless Mutton Hyderabadi",Non-veg
4547,"Boneless Mutton Mughlai",Non-veg
4548,"Boneless Mutton Maharaja",Non-veg
4549,"Boneless Mutton Maharani",Non-veg
4550,"Boneless Mutton Punjabi",Non-veg
4551,"Boneless Mutton Ginger",Non-veg
4552,"Boneless Mutton Andhra",Non-veg
4553,"Boneless Mutton Kadai",Non-veg
4554,"Boneless Mutton Shahi Korma",Non-veg
4555,"Boneless Mutton Keema",Non-veg
4556,"Boneless Mutton Masala",Non-veg
4557,"Boneless Butter Mutton",Non-veg
4560,"Food Court Special Veg Biryani",Veg
4565,"Mutton Biryani (Plate)",Non-veg
4567,"Special Mutton Biryani (Plate)",Non-veg
4568,"Egg Biryani (Plate)",Non-veg
4569,"Special Egg Biryani (Plate)",Non-veg
4577,"Chicken Manchurian Fried Rice",Non-veg
4578,"Veg Manchurian Fried Rice",Veg
4579,"Veg Macho Fried Rice",Veg
4583,"Veg Butter Garlic Noodles",Veg
4586,"Chicken Butter Garlic Noodles",Non-veg
4594,"Lung Fung Soup",Veg
4612,"Aloo Manchuria",Veg
4615,"Paneer Manchuria",Veg
4624,"Mushroom Manchuria",Veg
4629,"Crispy Corn With Corn Kernels",Veg
4633,"Baby Corn Manchuria",Veg
4647,"Chicken Andhra Dry",Non-veg
4650,"Special Chicken Dry",Non-veg
4653,"Chicken Boneless Pepper",Non-veg
4655,"Chicken Devid Style",Non-veg
4658,"Mutton Manchuria",Non-veg
4668,"Fish 65 Boneless",Non-veg
4669,"Fish Manchuria Boneless",Non-veg
4671,"Fish Chilli Boneless",Non-veg
4673,"Half Boiled Fry",Non-veg
4681,"Egg Manchuria",Non-veg
4684,"Chena Toast .250 Gm",Veg
4685,"Malai Sandwich .250 Gm",Veg
4686,"Cham Cham .250 Gm",Veg
4687,"Strawberry Rasmalai .250 Gm",Veg
4688,"Mango Rasmalai .250 Gm",Veg
4689,"Chena Pizza (1 Pc)",Veg
4690,"Badam Milk (1 Glass)",Veg
4691,"Kala Jamun (2 Pc)",Veg
4692,"Gulab Jamun (2 Pc)",Veg
4693,"Rasgulla (2 Pc)",Veg
4694,"Ras Malai (2 Pc)",Veg
4695,"Anjeer Casatta  .250 Gm",Veg
4696,"Anjeer Dry Fruit Burfi .250 Gm",Veg
4697,"Kaju Dry Fruit Pan .250 Gm",Veg
4698,"Anjeer  Dry Fruit Pan .250 Gm",Veg
4699,"Kaju Pista Roll .250 Gm",Veg
4700,"Kaju Kesar Roll .250 Gm",Veg
4701,"Kaju Chocolate  Boll .250 Gm",Veg
4702,"Kaju Strawberry .250gm",Veg
4703,"Kaju Apple .250 Gm",Veg
4704,"Badam Dry Fruit Delight .250 Gm",Veg
4705,"Dry Fruit Laddu .250 Gm",Veg
4706,"Kaju Dry Fruit Burfi .250 Gm",Veg
4707,"Kaju Burfi .250 Gm",Veg
4708,"Dal Kachori (4 Pc)",Veg
4709,"Aloo Samosa (4pc)",Veg
4710,"Onion Kachori  2 Pc",Veg
4711,"Aloo Toast",Veg
4712,"Extra Pav 2 Pc",Veg
4713,"Plain Sandwich",Veg
4715,"Vada Cheese Pav",Veg
4716,"Samosa Cheese Pav",Veg
4717,"Samosa Pav",Veg
4718,"Vada Pav",Veg
4719,"Masala Cheese Pav Bhaji",Veg
4720,"Masala Pav Bhaji",Veg
4721,"Butter Pav Bhaji",Veg
4723,"Dahi Samosa",Veg
4724,"Dhai Bhalla",Veg
4725,"Kachori Chat",Veg
4726,"Dhai Puri",Veg
4727,"Sev Puri",Veg
4728,"Sweet Puri",Veg
4729,"Masala Puri",Veg
4730,"Pani Puri",Veg
4731,"Cutlet Cheese Chat",Veg
4732,"Samosa Cheese Chat",Veg
4733,"Cutlet Chat",Veg
4734,"Papdi Chat",Veg
4735,"Samosa Chat",Veg
4737,"Aloo Tikki Chat",Veg
4738,"Bheal Puri",Veg
4739,"Butter Cheese Sandwich",Veg
4740,"Butter Masala Pav Bhaji",Veg
4743,"Bournvita Sandwich .250 Gm",Veg
4744,"Kova Mix Sweet  .250 Gm",Veg
4745,"Ghee Honey Mysore Pak .250 Gm",Veg
4746,"Doodh Peda .250 Gm",Veg
4747,"Madatha Khaja .250 Gm",Veg
4748,"Kova Dry Fruit Toast .250 Gm",Veg
4749,"Kesar Peda .250 Gm",Veg
4750,"Kova Puri .250 Gm",Veg
4751,"Malai Badam Roll .250 Gm",Veg
4752,"Anjeer Kalakand .250 Gm",Veg
4753,"Ice Cream Burfi .250 Gm",Veg
4754,"Ajmeer Kalakand .250 Gm",Veg
4755,"Boondi Laddu .250 Gm",Veg
4756,"Bason Laddu .250 Gm",Veg
4757,"Motichur Laddu .250 Gm",Veg
4758,"Kajjikayalu .250 Gm",Veg
4759,"Nuvvula Laddu .250 Gm",Veg
4760,"Balushahi .250 Gm",Veg
4761,"Mysore Pak .250 Gm",Veg
4762,"Milk Mysore Pak .250 Gm",Veg
4763,"Bellam Sunandalu .250 Gm",Veg
4764,"Bakshalu (5 Pc)",Veg
4765,"Kova Casatta  .250 Gm",Veg
4766,"Nuvvula Ariselu .250 Gm",Veg
4767,"Ariselu Plain .250 Gm",Veg
4768,"White Kalakand .250 Gm",Veg
4769,"Bellam Gavvalu .250 Gm",Veg
4772,"Manchrian Rice",Veg
4773,"Manchrian Noodles",Veg
4778,"Double Egg Manchurian Noodles",Non-veg
4781,"Double Egg Rice",Non-veg
4783,"Double Egg Manchurian Rice",Non-veg
4784,"Omlet [Single]",Non-veg
4786,"Ragi Dosa",Veg
4787,"Plain Masala Dosa",Veg
4788,"Jonna Dosa",Veg
4789,"Nava Dhanyala Dosa",Veg
4790,"Black Rice Dosa",Veg
4791,"Ghee Kaaram Dosa",Veg
4792,"Onion Uthappam",Veg
4793,"Plain Idli",Veg
4794,"Vegetable Idli",Veg
4795,"Raagi Idli",Veg
4796,"Sajjalu Idli",Veg
4797,"Nava Dhanyala Idli",Veg
4798,"Pala Kura Idli",Veg
4799,"Black Rice Idli",Veg
4800,"Mini Idli [10pieces]",Veg
4801,"Ghee Kaaram Idli",Veg
4802,"Poori [2Pcs]",Veg
4803,"Idli [2Pcs] Vada [1Pc]",Veg
4804,Pongal,Veg
4805,"Badam Milk Normal 12",Veg
4806,"Badam Milk Normal",Veg
4807,"Badam Milk",Veg
4808,"Single Sundae",Veg
4809,"Top Nuts Sundae",Veg
4810,Sharmili,Veg
4811,"Chocolate Sundae Single",Veg
4812,"Tall Beauty",Veg
4813,"Honeymoon Sundae",Veg
4814,"Chocolate Sundae Large",Veg
4815,"Butter Scotch Sundae",Veg
4816,"Black Current Sundae",Veg
4817,"Titanic Boat",Veg
4818,"Tooty Frooty",Veg
4819,"Chocolate Siffon Sundae New",Veg
4820,"Banana Berry Fudge New",Veg
4821,"Creamy Bowl New",Veg
4822,"Minerva Kiwi Sundae New",Veg
4823,"Chocolate Dry Fruit Sundae",Veg
4824,"Minerva Sundae",Veg
4825,"Lassi Half",Veg
4826,"Lassi Full",Veg
4827,"Raj Bhog Lassi",Veg
4829,"Rose Lassi",Veg
4832,"Kesar Lassi",Veg
4833,"Rajwadi Dry Fruit Lassi",Veg
4834,"Strawberry  Falooda",Veg
4835,"Pineapple  Falooda",Veg
4836,"Green Pista  Falooda",Veg
4837,"Butter Scotch  Falooda",Veg
4838,"Black Current  Falooda",Veg
4839,"Kiwi  Falooda",Veg
4840,"Mango  Falooda",Veg
4841,"Kesar  Falooda",Veg
4842,"Royal Rose  Falooda",Veg
4843,"Dry Fruit  Falooda",Veg
4844,"Special Minerva Kulfi  Falooda",Veg
4846,"Mango Candy",Veg
4847,"Grape Candy New",Veg
4848,"Tamarind Candy New",Veg
4849,"Lyche Candy New",Veg
4851,"Pista Kulfi",Veg
4852,"Badam Kulfi",Veg
4853,"Dry Fruit Kulfi",Veg
4855,"Kulfi Malai Kesar",Veg
4858,"Butter Scotch   123",Veg
4859,"Chocolate Chocochips",Veg
4860,"Black Currant",Veg
4861,"Roasted Almond",Veg
4862,Vanilla,Veg
4863,"Butters Scotch",Veg
4866,Pista,Veg
4869,Panpasand,Veg
4870,Gauva,Veg
4871,Dolserato,Veg
4872,Sitafal,Veg
4873,Cheesecake,Veg
4874,Hasselnet,Veg
4875,"Malai Coconut",Veg
4876,"Nutty Delight",Veg
4877,"Chappan Bhog",Veg
4878,"Brazillian Coffee",Veg
4879,"Tropical Fruit",Veg
4880,"Kesar Pista",Veg
4881,"Fresh Orange",Veg
4882,"Hawain Dream",Veg
4883,"Pudding Cake",Veg
4884,"Dry Fruits",Veg
4885,"Chocolate  123",Veg
4886,"Mango Alphonso",Veg
4887,"Fresh Strawberry",Veg
4888,"Pista    12",Veg
4889,"Butter Scotch  12",Veg
4890,"Cookies & Cream 12",Veg
4891,"Hazelnut 12",Veg
4892,"Walnut Anjeer",Veg
4893,"Mocca Brownie",Veg
4894,"American Nuts",Veg
4895,"Roasted Almond 12",Veg
4896,"Pineapple Milk Shake",Veg
4898,"Butterscotch Milk Shake",Veg
4899,"Blackcurrent Milk Shake",Veg
4900,"Mango Milk Shake",Veg
4901,"Mango Kesar Milk Shake",Veg
4903,"Oreo Milk Shake",Veg
4904,"Chocolate Milk Shake",Veg
4905,"Chaco B Milk Shake",Veg
4907,"Magic Marble",Veg
4908,Ripple,Veg
4909,"Vanilla Choco Sundae",Veg
4910,"Caramal Sundae",Veg
4911,"Badam Shakes Single",Veg
4912,"Fruit Salad Single",Veg
4913,"Fruit Salad Full",Veg
4914,"Setdosa (3piece)",Veg
4915,Bonda,Veg
4916,Poori,Veg
4917,Uttapam,Veg
4919,Wadaplate,Veg
4920,"Idli Plate",Veg
4921,"Plate Meals",Veg
4922,"Full Meals",Veg
4923,"Chapathi (3 Piece) With Daal & Curry",Veg
4924,"Musk Melon Fruit Bowl",Veg
4925,"Sugar Cane Juice Lemon Flavour",Veg
4926,"Musk Melon Juice",Veg
4927,"Sugar Cane Juice Natural One Litre",Veg
4928,"Buttersctoch Milk Shake",Veg
4930,"Real Mango Milk Shake",Veg
4931,"Gauva Milk Shake",Veg
4932,"Litchi Milk Shake",Veg
4933,"Blueberry Milk Shake",Veg
4934,"Caramel Milk Shake",Veg
4935,"Cookies Milk Shake",Veg
4936,"Rich Coffee Milk Shake",Veg
4937,"Gems Milk Shake",Veg
4938,"Perk Milk Shake",Veg
4939,"5 Star Milk Shake",Veg
4940,"Buttersctoch Thick Shake",Veg
4941,"Strawberry Thick Shake",Veg
4942,"Real Mango Thick Shake",Veg
4943,"Gauva Thick Shake",Veg
4944,"Litchi Thick Shake",Veg
4945,"Blueberry Thick Shake",Veg
4946,"Caramel Thick Shake",Veg
4947,"Cookies Thick Shake",Veg
4948,"Rich Coffee Thick Shake",Veg
4949,"Black Current Thick Shake",Veg
4950,"Gems Thick Shake",Veg
4951,"Perk Thick Shake",Veg
4952,"5 Star Thick Shake",Veg
4954,"Kitkat Milk Shake",Veg
4955,"White Chocolate Milk Shake",Veg
4956,"Dark Chocolate Milk Shake",Veg
4957,"Black Forest Milk Shake",Veg
4959,"Belgium Milk Shake",Veg
4960,"Strawberry and Chocoalte Milk Shake",Veg
4961,"Oreo Strawberry Milk Shake",Veg
4963,"Oreo Banana Milk Shake",Veg
4964,"Cookies and Cream Milk Shake",Veg
4965,"Chocolate Thick Shake",Veg
4966,"Kitkat Thick Shake",Veg
4967,"White Chocolate Thick Shake",Veg
4968,"Dark Chocolate Thick Shake",Veg
4969,"Black Forest Thick Shake",Veg
4970,"Nutella Thick Shake",Veg
4971,"Belgium Thick Shake",Veg
4972,"Strawberry Banana Thick Shake",Veg
4973,"Strawberry and Chocoalte Thick Shake",Veg
4974,"Oreo Strawberry Thick Shake",Veg
4975,"Oreo Thick Shake",Veg
4976,"Cookies and Cream Thick Shake",Veg
4977,"Kiwi Milk Shake",Veg
4978,"Kiwi Pineapple Milk Shake",Veg
4979,"Orange Milk Shake",Veg
4980,"Green Milk Shake",Veg
4981,"Pine Apple Milk Shake",Veg
4982,"Mango Pineappel Milk Shake",Veg
4983,"Special Dry Fruit Milk Shake",Veg
4984,"Kiwi Thick Shake",Veg
4985,"Kiwi Pineapple Thick Shake",Veg
4986,"Orange Thick Shake",Veg
4987,"Green Thick Shake",Veg
4988,"Pine Apple Thick Shake",Veg
4989,"Mango Pineappel Thick Shake",Veg
4996,"Fish Chilly",Non-veg
4999,"Fish Masala",Non-veg
5001,"Chicken Tangdi Kebab (2 Pcs)",Non-veg
5007,"Chicken Lollipop (4 Pcs)",Non-veg
5010,"Paneer Kaju",Veg
5012,"Louts Grand Special Chicken Biryani",Non-veg
5017,"Lotus Grand Special Veg Biryani",Veg
5018,"Veg Manchuria Wet",Veg
5037,"Fish Majestic",Non-veg
5039,"Apollo Prawns",Non-veg
5040,"Prawn 65",Non-veg
5042,"Prawns Chilly",Non-veg
5043,"Prawns Manchurian",Non-veg
5049,"Kerala Paratha",Veg
5053,"Stuffed Paratha",Veg
5056,"Fish Kolhapuri",Non-veg
5058,"Fish Pulusu",Non-veg
5059,"Fish Telangana",Non-veg
5061,"Prawns Kolhapuri",Non-veg
5062,"Prawns Masala",Non-veg
5063,"Prawns Telangana",Non-veg
5069,"Egg Pakoda",Non-veg
5072,"Egg Roasted (2 Eggs)",Non-veg
5073,"Boiled Egg (2)",Non-veg
5074,"Lotus Grand Special Chicken Dry",Non-veg
5080,"Telangana Chicken Dry",Non-veg
5081,"Chicken Roasted",Non-veg
5082,"Basket Chicken",Non-veg
5083,"Chicken Drumstick",Non-veg
5085,"Lemon Chicken Dry",Non-veg
5086,"Chicken Bhurani",Non-veg
5088,"Chicken Cashew Nut",Non-veg
5092,"Veg Nawabi",Veg
5093,"Veg Shahi Kurma",Veg
5098,"Paneer Hyderabadi",Veg
5103,"Paneer Rimjim",Veg
5105,"Paneer Pasand",Veg
5108,"Mix Kofta",Veg
5109,"Kashmiri Kofta",Veg
5111,"Tomato Chutney",Veg
5121,"Green Chicken",Non-veg
5123,"Chicken Maharaja",Non-veg
5124,"Chicken Afghani",Non-veg
5126,"Chicken Patiyala",Non-veg
5127,"Kasturi Chicken",Non-veg
5128,"Lotus Grand Chicken Curry",Non-veg
5130,"Chicken Curry Single",Non-veg
5131,"Telangana Chicken",Non-veg
5138,"Chicken Maharani",Non-veg
5139,"Chicken Dilkush",Non-veg
5141,"Lotus Grand Special Mutton Curry",Non-veg
5143,"Mutton Curry Single",Non-veg
5145,"Kadai Mutton",Non-veg
5147,"Mutton Keema",Non-veg
5149,"Kasturi Mutton",Non-veg
5151,"Kunda Chicken Biryani",Non-veg
5156,"Louts Grand Special Mutton Biryani",Non-veg
5158,"Fish Biryani",Non-veg
5163,"Biryani Rice",Veg
5169,"Egg Keema",Non-veg
5172,"Veg Hot & Sour Soup",Veg
5173,"Mushroom Soup",Veg
5174,"Baby Corn Soup",Veg
5175,"Veg Manchow soup",Veg
5177,"Chicken Soup",Non-veg
5178,"Chicken Hot N Sour Soup",Non-veg
5182,"Veg Manchuria Dry",Veg
5183,"Gobi  65",Veg
5186,"Veg Shangri la",Veg
5187,"Veg Patiala",Veg
5190,"Veg Crispy",Veg
5192,"Veg Pakoda",Veg
5195,"Veg Chilly",Veg
5196,"Veg Kancha",Veg
5197,"Veg Hara Bara Kebab",Veg
5200,"Paneer Majestic",Veg
5216,"Jeera Dal",Veg
5217,"Dal Mughlai",Veg
5219,"Kichidi (1 Plate)",Veg
5220,"Boiled Egg (1 Pc)",Non-veg
5221,"Mirchi Bajji (4 Pcs)",Veg
5222,"Samosa (1 Pc)",Veg
5223,"Allu Bhajji (1 Plate)",Veg
5224,"Pakodi (1 Plate)",Veg
5225,"Cut Mirchi (1 Plate)",Veg
5226,"Chicken Biryani (1 Plate)",Non-veg
5229,"Onion Dosa",Veg
5230,"Hyderabadi Masala Dosa",Veg
5231,"Set Dosa",Veg
5232,"Butter Dosa",Veg
5233,"Butter Paneer Dosa",Veg
5235,"Sambar Idli",Veg
5236,"Masala Tawa Idli",Veg
5237,"Ghee Idli",Veg
5238,"Butter Ghee Idli",Veg
5239,"Mysore Bonda",Veg
5240,"Tawa Bonda",Veg
5241,"Buttter Tawa Bonda",Veg
5242,"Paneer Butter Tawa Bonda",Veg
5243,Vada,Veg
5245,Uthappa,Veg
5246,Puri,Veg
5249,"Ginger Naan",Veg
5250,Paratha,Veg
5252,"Masala Paratha",Veg
5260,"Baby corn 65",Veg
5261,"Baby Corn Stick",Veg
5263,"Mom ' S Kitchen Kunda Biryani",Veg
5266,"Chicken Hyderabad",Non-veg
5271,Omlet,Non-veg
5281,"Veg Family Pack",Veg
5282,"Veg Pot Biryani",Veg
5283,"Chicken Biryani (Single)",Non-veg
5285,"Mutton Biryani (Single)",Non-veg
5286,"Mutton Biryani (1 Plate)",Non-veg
5289,"Mom ' S Kitchen Special Veg Biryani",Veg
5297,"Chicken Biryani Family Pack",Non-veg
5298,"Pot Biryani",Non-veg
5300,"Dal Tadkha",Veg
5307,"Veg. Manchuria Rice",Veg
5308,"Egg  Fried Rice",Non-veg
5309,"Egg Fried Rice [Double]",Non-veg
5311,"Spl Chicken Manchuria Rice",Non-veg
5316,"Egg Noodles [Double]",Non-veg
5320,"Chicken Rice, Roti",Non-veg
5321,"Boti Rice, Roti",Non-veg
5330,"Tomato Fry",Veg
5334,"Full Meals.",Veg
5344,"MEALS PLATE",Veg
5346,"Chicken Dish",Non-veg
5348,"Chicken Fry",Non-veg
5351,"Egg Masala Fry",Non-veg
5356,"Boti Curry",Non-veg
5357,"Boti Fry",Non-veg
5358,"Renuka Special Chicken Fry",Non-veg
5359,"Mughlai Dal Fry",Non-veg
5360,"Dum Chicken",Non-veg
5361,"County Chicken (Plate)",Non-veg
5364,"Jowar Roti",Veg
5370,"Sada Papad",Veg
5373,"Half Boiled",Non-veg
5382,"Kaju Masala",Veg
5384,"Chicken Crispy",Non-veg
5390,"Tandoori Roti Plain",Veg
5394,"Veg Cut Let",Veg
5396,"Cream of Tomato",Veg
5397,"Cream of Mushroom",Veg
5398,"Sweet Corn Soup",Veg
5399,"Hot & Sour Soup",Veg
5401,"Lemon Corainder Soup",Veg
5403,"Veg Noodle Soup",Veg
5404,"Cream of Chicken Soup",Non-veg
5405,"Hot & Sour Chicken Soup",Non-veg
5406,"Manchow Chicken Soup",Non-veg
5407,"Sweet Coprn Chicken Soup",Non-veg
5408,"Chicken Noodle Soup",Non-veg
5411,"Methi Corn Kabab",Veg
5412,"Mushroom Babycorn Tikka",Veg
5414,"Paneer Pahadi Tikka",Veg
5415,"Paneer Achari Tikka",Veg
5416,"Paneeer Banjara Tikka",Veg
5425,"Paneer Honey Chilli",Veg
5427,"Bveg Sanghai Roll",Veg
5428,"Paneer Dragan",Veg
5430,"Potato Honey Chilli",Veg
5432,"Baigan Masala",Veg
5433,"Shev Bhaji",Veg
5435,"Methi Matar Malai",Veg
5438,"Veg Kofta Curry",Veg
5440,"Veg Anddacurry",Veg
5441,"Staff Tomato",Veg
5442,"Staff Capsicum",Veg
5443,"Bhindy Fry",Veg
5444,"Bhindy Masala",Veg
5445,"Veg Hydrabadi",Veg
5446,"Veg Handi",Veg
5455,"Paneer Varadi",Veg
5458,"Paneer Bhurji Curry",Veg
5459,"Paneer Taka Tak",Veg
5461,"Baby Corn Masala",Veg
5462,"Special Cial Tanishq Veg",Veg
5465,"Chicken Seekh Kabab",Non-veg
5466,"Mutton Seekh Kabab",Non-veg
5467,"Chicken Banjara Kebab",Non-veg
5468,"Chicken Pahadi Kabab",Non-veg
5469,"Chicken Tangdi Kabab",Non-veg
5474,"Chicken Spring Roll",Non-veg
5476,"Chicken Black Paper",Non-veg
5485,"Tandoori Roti Butter",Veg
5489,"Garlic Cheese Naan",Veg
5490,"Kashmiri Naan",Veg
5491,"Partha Plain",Veg
5492,"Partha Butter",Veg
5500,"Veg Fries Rice",Veg
5501,"Veg Schezwan Rice",Veg
5502,"Veg Choupsey",Veg
5504,"Chicken Hakka Nooodle",Non-veg
5505,"Chicken Schezwannoodle",Non-veg
5506,"Chicken Fries Rice",Non-veg
5507,"Chicken Schezwan Rice",Non-veg
5508,"American Choupsey",Veg
5509,"Egg Fries Rice",Non-veg
5513,"Chicken Varhadi",Non-veg
5516,"Chicken Bhuna",Non-veg
5517,"Chicken Rara Masala",Non-veg
5518,"Chicken Handi",Non-veg
5522,"Mutton Kolhapuri Varhadi",Non-veg
5523,"Mutton Rara Masala",Non-veg
5524,"Mutton Handi",Non-veg
5525,"Egg Curry Masala",Non-veg
5527,"Egg Bhurji Curry",Non-veg
5529,"Boiled Eggs",Non-veg
5530,"Egg Half Fry",Non-veg
5532,"Dal Jeera",Veg
5536,"Dal Palak",Veg
5537,"Steamed Rice",Veg
5540,"Butter Khichdi",Veg
5542,"Veg Hyderabadi Biryani",Veg
5543,"Onion Jeera Rice",Veg
5544,"Kasmiri Pullao",Veg
5545,"Veg 65 + Veg Hyderabadi + Veg Pulao",Veg
5546,"Veg Crispy + Gobi Manchurian + Mix Veg + Veg Biryani",Veg
5547,"Paneer Pakoda + Paneer Chilli + Paneer Manchurian",Veg
5548,"Paneer 65 + Palak Paneer + Steamed Rice",Veg
5549,"Mushroom Chilli + Baby Corn Chilli + Mushroom Masala + Jeera Rice",Veg
5550,"Crispy Corn + Baigan Masala + Baby Corn Masala",Veg
5551,"Chicken Pakoda 100 Gms",Non-veg
5552,"Chicken Pakoda 250 Gms",Non-veg
5553,"Chicken Dum Biryani (1kg)",Non-veg
5554,"Chicken Dum Biryani 500g",Non-veg
5555,"Chicken Curry Rice (Plate)",Non-veg
5556,"Chicken Curry (Plate)",Non-veg
5557,"Lagan Chicken 250 Gms",Non-veg
5558,"Shami Kabab",Non-veg
5559,"Chicken Tangdi Piece (Each 1)",Non-veg
5560,"Fish Fry Center 1 Piece",Non-veg
5562,"Banana Lassi",Veg
5565,"Dry Fruit Lasii",Veg
5566,"Saffron Lassi",Veg
5567,"Mix Fruitz Lassi",Veg
5568,Falooda,Veg
5569,Kesar,Veg
5570,Kulfi,Veg
5571,"Delhi Falooda",Veg
5572,"Malai Kulfi",Veg
5574,"Dry Fruit",Veg
5576,"Natural Protein",Veg
5577,"Choco Whey",Veg
5580,"Almond Rich",Veg
5581,"Fat Burner",Veg
5582,"Weight Loss Shake",Veg
5583,"Fruit Salad With Ice Cream",Veg
5584,"Mexican Brownie",Veg
5585,"Chcolate Fudge",Veg
5586,"Dry Fruit Sundae",Veg
5587,"Death By Chocolate",Veg
5588,"Arabian Nights",Veg
5589,"Lychee Ice Cream",Veg
5590,"Nutella Brownie",Veg
5591,"Nutella Butterscotch",Veg
5595,Blueberry,Veg
5596,"Shake The Date Milkshake",Veg
5597,"Arabian Delight Milkshake",Veg
5598,"Blueberry Dry Fruit Milkshake",Veg
5599,"Kaju Anjeer Milkshake",Veg
5600,"Pista Badam Milkshake",Veg
5601,"Shake The Date Thickshake",Veg
5602,"Arabian Delight Thickshake",Veg
5603,"Blueberry Dry Fruit Thickshake",Veg
5604,"Kaju Anjeer Thickshake",Veg
5605,"Pista Badam Thickshake",Veg
5606,"Muskmelon Milkshake",Veg
5607,"Papaya Milkshake",Veg
5608,"Chiccko Milkshake",Veg
5609,"Banana Milkshake",Veg
5610,"Mango Alphonsa Milkshake",Veg
5611,"Very Berry Strawberry Milkshake",Veg
5612,"Kiwi Milkshake",Veg
5613,"Avocado Milkshake",Veg
5614,"Mango Avacado Milkshake",Veg
5615,"Blueberry Lychee Milkshake",Veg
5616,"Berry Blue Berry Shake Milkshake",Veg
5617,"Muskmelon Thickshake",Veg
5618,"Papaya Thickshake",Veg
5619,"Chiccko Thickshake",Veg
5620,"Banana Thickshake",Veg
5621,"Mango Alphonsa Thickshake",Veg
5622,"Very Berry Strawberry Thickshake",Veg
5623,"Kiwi Thickshake",Veg
5624,"Avocado Thickshake",Veg
5625,"Mango Avacado Thickshake",Veg
5626,"Blueberry Lychee Thickshake",Veg
5627,"Berry Blue Berry Shake Thickshake",Veg
5628,"Hard Rock Coffee Milkshake",Veg
5629,"Swedish House Mafia Milkshake",Veg
5630,"Mud Coffee Milkshake",Veg
5631,"Hard Rock Coffee Thickshake",Veg
5632,"Swedish House Mafia Thickshake",Veg
5633,"Mud Coffee Thickshake",Veg
5634,"Sharja Milkshake",Veg
5635,"Italian Ferrezo Milkshake",Veg
5636,"Forzen Borbon Milkshake",Veg
5637,"Belgium Chocolate Milkshake",Veg
5638,"Oreo Milkshake",Veg
5639,"Belgium Chips Milkshake",Veg
5640,"Snickers Shake Milkshake",Veg
5641,"Oreo Loaded Milkshake",Veg
5642,"Hop Scotch Butterscotch Milkshake",Veg
5643,"Nutella Shake Milkshake",Veg
5644,"Mississippi Mud Milkshake",Veg
5645,"Sharja Thickshake",Veg
5646,"Italian Ferrezo Thickshake",Veg
5647,"Forzen Borbon Thickshake",Veg
5648,"Belgium Chocolate Thickshake",Veg
5649,"Oreo Thickshake",Veg
5650,"Belgium Chips Thickshake",Veg
5651,"Snickers Shake Thickshake",Veg
5652,"Oreo Loaded Thickshake",Veg
5653,"Hop Scotch Butterscotch Thickshake",Veg
5654,"Nutella Shake Thickshake",Veg
5655,"Mississippi Mud Thickshake",Veg
5658,Pineapple,Veg
5659,Watermelon,Veg
5660,"Morracon Mint Lime",Veg
5661,"Mexican Mojito",Veg
5662,"Spanish Melomelime",Veg
5663,"Nordic Summer",Veg
5664,Delight,Veg
5665,"Berry Pepper Shot",Veg
5666,"Blue Lime",Veg
5668,"Chatpata Achari Burger",Veg
5669,"Paneer Crispy Burger",Veg
5670,"Twa Burger",Veg
5671,"Tawa Burger",Veg
5672,"Double Egg Burger",Non-veg
5674,"Aloo Cheese Roll",Veg
5675,"Masala Corn And Paneer",Veg
5676,"Tawa Paneer",Veg
5677,"Egg & Pepper",Non-veg
5678,"Chicken Spicy",Non-veg
5680,"Mini Hawaiian Veggie Pizza",Veg
5681,"Small Hawaiian Veggie Pizza",Veg
5682,"Mini Italain Veggie Pizza",Veg
5683,"Small Italain Veggie Pizza",Veg
5684,"Mini Mexican Veggie Pizza",Veg
5685,"Small Mexican Veggie Pizza",Veg
5686,"Mini Grekish Veggie Pizza",Veg
5687,"Small Grekish Veggie Pizza",Veg
5688,"Mini Chicken Tikka Pizza",Non-veg
5689,"Small Chicken Tikka Pizza",Non-veg
5690,"Mini Peri Peri Chicken Pizza",Non-veg
5691,"Small Peri Peri Chicken Pizza",Non-veg
5692,"Mini Chicken Bbq Pizza",Non-veg
5693,"Small Chicken Bbq Pizza",Non-veg
5694,"Mini Mexican Chicken Pizza",Non-veg
5695,"Small Mexican Chicken Pizza",Non-veg
5699,"Chilli Cheese Fries",Veg
5700,"Veggie Grill Sandwich",Non-veg
5701,"Chilli Cheese",Veg
5702,"Cheese Overloaded",Veg
5703,"Paneer Veggies",Non-veg
5704,"Nutella Chocolate",Veg
5705,"Fruit Sandwich",Veg
5706,"Oreo Tub +  Crackle Tub",Veg
5707,"Trixy blueberry cheesecake Sundae",Veg
5708,"Black Forest Feast  - pack of 3",Veg
5709,"Cadbury Crackle",Veg
5710,"Choco Brownie Fudge",Veg
5711,"Oreo & Cream  [Tub, 700ml]",Veg
5712,"Darkly Divine Chocolate Sensation [Tub, 700ml]",Veg
5713,"Creme Caramel [Tub, 700ml]",Veg
5714,"Butterscotch [Tub, 700ml]",Veg
5715,"Vanilla [Tub, 700ml]",Veg
5716,"Blackcurrent & Raisins",Veg
5721,"Cornetto Chokissimo",Veg
5722,"Cornetto Double Chocolate",Veg
5723,"Cornetto Oreo",Veg
5724,"Cornetto Butterscotch",Veg
5725,"Magnum Almond  Ice Cream",Veg
5726,"Magnum Brownie Ice Cream",Veg
5727,"Magnum Chocolate Truffle Ice Cream",Veg
5728,"Trixy Cookie Sundae",Veg
5729,"Oreo and Cream Cup",Veg
5730,"Kulfi Tub Ice Cream [Tub, 700ml]",Veg
5731,"Cornetto Choco Vanilla x 4",Veg
5758,"Onions & Capsicum Pizza",Veg
5759,"Tomatoes Pizza",Veg
5760,"Capsicum, Paneer & Red Paprika Pizza",Veg
5761,"Onions & Paneer Pizza",Veg
5762,"Sweet Corns Pizza",Veg
5763,"Onions Pizza",Veg
5764,"Jalapenos, Sweet Corns & Paneer Pizza",Veg
5765,"Capsicum & Paneer Pizza",Veg
5767,"Jalapenos & Olives Pizza",Veg
5768,"Chicken Tikka & Chicken Salami Pizza",Non-veg
5769,"Keema & Onion Pizza",Non-veg
5770,"Capsicum & Chicken Tikka Pizza",Non-veg
5771,"Chicken Seekh & Chicken Salami Pizza",Non-veg
5773,"Garden Delight Pizza",Veg
5774,"Lovers Bite Pizza",Veg
5775,"Country Side Pizza",Veg
5776,"Spring Fling Pizza",Veg
5777,"Cheezy-7 Pizza",Veg
5778,"Burn To Hell Pizza",Veg
5779,"Garden Special Pizza",Veg
5780,"Paneer Tikka Butter Masala Pizza",Veg
5781,"Veg.hawaiian Pizza",Veg
5783,"La Pino'z Paneer Pizza",Veg
5784,"Cheese Lover Pizza",Veg
5785,"English Retreat Pizza",Veg
5786,"Korma Special Pizza",Veg
5787,Garlic-to-pizza,Veg
5788,"African Peri Peri Veg Pizza",Veg
5789,"Peri Peri Veg Pizza",Veg
5790,"Las Vegas Treat Pizza",Veg
5791,"Cheesy Macaroni Veg Pizza",Veg
5792,"Hot Passion Pizza",Veg
5793,"Veg Tamer Pizza",Veg
5794,"Exotic Tikka Pizza",Non-veg
5795,"Texas Bbq'ed Pizza",Non-veg
5796,"Chicago Delight Pizza",Non-veg
5797,"Indian Chicken Special Pizza",Non-veg
5798,"Non-veg Hawaiian Pizza",Non-veg
5799,"Korma Chicken Pizza",Non-veg
5800,"Mixed Grill Pizza",Non-veg
5801,"La Pino'z Chicken Pizza",Non-veg
5802,"Hot Tandoori Pizza",Non-veg
5803,"Cheesy Macaroni Non-veg Pizza",Non-veg
5804,"Cheesy Chicken Pizza",Non-veg
5805,"Peri Peri - Chicken Pizza",Non-veg
5806,"California Chicken Pizza",Non-veg
5807,"Chicken Tikka Lababdar Pizza",Non-veg
5808,"Spanish Sizzles Pizza",Non-veg
5809,"Fire-e-chicken Pizza",Non-veg
5810,"Non-veg Tamer Pizza",Non-veg
5811,"Classic Pizzas Pack Of 4 - Veg. (premium)",Veg
5812,"Classic Pizzas Pack Of 4 - Veg.",Veg
5813,"Classic Pizzas Pack Of 4 - Non-veg.",Non-veg
5814,"Cheezo Garlic Bread",Veg
5815,"Stuffed Garlic Bread Veg",Veg
5816,"Chicken Tikka Garlic Bread",Non-veg
5817,"Supreme Garlic Bread",Veg
5818,"English Chicken Garlic Bread",Non-veg
5819,"Cheesy Garlic Bread",Veg
5820,"Mutton Keema Garlic Bread",Non-veg
5821,"Paneer Tikka Garlic Bread",Veg
5822,"Americano Pasta Non-veg",Non-veg
5823,"Indiana Pasta Veg",Veg
5824,"Italiano Pasta Non-veg",Non-veg
5825,"Americano Pasta Veg",Veg
5826,"Indiana Pasta Non-veg",Non-veg
5827,"Italiano Pasta Veg",Veg
5828,"Mexicana Pasta Veg",Veg
5829,"Smoke Chilli Macaroni Veg",Veg
5830,"Smoke Chilli Macaroni Non-veg",Non-veg
5831,"Macaroni & Cheese Veg",Veg
5832,"Paneer Tikka Butter Masala & Red Paprika Taco's",Veg
5833,"Paneer & Corns Taco's",Veg
5834,"Chicken Tikka & Chicken Salami Taco's",Non-veg
5835,"Mushrooms, Corns & Onion Taco's",Veg
5836,"Mushroom, Olives & Cheese Quesadillas",Veg
5837,"Chicken Tikka, Jalapenos & Cheese Quesadillas",Non-veg
5838,"Paneer, Sweet Corn & Cheese Quesadillas",Veg
5839,"Bbq Chicken & Cheese Quesadillas",Non-veg
5840,"Mutton Shammi Kabab",Non-veg
5841,"Chicken Meatballs",Non-veg
5842,"Hot & Spicy Wings",Non-veg
5843,"Peri Peri Wings",Non-veg
5844,"Choco Lava",Veg
5859,"Bbq Chicken Pizza",Non-veg
5868,"Macaroni Special Pizza",Veg
5884,"Tandoori Chicken Pizza",Non-veg
5886,"Chicken De-light Pizza",Non-veg
5900,"Meat Blast Pizza",Non-veg
5907,"Stuffed Garlic Bread Non-veg",Non-veg
5918,"Mexicana Pasta Non-veg",Non-veg
5923,"Spaghetti With Meat Balls - Creamy White",Non-veg
5924,"Spaghetti With Meat Balls - Pesto",Non-veg
5925,"Spaghetti With Meat Balls - Rosy Red",Non-veg
5926,"Veg Spaghetti - Creamy White",Veg
5927,"Veg Spaghetti - Pesto",Veg
5928,"Veg Spaghetti - Rosy Red",Veg
5929,"Non Veg Lasagna - Creamy White",Non-veg
5930,"Non Veg Lasagna - Pesto",Non-veg
5931,"Non Veg Lasagna - Rosy Red",Non-veg
5932,"Veg Lasagna - Creamy White",Veg
5933,"Veg Lasagna - Pesto",Veg
5934,"Veg Lasagna - Rosy Red",Veg
5935,"Macaroni & Cheese Non-veg",Non-veg
5953,"Veg Schezwan Hakka Noodles",Veg
5957,"Chilly Paneer",Veg
5958,"Chilly Chana",Veg
5961,"Veg Manhurian",Veg
5965,"Veg Rolls",Veg
5966,"Double Egg Roll",Non-veg
5968,"Chicken Double Egg Rolls",Non-veg
5969,"Paneer Rolls",Veg
5971,"Aloo Dum",Veg
5972,"Aloo Bhujiya",Veg
5976,"Mushroom Do Pyaja",Veg
5979,"Chicken Curry[bone]",Non-veg
5980,"Chicken Butter Masala",Non-veg
5982,"Chicken Kadhai",Non-veg
5984,"Steam Rice",Veg
5991,"Mix Veg Fried Rice",Veg
6000,"Veg Hot Sour Soup",Veg
6002,"Veg Fried Rice And Manchurian Combo",Veg
6003,"Noodles And Manchurian Combo",Non-veg
6004,"Fried Rice And Chilli Chicken Combo",Non-veg
6005,"Chicken Kassa Combo",Non-veg
6006,"Chicken Butter Masala Combo",Non-veg
6007,"Chicken Curry Combo",Non-veg
6008,"Chicken Masala Combo",Non-veg
6009,"Chicken Kadhai Comboo",Non-veg
6010,"Paneer  Masala Comboo",Veg
6011,"Paneer Butter Masala Comboo",Veg
6013,"Paneer Kofta Comboo",Veg
6014,"Paneer Roti Combo",Veg
6017,"Veg Chilly Garlic Noodle",Veg
6018,"Egg Hakka Noodles",Non-veg
6019,"Egg Schezwan Hakka Noodles",Non-veg
6020,"Chicken Mix Noodles",Non-veg
6022,"Chicken Chili Garlic Noodles.",Non-veg
6023,"Mix Veg Hakka Noodle",Veg
6024,"American Corn Salt Pepper",Veg
6025,"American Corn Salt Chilly",Veg
6029,"Chicken Salt And Pepper",Non-veg
6030,"Chilly Potato",Veg
6038,"Onion Jura Pakoda",Veg
6048,"Paneer 65 Roll",Veg
6049,"Chilli Chicken Roll",Non-veg
6050,"Chilli Paneer Roll",Veg
6051,"Panner Salt And Pepper Roll",Veg
6052,"Veg Chilli Roll",Veg
6053,"Bread Omlette",Non-veg
6054,"Boiled Egg",Non-veg
6056,"Veg Grill Sandwich",Veg
6057,"Bombay Veg Sandwich",Veg
6059,"Chicken Grilled Sandwich",Non-veg
6060,"Bombay Chicken Sandwich",Non-veg
6065,"Corn Palak",Veg
6066,"Veg Kofta",Veg
6078,"Egg Dal Tadka",Non-veg
6080,"Chicken Do Pyaja",Non-veg
6085,"Chicken Kasa",Non-veg
6086,"Green Peas Pulao",Veg
6093,"Chicken Hydrabadi Biryani",Non-veg
6097,"Mix Chicken Fried Rice",Non-veg
6103,"Egg Dal Tadka (Dal)",Non-veg
6109,"Aloo Paratha [2pcs]",Veg
6110,"Satu Paratha (2 Pcs)",Veg
6111,"Gobi Paratha (2 Pcs)",Veg
6113,"Cucumber Salad",Veg
6118,"Chicken Talumein Soup",Non-veg
6119,"Lemon Coriander Soup",Veg
6122,"Veg Noodles Soup",Veg
6123,"Veg Talumein Soup",Veg
6125,"Plain Raita",Veg
6126,"Strawbelicious Cheesecake",Non-veg
6127,"Smokey Dark Chocolate Coffee Frappe n Garlic Bread",Veg
6128,"Hakka Noodles And Manchurian Combo",Non-veg
6154,"Aloo Paratha (2 Pcs)",Veg
6155,"Schezwan Noodles And Manchurian Combo",Non-veg
6156,"Garlic Chicken Noodles And Manchurian Combo",Non-veg
6158,"Schezwan Fried Rice And Chilli Combo",Non-veg
6159,"Garlic Fried Rice And Chilli Combo",Non-veg
6160,"Chicken Fried Rice And Chilli Combo",Non-veg
6161,"Garlic Fried Rice And Manchurian Combo",Non-veg
6162,"Chicken Fried Rice And Manchurian Combo",Non-veg
6163,"Veg Galic Fried Rice And Manchurian Combo",Veg
6172,"Veg Mix Hakka Noodles",Veg
6177,"Chicken Chili Garlic Noodles",Non-veg
6262,"Manchow Soup Veg Soup",Veg
6268,"Aaloo Gobi Paratha(2pc)",Veg
6269,"Paneer Paratha(2pc)",Veg
6271,"Sattu Paratha(2pc)",Veg
6272,"Aaloo Paratha(2pc)",Veg
6282,"Chicken Do Pyaza (4pc) With Bone",Non-veg
6283,"Chicken Masala(4pc)",Non-veg
6284,"Chicken Bharta",Non-veg
6285,"Chicken Curry With Bone(4pc)",Non-veg
6286,"Egg Bhujiya",Non-veg
6287,"Egg Curry (2pc)",Non-veg
6288,"Egg Omlet",Non-veg
6291,"Mushroom Paneer Butter Masala",Veg
6292,"Mushroom Babycorn Butter Masala",Veg
6295,"Paneer Butter Maala",Veg
6297,"Egg Tadka",Non-veg
6298,"Dal Tadaka",Veg
6301,"Green Peas Masala",Veg
6302,"Aaloo Matar",Veg
6303,"Aaalo Gobi Matar",Veg
6304,"Jeera Aaloo",Veg
6305,"Matar Palak",Veg
6308,"Dum Aaloo",Veg
6309,"Aaloo Palak",Veg
6310,"Chilli Panner",Veg
6314,"Chicken Butter Masal",Non-veg
6315,"Chiken Bharta",Non-veg
6317,"Red Velvet 1 Kg",Veg
6318,"Red Velvet 500 Gms",Veg
6319,"Vanilla Cake (500 gms)",Veg
6320,"Pineapple Cake  (500 gms)",Veg
6321,"Strawberry Cake (500 gms)",Veg
6322,"Black Forest Cake (500 gms)",Veg
6323,"Chocolate Truffle Cake (500 gms)",Veg
6325,"Special Chocolate Cream Roll",Veg
6326,"Vanilla Cream Roll",Veg
6327,"Vanilla  Cake (1 Pound)",Veg
6328,"Dark Chocolate Cake (1 Pound)",Veg
6329,"Black Forest Cake (1 Pound)",Veg
6330,"Choco Chips Cake (1 Pound)",Veg
6331,"Fruit cake 150gm",Veg
6332,"Friut cake 250gm",Veg
6333,"Friut cake 300gm",Veg
6334,"Tutti Frutti Cake With Nuts 1 Kg",Veg
6335,"Tutti Frutti Cake With Nuts 500 Gms",Veg
6336,"Pineapple Juicy Cake 1 Kg",Veg
6337,"Pineapple Juicy Cake 500 Gms",Veg
6338,"Crunchy Chocolate Cake 1 Kg",Veg
6339,"Crunchy Chocolate Cake 500 Gms",Veg
6340,"Pista Nd Nuts Cake 1 Kg",Veg
6341,"Pista Nd Nuts Cake 500 Gms",Veg
6344,"Brownie ( 1 Pond )",Veg
6349,"White Chocolate Cake (500 gms)",Veg
6351,"Choco Chips Cake (500 gms)",Veg
6352,"Choco Delight Cake (500 gms)",Veg
6353,"Special Rum Ball Big",Veg
6355,"White Chocolate Piece",Veg
6356,"Black Forest",Veg
6357,"Truffle Chocolate",Veg
6358,"Chocolate Mousse Glass",Veg
6362,"Special Coconut (200 gms)",Veg
6363,"Chocolate Kaju (200 gms)",Veg
6364,"White Kaju (200 gms)",Veg
6365,"Nankhatai (200 gms)",Veg
6366,"Special Namkeen (200 gms)",Veg
6367,"Shah Jeera (200 gms)",Veg
6368,"Chocolate Cookies (200 gms)",Veg
6369,"Butterscotch Cookie (200 gms)",Veg
6370,"Khari (250 gms)",Veg
6371,"Regular Buttercream Cake Chocolate Delight  Cake (1 Pound)",Veg
6373,"Strawberry Cake (1 Pound)",Veg
6375,"Butterscotch Cookie Cake (1 Pound)",Veg
6381,"1 Pond plain fruit cake",Veg
6382,"2 Pond Plain fruit cake",Veg
6383,"2 Pond choclate fruit cake",Veg
6384,"2 Pond Special fruit cake",Veg
6386,Browny,Veg
6387,Donut,Veg
6389,"Dark Chocolate",Veg
6392,"Red Velvet",Veg
6393,"Red Velvett",Veg
6394,Strawberryy,Veg
6395,Pineapplee,Veg
6397,"Black Forestt",Veg
6398,"Dark Chocolatee",Veg
6399,"White Forest",Veg
6400,"Truffle Cake",Veg
6401,"Pink Forest",Veg
6409,"Strawberry Mousse",Veg
6410,"Pineapple Mousse",Veg
6411,"Chocolate Mousse",Veg
6412,"Blue Berry Mousse",Veg
6413,"Veg China Town Special Soup",Veg
6414,"Veg Garlic Hot Pot Soup",Veg
6417,"Veg Peking Soup",Veg
6418,"Veg Pepper Lemon Soup",Veg
6419,"Non Veg China Town Special Soup",Non-veg
6420,"Non Veg Garlic Hot Pot Soup",Non-veg
6421,"Non Veg Hot & Sour Soup",Non-veg
6422,"Non Veg Manchow Soup",Non-veg
6423,"Non Veg Peking Soup",Non-veg
6424,"Non Veg Pepper Lemon Soup",Non-veg
6425,"China Town Special Ching Pong Paneer",Veg
6426,"Crispy Chilli Chana",Veg
6427,"Chana Salt & Pepper",Veg
6428,"Crispy Chilli Baby Corn",Veg
6429,"Honey Chilli Baby Corn",Veg
6430,"Mushroom Chilli Dry",Veg
6431,"Mushroom Salt & Pepper",Veg
6432,"Crispy Chilli Potato",Veg
6433,"Crispy Honey Potato",Veg
6435,"American Corn Salt & Pepper",Veg
6436,"Lovely American Corn Chilli",Veg
6437,"Mix Mushroom & Baby Corn Chilli Dry",Veg
6438,"Chilli Paneer Dry (10 Pc)",Veg
6439,"Paneer Manchurian Dry (10 Pc)",Veg
6440,"Roasted Chilli Paneer (8 Pc)",Veg
6441,"Veg Manchurian Dry (8 Pc)",Veg
6442,"Chilli Soya Chaap Dry (8 Pc)",Veg
6443,"Soya Chaap Manchurian Dry (8 Pc)",Veg
6444,"Crispy Chilli Chicken Dry",Non-veg
6445,"Crispy Honey Chicken Dry",Non-veg
6446,"Bang Bang Chicken Wings",Non-veg
6447,"Honey Chilli Wings",Non-veg
6448,"Chicken Salt & Pepper Dry",Non-veg
6450,"China Town Special Ching Pong Chicken",Non-veg
6451,"Tandoori Chilli Chicken (7 Pc)",Non-veg
6452,"Chicken Taipei Dry",Non-veg
6453,"Tangra Chilli Chicken Dry",Non-veg
6454,"Bar-b-que Chicken Dry",Non-veg
6455,"Bone Chilli Chicken Dry (8 Pc)",Non-veg
6456,"Chicken 65 Dry (8 Pc)",Non-veg
6457,"Chicken Lollypop Dry (6 Pc)",Non-veg
6458,"Chicken Manchurian Dry (8 Pc)",Non-veg
6459,"Chilli Chicken Dry (8 Pc)",Non-veg
6460,"Fish Dry (8 Pc) Choice Of Sauce",Non-veg
6461,"Prawn Dry (8 Pc) Choice Of Sauce",Non-veg
6462,"Roasted Chilli Chicken (8 Pc)",Non-veg
6463,"Dahi Cheese Kebab (8 Pc)",Veg
6464,"Mushroom Tikka (8 Pc)",Veg
6465,"Paneer Amritsari Tikka (8 Pc)",Veg
6466,"Paneer Tikka (8 Pc)",Veg
6467,"Veg Hara Bhara Kebab (8 Pc)",Veg
6468,"Tandoori Soya Chaap (8 Pc)",Veg
6469,"Chicken Tikka (8 Pc)",Non-veg
6470,"Fish Tikka (6 Pc)",Non-veg
6471,"Murgh Malai Tikka (8 Pc)",Non-veg
6472,"Tandoori Prawn (6 Pc)",Non-veg
6473,"Chuza Afgani",Non-veg
6475,"Veg Burnt Garlic Rice",Veg
6476,"Veg Butter Corn Fried Rice",Veg
6477,"Veg China Town Special Stir Fried Peanut Rice",Veg
6479,"Veg Lemon Grass Fried Rice",Veg
6480,"Veg Me Gorian Fried Rice",Veg
6481,"Veg Schezwan Fried Rice",Veg
6482,"Veg Shanghai Fried Rice",Veg
6485,"Chicken Burnt Garlic Rice",Non-veg
6486,"Chicken Butter Corn Fried Rice",Non-veg
6487,"Chicken China Town Special Stir Fried Peanut Rice",Non-veg
6489,"Chicken Lemon Grass Fried Rice",Non-veg
6490,"Chicken Me Gorian Fried Rice",Non-veg
6492,"Chicken Shanghai Fried Rice",Non-veg
6493,"Mix Fried Rice",Veg
6494,"Prawn Fried Rice",Non-veg
6495,"Veg Chilli Garlic Hakka Noodles",Veg
6496,"Veg China Town Special Stir Fried Peanut Hakka Noodles",Veg
6498,"Veg Hot Garlic Hakka Noodles",Veg
6499,"Veg Me Gorian Hakka Noodles",Veg
6500,"Veg Thai Green Chilli Noodles",Veg
6501,"Paneer Hakka Noodles",Veg
6503,"Chicken Chilli Garlic Hakka Noodles",Non-veg
6504,"Chicken China Town Special Stir Fried Peanut Hakka Noodles",Non-veg
6506,"Chicken Hot Garlic Hakka Noodles",Non-veg
6507,"Chicken Me Gorian Hakka Noodles",Non-veg
6508,"Chicken Thai Green Chilli Noodles",Non-veg
6509,"Prawn Hakka Noodles",Non-veg
6510,"Mix Hakka Noodles",Veg
6511,"Veg American Chopsuey Gravy",Veg
6512,"Veg China Town Special Tangra Chowmein Gravy",Veg
6513,"Veg Chowmein Gravy",Veg
6514,"Veg Pan Fried Noodles Gravy",Veg
6515,"Chicken American Chopsuey Gravy",Non-veg
6516,"Chicken China Town Special Tangra Chowmein Gravy",Non-veg
6517,"Chicken Chowmein Gravy",Non-veg
6518,"Chicken Pan Fried Noodles Gravy",Non-veg
6519,"Mix American Chopsuey Gravy",Veg
6520,"Mix China Town Special Tangra Chowmein Gravy",Veg
6521,"Mix Chowmein Gravy",Veg
6522,"Mix Pan Fried Noodles Gravy",Veg
6523,"China Town Special Bankok Chilli Paneer Gravy",Veg
6524,"Chilli Mushroom Gravy",Veg
6525,"Stir Fried Baby Corn & Mushroom Gravy",Veg
6526,"Chilli Paneer Gravy (10 Pc)",Veg
6527,"Exotic Vegetable Gravy - Choice Of Sauce",Veg
6528,"Hunan Paneer Gravy (10 Pc)",Veg
6529,"Mangolian Chilli Paneer (10 Pc)",Veg
6530,"Paneer Manchurian Gravy (10 Pc)",Veg
6531,"Schezwan Paneer Gravy (10 Pc)",Veg
6532,"Veg Manchurian Gravy (8 Pc)",Veg
6533,"China Town Special Kung Pao Chicken Gravy",Non-veg
6534,"Hong Kong Chicken Gravy",Non-veg
6535,"Hunan Chicken Gravy",Non-veg
6536,"Diced Chicken In Hot Garlic Chicken Gravy",Non-veg
6537,"Shredded Chicken In Chilli Hoisin Gravy",Non-veg
6538,"Bone Chilli Chicken Gravy (8 Pc)",Non-veg
6539,"Chicken Manchurian Gravy (8 Pc)",Non-veg
6540,"Chilli Chicken Gravy (8 Pc)",Non-veg
6541,"Fish Chilli Gravy (8 Pc)",Non-veg
6542,"Fish In Chilli Mustard Sauce Gravy (8 Pc)",Non-veg
6543,"Hunan Prawn Gravy (6 Pc)",Non-veg
6544,"Prawn Chilli Gravy (6 Pc)",Non-veg
6545,"Schezwan Chicken Gravy (8 Pc)",Non-veg
6549,"Mix Vegitable",Veg
6553,"Mushroom Handi",Veg
6555,"Dal Yellow Tarka",Veg
6556,"Mutton Rogan Josh (4 Pc)",Non-veg
6558,"Fish Curry (6 Pc)",Non-veg
6559,"Prawn Tawa Masala (6 Pc)",Non-veg
6565,Naan,Veg
6567,"Chicken Dum Biryani",Non-veg
6568,"Mutton Dum Biryani",Non-veg
6569,"Chicken Tikka Biryani",Non-veg
6570,"Paneer Tikka Biryani",Veg
6573,"Plain Steam Rice",Veg
6576,"Dal Khichadi",Veg
6577,"Veg Steam Momo (8 Pc )",Veg
6578,"Chicken Chilli Garlic Momos (8 Pc)",Non-veg
6579,"Chicken Fried Momos (8 Pc)",Non-veg
6580,"Chicken Steam Momo (8 Pc)",Non-veg
6581,"Chicken Tandoori Momos (8 Pc)",Non-veg
6582,"Veg Chilli Garlic Momos (8 Pc)",Veg
6583,"Veg Fried Momos (8 Pc)",Veg
6584,"Veg Tandoori Momos (8 Pc)",Veg
6587,"Chicken Wings Dry Fry",Non-veg
6588,"Chicken Pakoda (8 Pc Boneless)",Non-veg
6590,"Fish Finger (8 Pc)",Non-veg
6591,"Fried Chicken (8 Pc Withbone)",Non-veg
6592,"Paneer Pakoda (8 Pc)",Veg
6595,"Bundi Raita",Veg
6598,"Plain Curd",Veg
6599,"Roasted Papad (2 Pc)",Veg
6600,"Fried Papad (2 Pc)",Veg
6601,"Steamed Veg Momos",Veg
6602,"Fried Veg Momos",Veg
6603,"Crispy Chilli Baby corn",Veg
6605,"Chilli Paneer (Dry)",Veg
6606,"Cheese Balls",Veg
6610,"Veg Lemon Coriander Soup",Veg
6611,"Veg  Sweet Corn Soup",Veg
6613,"Veg Hot And Sour Soup",Veg
6615,"Veg Hakka Noodles (Dry)",Veg
6620,"Gulab Jamun (2 Pcs)",Veg
6621,"Paneer Chilli (jain)",Veg
6622,"Paneer Salt And Pepper (jain)",Veg
6623,"Chilli Babycorn (jain)",Veg
6624,"Chilli Chana (jain)",Veg
6625,"Tandoori Paneer Malai Tikka (jain)",Veg
6626,"Tandoori Paneer Tikka (jain)",Veg
6627,"Mix Veg Jaipuri (jain)",Veg
6628,"Paneer Butter Masala (jain)",Veg
6629,"Ghee Dal Fry (jain)",Veg
6630,"Paneer Bhurjee (jain)",Veg
6631,"Hing Dal Tadka",Veg
6632,"Shahi Paneer (jain)",Veg
6633,"Aloo Jeera (jain)",Veg
6634,"Paneer Pasanda (jain)",Veg
6635,"Aloo Gobhi Dry (jain)",Veg
6636,"Paneer Kalimirch (jain)",Veg
6637,"Shahi Subzi (jain)",Veg
6638,"Vegetable Pulao ( Jain)",Veg
6639,"Subz Kalimirch (jain)",Veg
6640,"Navratan Korma (jain)",Veg
6641,"Corn Palak (jain)",Veg
6642,"Malai Kofta (jain)",Veg
6643,"Methi Mutter Malai (jain)",Veg
6644,"Jeera Rice ( Jain )",Veg
6645,"Green Peas Pulao ( Jain)",Veg
6646,"Navratan Pulao ( Jain)",Veg
6647,"Mushroom Salt And Pepper",Veg
6648,"Mushroom Chilly Dry",Veg
6651,"American Corn Salt And Pepper",Veg
6654,"Crispy Honey Chilli Potato",Veg
6655,"Crispy Chilli Veg",Veg
6658,"Paneer Salt & Pepper",Veg
6660,"Veg Manchurian (Dry)",Veg
6661,"Veg Croquettes",Veg
6662,"Baby Corn Salt & Pepper",Veg
6663,"Golden Fried Baby Corn",Veg
6665,"Salted Peanuts",Veg
6666,"Veg Sandwich(Plain)",Veg
6667,"Mixed Veg Pakora",Veg
6672,"Cheese Chilli Toast",Veg
6676,"Kaju Fry",Veg
6677,"Tomato Shorba",Veg
6683,"Talumein Soup",Veg
6684,"Cream Of Tomato Soup",Veg
6685,"Cream Of Mushroom Soup",Veg
6686,"Veg Chow Mein Gravy",Veg
6688,"Chilli Garlic Noodles",Veg
6689,"Shewan Hakka Noodles",Veg
6691,"Cantonese Noodles",Veg
6692,"Veg Chopsuey",Veg
6693,"Ginger Onion Noodles",Veg
6694,"Mongolian Noodles",Veg
6695,"Pan Fried Noodles",Veg
6696,"Veg In Thai Green Curry",Veg
6697,"Chilli Garlic Paneer",Veg
6699,"Shewan Paneer",Veg
6700,"Paneer In Hunan Sauce",Veg
6702,"Three Treasure Veg In Hot Garlic Sauce",Veg
6704,"Stir Fried Veg",Veg
6705,"Sweet And Sour Paneer",Veg
6708,"Buddha Delights",Veg
6710,"Triple Shewan Rice",Veg
6711,"Chilli Garlic Fried Rice",Veg
6712,"Brunt Garlic Ginger Rice",Veg
6713,"Yang Chow Rice",Veg
6714,"Corn Fried Rice",Veg
6715,"Penne Pasta In Red Sauce",Veg
6716,"Penne Pasta In Cheese Sauce",Veg
6717,"Penne pasta in mixed",Veg
6723,"Kuchumber  Salad",Veg
6724,"Veg Raita",Veg
6725,"Raita (Boondi)",Veg
6727,"Crispy Noodles Salad",Veg
6729,"Paneer Saunfiyani Tikka",Veg
6730,"Mushroom Cabana",Veg
6731,"Makka Malai Kebab",Veg
6732,"Yellow Moong Dal Tadka",Veg
6733,"Spinach Paneer Kofta",Veg
6734,"Paneer Kalimirch",Veg
6735,"Paneer Hara Pyaaz",Veg
6736,"Exotic Mixed Vegetable",Veg
6737,"Subz Miloni",Veg
6738,"Kabuli Pulao",Veg
6739,"Malabari Paratha",Veg
6740,"Working Lunch",Veg
6741,"Vegetable Biryani With Raita And Salan",Veg
6742,"Paneer Butter Masala With Malabari Paratha And Laccha Salad",Veg
6743,"Paneer Tikka With Stuffed Kulcha And Laccha Salad",Veg
6744,"Amritsari Choley With Stuffed Kulcha And Laccha Salad",Veg
6745,"Veg. Fried Rice And Paneer Chilly ( Semi Gravy)",Veg
6746,"Hakka Noodles With Paneer Chilly ( Semi Gravy)",Veg
6747,"Veg Fried Rice With Veg. Manchurian ( Gravy)",Veg
6748,"Veg. Hakka Noodles With Veg Manchurian (gravy)",Veg
6749,"Stuffed Mushroom",Veg
6750,"Corn Cheese Triangle",Veg
6752,"Paneer Mushroom",Veg
6753,"Aaj Ki Sabji",Veg
6754,"Veg Jalfrezi",Veg
6755,"Aloo Jeera (Dry)",Veg
6756,"Aloo Gobi Adraki",Veg
6757,"Vegetable Kadai",Veg
6760,"Aloo Dhaniya",Veg
6762,"Amritsari Chana Masala",Veg
6764,"Paneer Lababdar",Veg
6767,"Paneer Khurchan",Veg
6770,"Palak Aloo",Veg
6771,"Dahi Paneer Mushroom",Veg
6772,"Paneer Hara Dhaniya",Veg
6775,"Paneer Patiyala",Veg
6776,"Kadai Mushroom",Veg
6782,"Paneer Kaju Curry",Veg
6784,"Methi Mutter Malai",Veg
6787,"Aloo Nazakat",Veg
6789,"Paneer Afghani Tikka",Veg
6791,"Paneer Malai Tikka",Veg
6792,"Veg Seekh Kebab",Veg
6794,"Dahi Ke Kebab",Veg
6795,"Mushroom Tikka",Veg
6796,"Paneer Papdi Kebab",Veg
6797,"Veg Kebab Platter",Veg
6804,"Paneer Pulao",Veg
6807,"Yellow Dal  Fry",Veg
6808,"Dal Tadka Lasooni",Veg
6811,"Kali Dal Tadka Wali",Veg
6812,"Punjabi Dal Tadka",Veg
6813,"Phulka Butter",Veg
6823,"Methi Paratha",Veg
6827,"Roti Ki Tokri",Veg
6828,"Onyx Thali",Veg
6829,"Onyx Mini Thali",Veg
6830,"Veg Chow Mein",Veg
6831,"Egg Chow Mein",Non-veg
6832,"Chicken Chow Mein",Non-veg
6833,"Mix Chow Mein",Non-veg
6834,"Paneer Chow Mein",Veg
6837,"Egg Roll [Double]",Non-veg
6840,"Manchurian Roll",Veg
6842,"Egg Rice",Non-veg
6843,"Chicken Rice",Non-veg
6844,"Mix Rice",Non-veg
6845,"Paneer Rice",Veg
6846,"Spring Rice",Veg
6847,"Rice With Manchurian",Veg
6848,"Chow With Manchurian",Veg
6856,Tarka,Non-veg
6858,Parotha,Veg
6859,"Veg Steamed Momos [8 Pieces]",Veg
6860,"Veg Tandoori Momos [8 Pieces]",Veg
6861,"Veg Afghani Momos [8 Pieces]",Veg
6862,"Chicken Steamed Momos [8 Pieces]",Non-veg
6863,"Chicken Tandoori Momos [8 Pieces]",Non-veg
6864,"Chicken Afghani Momos [8 Pieces]",Non-veg
6865,"Veg Hara Bhara Kebab [8 Pieces]",Veg
6866,"Chilli Paneer Dry [10 Pieces]",Veg
6867,"Veg Manchurian Dry [8 Pieces]",Veg
6869,"Chicken Lollipop Dry [6 Pieces]",Non-veg
6870,"Chicken Salt And Pepper Dry",Non-veg
6871,"Tandoori Prawns [6 Pieces]",Non-veg
6878,"Chilli Paneer Gravy [10 Pieces]",Veg
6879,"Veg Manchurian Gravy [8 Pieces]",Veg
6881,"Kadhai Chicken",Non-veg
6883,"Chicken Lababdar",Non-veg
6885,"Chilli Chicken Gravy [8 Pieces]",Non-veg
6886,"Fish Curry [6 Pieces]",Non-veg
6888,"Plain Steamed Rice",Veg
6897,"Paneer Pakoda [8 Pieces]",Veg
6902,"Veg Fried Momos [8 Pieces]",Veg
6903,"Veg Chilli Momos [8 Pieces]",Veg
6904,"Veg Ginger Honey Momos [8 Pieces]",Veg
6905,"Veg Chilli Garlic Momos [8 Pieces]",Veg
6907,"Veg Amritsari Momos [8 Pieces]",Veg
6910,"Chicken Fried Momos [8 Pieces]",Non-veg
6911,"Chicken Chilli Momos [8 Pieces]",Non-veg
6912,"Chicken Ginger Honey Momos [8 Pieces]",Non-veg
6913,"Chicken Chilli Garlic Momos [8 Pieces]",Non-veg
6915,"Chicken Amritsari Momos [8 Pieces]",Non-veg
6917,"Paneer Tikka [8 Pieces]",Veg
6920,"Paneer Kasturi Tikka [8 Pieces]",Veg
6921,"Mushroom Tikka [8 Pieces]",Veg
6923,"American Corn And Salt",Veg
6925,"Paneer Manchurian Dry [10 Pieces]",Veg
6929,"Crispy Mushroom Chilli",Veg
6932,"Lahori Bhatti Murgh",Non-veg
6933,"Chicken Tikka [8 Pieces]",Non-veg
6934,"Chicken Boti Kebab [8 Pieces]",Non-veg
6935,"Murgh Leshuni Tikka [8 Pieces]",Non-veg
6936,"Chilli Chicken Dry [8 Pieces]",Non-veg
6937,"Roasted Chilli Chicken [8 Pieces]",Non-veg
6938,"Tandoori Chilli Chicken [7 Pieces]",Non-veg
6942,"Fried Chicken [8 Pieces]",Non-veg
6943,"Fish Chilli Dry [8 Pieces]",Non-veg
6944,"Fish Tikka [6 Pieces]",Non-veg
6945,"Pan Fried Fish Dry [8 Pieces]",Non-veg
6946,"Prawns Amritsari Tikka [6 Pieces]",Non-veg
6947,"Prawns Chilli Dry [6 Pieces]",Non-veg
6948,"Prawns Salt And Pepper Dry [6 Pieces]",Non-veg
6950,"Kadhai Soya Chaap",Veg
6960,"Mushroom Punjabi",Veg
6962,"Dal Yellow Tadka",Veg
6970,"Punjabi Murgh Musallam [half]",Non-veg
6971,"Punjabi Murgh Musallam [full]",Non-veg
6972,"Mutton Kassa [4 Pieces]",Non-veg
6975,"Egg Do Pyaza",Non-veg
6978,"Chicken Manchurian Gravy [8 Pieces]",Non-veg
6979,"Schezwan Chicken Gravy [8 Pieces]",Non-veg
6981,"Fish Tawa Masala [6 Pieces]",Non-veg
6982,"Fish In Hot Garlic Sauce Gravy [8 Pieces]",Non-veg
6983,"Prawns Curry [6 Pieces]",Non-veg
6984,"Fish Chilli Gravy [8 Pieces]",Non-veg
6985,"Prawns Tawa Masala [6 Pieces]",Non-veg
6986,"Prawns In Hot Garlic Sauce Gravy [6 Pieces]",Non-veg
6987,"Prawns Chilli Gravy [6 Pieces]",Non-veg
6988,"Chinese Chicken Momos Platter [12 Pieces]",Non-veg
6989,"Chinese Veg Momos Platter [12 Pieces]",Veg
6990,"Tandoori Chicken Momos Platter [12 Pieces]",Non-veg
6991,"Tandoori Non Veg Platter [12 Pieces]",Non-veg
6992,"Tandoori Veg Momos Platter [12 Pieces]",Veg
6993,"Tandoori Veg Platter [12 Pieces]",Veg
6997,"Chicken Hyderabadi Biryani",Non-veg
6998,"Mutton Hyderabadi Biryani",Non-veg
7003,"Veg Seven Jewel Fried Rice",Veg
7008,"Chicken Seven Jewel Fried Rice",Non-veg
7009,"Mixed Fried Rice",Non-veg
7010,"Prawns Fried Rice",Non-veg
7012,"Veg Chilli Garlic Noodles",Veg
7015,"Veg American Gravy Chopsuey",Veg
7021,"Mixed American Chopsuey Gravy",Non-veg
7022,"Mixed Chowmein Gravy",Non-veg
7023,"Mixed Hakka Noodle",Non-veg
7024,"Mixed Pan Fried Noodles Gravy",Non-veg
7025,"Prawns Hakka Noodles",Non-veg
7029,"Stuffed Naan",Veg
7034,"Fish Fingers [8 Pieces]",Non-veg
7041,"Non Veg Talumein Soup",Non-veg
7047,"Veg Steamed Cocktail Momos",Veg
7048,"Chicken Steamed  Cocktail Moms",Non-veg
7049,"3 In 1 Steamed Cocktail Momos",Veg
7050,"Soya Steamed Cocktail Momos",Veg
7051,"Paneer Steamed Cocktail Momos",Veg
7052,"Veg Fried Cocktail Momos",Veg
7053,"Paneer Fried Cocktail Momos",Veg
7054,"Soya Fried Cocktail Momos",Veg
7055,"3 In 1 Fried Cocktail Momos",Veg
7056,"Chicken Fried Cocktail Momos",Non-veg
7058,"Veg Fried Maska Masala Momos (8 Pcs)",Veg
7059,"Paneer Fried Maska Masala Momos (8 Pcs)",Veg
7060,"Soya Fried Maska Masala Momos (8 Pcs)",Veg
7061,"3 in 1 Fried Maska Masala Momos (8 Pcs)",Veg
7062,"Chicken Fried Maska Masala Momos (8 Pcs)",Non-veg
7063,"Veg KFC Crispy Momos (8 Pcs)",Veg
7064,"Paneer KFC Crispy Momos (8 Pcs)",Veg
7065,"Soya KFC Crispy Momos (8 Pcs)",Veg
7066,"Chicken KFC Crispy Momos (8 Pcs)",Non-veg
7067,"3 In 1 Kfc Crispy Momos",Veg
7068,"Mixed Sauce Penne Pasta",Veg
7069,"Veg Tandoori Dry Salad Momos (8 Pcs)s",Veg
7070,"Paneer Tandoori Dry Salad Momos (8 Pcs)s",Veg
7071,"Soya Tandoori Dry Salad Momos (8 Pcs)s",Veg
7072,"Chicken Tandoori Dry Salad Momos (8 Pcs)s",Non-veg
7073,"Veg Tandoori Afgani Momos (8 Pcs)",Veg
7074,"Paneer Tandoori Afgani Momos (8 Pcs)",Veg
7075,"Soya Tandoori Afgani Momos (8 Pcs)",Veg
7076,"Chicken Tandoori Afgani Momos (8 Pcs)",Non-veg
7077,"Veg Tandoori Maska Masala Momos (8 Pcs)",Veg
7078,"Paneer Tandoori Maska Masala Momos (8 Pcs)",Veg
7079,"Soya Tandoori Maska Masala Momos (8 Pcs)",Veg
7080,"Chicken Tandoori Maska Masala Momos (8 Pcs)",Non-veg
7081,"Veg Steamed Momos (8 Pcs)",Veg
7082,"Paneer Steamed Momos (8 Pcs)",Veg
7083,"Soya Steamed Momos (8 Pcs)",Veg
7084,"3 in 1 Steamed Momos (8 Pcs)",Veg
7085,"Chicken Steamed Momos (8 Pcs)",Non-veg
7086,"Veg Steamed Afghani Momos (8 Pcs)",Veg
7087,"Paneer Steamed Afghani Momos (8 Pcs)",Veg
7088,"Soya Steamed Afghani Momos (8 Pcs)",Veg
7089,"3 in 1 Steamed Afghani Momos (8 Pcs)",Veg
7090,"Chicken Steamed Afghani Momos (8 Pcs)",Non-veg
7091,"Veg Fried Afghani Momos (8 Pcs)",Veg
7092,"Paneer Fried Afghani Momos (8 Pcs)",Veg
7093,"3 in 1 Fried Afghani Momos (8 Pcs)",Veg
7094,"Soya Fried Afghani Momos (8 Pcs)",Veg
7095,"Chicken Fried Afghani Momos (8 Pcs)",Non-veg
7096,"Veg Tandoori Malai Momos (8 Pcs)",Veg
7097,"Paneer Tandoori Malai Momos (8 Pcs)",Veg
7098,"Soya Tandoori Malai Momos (8 Pcs)",Veg
7099,"Chicken Tandoori Malai Momos (8 Pcs)",Non-veg
7100,"Veg Steamed Maska Masala Momos",Veg
7101,"Paneer  Steamed Maska Masala Momos",Veg
7102,"Soya Steamed Maska Masala Momos",Veg
7103,"3 In 1 Steamed Maska Masala Momos",Veg
7104,"Chicken Steamed Maska Masala Momos",Non-veg
7105,"Rasgulla ( 5 Pc)",Veg
7106,"Motichoor Laddu (500 Gm)",Veg
7107,"Kaju Barfi 500gm",Veg
7108,"Khasta Kachori(with Chutney)",Veg
7109,"Chilli Paneer Sandwich",Veg
7110,"Potato Chips Large",Veg
7111,"Potato Chips Small",Veg
7114,"Idli (4Pcs)",Veg
7115,"Idli 65",Veg
7116,"Chilli Idli",Veg
7117,"Schezwan Idli",Veg
7119,"Tomato Uttapam",Veg
7120,"Diet Sada Dosa",Veg
7121,"Sada Dosa",Veg
7129,"Mushroom Butter Masala",Veg
7132,"Suji Ke Golgappe [ 5 Pcs]",Veg
7133,"Aate Ke Golgappe [ 6 Pcs ]",Veg
7134,"Kesar Pista Milk",Veg
7135,"Raj Kachori [ Full Plate ]",Veg
7136,"Dahi Vada [ 2 Piece ]",Veg
7137,"Desi Ghee Laddu [ 500 G.m. ]",Veg
7138,"Patisha Roll Pack [ 400 Gm ]",Veg
7139,"Kaju Sonpapdi  Pack [ 200 Gm ]",Veg
7140,"Kaju Katli [ 1 Kg]",Veg
7141,"Kaju Katli [ 500 G.m.]",Veg
7142,"Kaju Katli [ 250 Gm]",Veg
7143,"Khoa Gujiya Gift Pack [500 Gm]",Veg
7144,"Chocolate Gujiya Gift Pack [400 Gm]",Veg
7145,"Mini Chandra Kala Gift Pack [400 Gm]",Veg
7146,"Milk Cake 500 Gm",Veg
7147,"Milk Cake 250 Gm",Veg
7148,"Patisha Rolll 400gm",Veg
7149,"Desi Ghee Laddu 500 Gm",Veg
7150,"Kaju Katli 500 Gm",Veg
7151,"Dahi Vada (2 Pc)",Veg
7152,"Dahi Papdi Chaat(1 Plate)",Veg
7153,"Raj Kachori (1 Plate)",Veg
7154,"Hera Mani(1 Pc)",Veg
7155,"Cream Tost( 5 Pc)",Veg
7156,"Mini White Rasgulla (250 Gm)",Veg
7157,"Mini Panuta (250 Gm)",Veg
7158,"Mini Rasmalai ( 1 Cup)",Veg
7160,"Raj Bhog White(5 Pc)",Veg
7161,"Raj Bhog Kesaria(5 Pc)",Veg
7162,"Rabri(1 Cup)",Veg
7163,"Gulab Raskadam(5 Pc)",Veg
7164,"Lamcha( 5 Pc)",Veg
7165,"Kheer Kadam(5 Pc)",Veg
7166,"Kala Jamun( 5 Pc)",Veg
7167,"Dry Chamcham( 5 Pc)",Veg
7168,"Dry Rasgulla (5 Pc)",Veg
7169,"Chena Tost( 5 Pc)",Veg
7170,"Cham Cham(5 Pc)",Veg
7171,"Raskadam ( 5 Pc)",Veg
7172,"Rasmalai( 5 Pc)",Veg
7173,"Gulab Jamunbig  ( 5 Pc)",Veg
7174,"Punjab Barfi(250 Grams )",Veg
7175,"Special Besan Laddu (400gm)",Veg
7176,"Special Besan Laddu(200gm)",Veg
7177,"Desi Ghee Son Papdi(500 Gm)",Veg
7178,"Pinni Laddu(250 Gm)",Veg
7179,"Patisha Roll (250 Gm)",Veg
7180,"Moti Pake (250 Gm)",Veg
7181,"Chandrakala(1 Pc)",Veg
7183,"Motichoor Laddu (250 Gm)",Veg
7184,"Gond Laddu (250g)",Veg
7185,"Fancy Milk Cake (250g)",Veg
7186,"Doda Barfi (250g)",Veg
7187,"Dil Khusal (250 G)",Veg
7188,"Desi Ghee Barfi (250 G)",Veg
7189,"Punjab Barfi (250 Gm )",Veg
7190,"Fresh Paneer (250gm)",Veg
7191,"Kalakand (250 Gm )",Veg
7192,"Misti Doi Handi (250gm)",Veg
7193,"Misti Doi Handi(100gm)",Veg
7194,"Mango Choco Roll (2pc)",Veg
7195,"Mango Choco Roll(250 Gm)",Veg
7196,"Khoa Barfi (250 Gm )",Veg
7197,"Peda Lal (250g)",Veg
7198,"Peda Kesaria (250g )",Veg
7199,"Kaju Sonpapdi (250 Gm)",Veg
7200,"Cadbury Laddu( 2 Pc)",Veg
7201,"Kaju Barfi 250gm",Veg
7203,"Kaju Pista Roll (250 Gm )",Veg
7204,"Anjeer Sugar Free Bite (1 Pc)",Veg
7205,"Khajoor Sugar Free Bite (1 Pc)",Veg
7206,"Kachori Chat (full)",Veg
7207,"Samosa Chat(full)",Veg
7209,"Samosa (with Chutney)",Veg
7211,"Coleslaw Sandwich",Veg
7212,"Harabhara Sandwich",Veg
7214,"Spl Nimki 500gm Box",Veg
7215,"Mix Mixture 200gm",Veg
7216,"Mini Bhakarwadi 250gm Box",Veg
7217,"Mini Samosa 400gm Box",Veg
7218,"Suhali 400gm Box",Veg
7219,"Spl Bangla Nimki 400gm Box",Veg
7220,"Kaju Fry 250gm Box",Veg
7221,"Kaju Fry 100gm Box",Veg
7222,"Kaju Fry 50gm Box",Veg
7225,"Chilli Paneer Burger",Veg
7231,"Italian Pizza (Onion/Tomato/Capsicum)",Veg
7232,"Mixed Veg Pizza",Veg
7233,"Chilli Paneer  Pizza",Veg
7234,"Chilli Paneer Pizza",Veg
7235,"Jain Pizza",Veg
7237,"Classic Paneer Pizza",Veg
7238,"American Express Pizza",Veg
7239,"Margerita Pizza",Veg
7240,"Tandoori Paneer Pizza",Veg
7241,"Jain Pizza (No Onion No Garlic)",Veg
7242,"Gangour Special Pizza",Veg
7247,"Cheese Onion Uttapam",Veg
7248,"Uttapam Pizza",Veg
7251,"Mixed Veg Uttapam",Veg
7254,"Onion Sada Dosa",Veg
7256,"Onion Masala Dosa",Veg
7257,"Diet Masala Dosa",Veg
7258,"Paneer Butter Masala Dosa",Veg
7259,"Green Butter Sada Dosa",Veg
7260,"Green Butter Masala Dosa",Veg
7261,"Chinese Dosa",Veg
7262,"Chilli Paneer Dosa",Veg
7263,"Gangour Special Dosa",Veg
7264,"4 In 1 Dosa",Veg
7265,"Veg Salt & Pepper",Veg
7270,"Chilli Chana",Veg
7271,"Crispy Chilli American Corn",Veg
7275,"Crispy Chilli Babycorn",Veg
7277,"Babycorn Mushroom",Veg
7285,"Chinese Veg Chop Suey",Veg
7286,"Veg Chop suey",Veg
7287,"American Veg Chop suey",Veg
7288,"Mix Spl Hakka Noodles",Veg
7292,"Schezwan Hakka Noodles",Veg
7295,"Kolkata Chow mein (Gravy)",Veg
7297,"Chilli Garlic Rice",Veg
7299,"Corn Ginger Rice",Veg
7301,"Tripple Schezwan Fried Rice",Veg
7302,"Mongolian Rice",Veg
7306,"Butter Garlic Paneer(white Gravy)",Veg
7307,"Garlic Paneer",Veg
7308,"Ginger Paneer",Veg
7310,"Veg Corn Manchurian",Veg
7311,"Veg Balls In Hot Garlic Sauce",Veg
7313,"Paneer In Hot Garlic Sauce",Veg
7314,"Paneer Hong Kong Style",Veg
7315,"Paneer Ginger Garlic",Veg
7316,"Hunan Paneer",Veg
7317,"Schezwan Paneer",Veg
7318,"Mixed Vegetable (Chinese Style)",Veg
7320,"Fried Momos",Veg
7321,"Pan Fried Momos",Veg
7322,"Veg Jhal Freezi",Veg
7323,"Mushroom Kadai",Veg
7328,"Paneer Hydrabadi",Veg
7329,"Paneer Takatak",Veg
7333,"Matar Aloo",Veg
7336,"Paneer Dhaniya Adraki",Veg
7343,"Veg Deewani Handi",Veg
7344,"Butter Tadka Dal Yellow",Veg
7345,"Butter Dal Fry",Veg
7347,"Tadka Dal Yellow",Veg
7348,"Paneer Paratha(2 Pcs)",Veg
7349,"Aloo Paratha(2pcs)",Veg
7350,"Ghee Paratha",Veg
7351,"Butter Paratha",Veg
7353,"Butter Aata Roti (1 Pc)",Veg
7354,"Ghee Aata Roti (1 Pc)",Veg
7355,"Plain Aata Roti",Veg
7356,"Extra Butter (dosa)",Veg
7357,"Extra Onion (dosa)",Veg
7358,"Papad (2Pcs)",Veg
7360,Raita,Veg
7361,"Poori Sabzi ( 4 Pc )",Veg
7362,"Cholla Bhatura ( 1 Plate)",Veg
7363,"Chocolate Oreo Cake (1Kg)",Veg
7364,"Chocolate Cake (1Kg)",Veg
7365,"Crunchy Chocolate (eggless) 500gms",Veg
7366,"Alphonso Mango Cake",Veg
7367,"Rasmalai Cake (eggless) 500gms",Veg
7368,"Chocolate Chips (eggless) 500gms",Veg
7369,"Strawberry Velvet (eggless) 500gms",Veg
7370,"Chocolate Truffle (eggless) 500gms",Veg
7371,"Choco Vanilla (eggless) 500gms",Veg
7372,"Chocolate (eggless) 500gms",Veg
7373,"Chocolate Moose (eggless) 500gms",Veg
7374,"Black Forest (eggless) 500gms",Veg
7375,"Pineapple (eggless) 500gms",Veg
7376,"Kit Kat Cake (eggless) 500gms",Veg
7377,"Rum Balls",Veg
7378,"Chocolate Chips Cake (1Kg)",Veg
7379,"Chocolate Kitkat Cake (1Kg)",Veg
7393,"Chocolate Oreo (eggless) 500gms",Veg
7395,"Brownie Truffle Cake (eggless) 550gms",Veg
7396,"Blueberry Cake (Eggless) 500Gms",Veg
7397,"Red Velvet Cake (eggless) 500gms",Veg
7398,"Butterscotch (eggless) 500gms",Veg
7399,"French Vanilla (eggless) 500gms",Veg
7401,"Veg Masala Puff",Veg
7402,"Jeera Namkin (250gm)",Veg
7403,"Butter Namkin (250gm)",Veg
7404,"Ajwain Namkin (250gm)",Veg
7405,"Sweets Badam Biscuits Sweets (250gm)",Veg
7406,"Sweets Chocolate Biscuits (250gm)",Veg
7407,"Sweets Nankhatai Biscuits (250gm)",Veg
7408,"1 Pound Vanilla In Rich Cream (454gm)",Veg
7409,"1 Pound Strawberry In Rich Cream (454gm)",Veg
7410,"1 Pound Pineapple In Rich Cream (454gm)",Veg
7411,"1 Pound Blue Berry In Rich Cream (454gm)",Veg
7412,"1 Pound Black Courante In Rich Cream (454gm)",Veg
7413,"1 Pound Mango Fresh In Rich Cream (454gm)",Veg
7414,"1 Pound Orange Fresh In Rich Cream (454gm)",Veg
7415,"1 Pound Pista In Fresh In Rich Cream (454gm)",Veg
7416,"1 Pound Butter Scotch In Rich Cream (454gm)",Veg
7417,"1 Pound Black Forest In Rich Cream (454gm)",Veg
7418,"1 Pound Durk Chocolate In Rich Cream (454gm)",Veg
7419,"1 Pound Choco Vanilla In Rich Cream (454gm)",Veg
7420,"1 Pound Weight Forest In Rich Cream (454gm)",Veg
7421,"1 Pound Red Velvet In Rich Cream  (454gm)",Veg
7422,"1 Pound Truffle In Rich Cream (454gm)",Veg
7423,"Vanilla In Rich Cream Pastry",Veg
7424,"Strawberry In Rich Cream Pastry",Veg
7425,"Pineapple In Rich Cream Pastry",Veg
7426,"Black Forest In Rich Cream Pastry",Veg
7427,"Durk Chocolate In Rich Cream Pastry",Veg
7428,"Weight Forest In Rich Cream Pastry",Veg
7429,"Red Velvet In Rich Cream Pastry",Veg
7430,"1 Pound Vanilla In Fresh Cream Cake (454gm)",Veg
7431,"1 Pound Strawberry In Fresh Cream Cake  (454gm)",Veg
7432,"1 Pound Pineapple In Fresh Cream Cake (454gm)",Veg
7433,"1 Pound Blue Berry In Fresh Cream Cake (454gm)",Veg
7434,"1 Pound Black Courante In Fresh Cream Cake (454gm)",Veg
7435,"1 Pound Mango In Fresh Cream Cake (454gm)",Veg
7436,"1 Pound Orange In Fresh Cream Cake (454gm)",Veg
7437,"1 Pound Pista In Fresh Cream Cake (454gm)",Veg
7438,"1 Pound Butter Scotch In Fresh Cream Cake (454gm)",Veg
7439,"1 Pound Black Forest In Fresh Cream Cake (454gm)",Veg
7440,"1 Pound Durk Chocolate In Fresh Cream Cake (454gm)",Veg
7441,"1 Pound Choco Vanilla In Fresh Cream Cake (454gm)",Veg
7442,"1 Pound Weight Forest In Fresh Cream Cake  (454gm)",Veg
7443,"1 Pound Red Velvet In Fresh Cream Cake (454gm)",Veg
7444,"1 Pound Truffle In Fresh Cream Cake (454gm)",Veg
7445,"Veg Pettish",Veg
7447,"Vanilla Fresh Cream",Veg
7448,"Strawberry Fresh Cream",Veg
7449,"Pineapple Fresh Cream",Veg
7450,"Black Forest Fresh Cream",Veg
7451,"Durk Chocolate Fresh Cream",Veg
7452,"Weight Forest Fresh Cream",Veg
7453,"Red Velvet Fresh Cream",Veg
7454,"10pc Strips with Dynamite Sauce",Non-veg
7455,"10pc Strips with Nashville Sauce",Non-veg
7456,"Friendship Bucket with Dynamite Sauce",Non-veg
7457,"Mingles Bucket Meal",Non-veg
7458,"Friendship Bucket with Nashville Sauce",Non-veg
7459,"Stay Home Bucket",Non-veg
7460,"6pc Hot & Crispy with Dynamite Sauce",Non-veg
7461,"Bucket for Two",Non-veg
7462,"6pc Hot & Crispy with Nashville Sauce",Non-veg
7463,"Smoky Grilled Biryani Combo",Non-veg
7464,"Classic Biryani Combo",Non-veg
7465,"5 pc Leg Piece Bucket Meal",Non-veg
7466,"Big 8",Non-veg
7467,"Ultimate Savings Bucket",Non-veg
7468,"10pc Leg Piece Bucket & 4 Dips",Non-veg
7469,"8 pcs Hot & Crispy Chicken",Non-veg
7470,"6 pc Hot & Crispy Chicken",Non-veg
7471,"5 pc Smoky Red Chicken",Non-veg
7472,"5pc Leg Piece Bucket & 2 Dips",Non-veg
7473,"Classic Chicken Biryani Bucket-Large",Non-veg
7474,"Popcorn Chicken Biryani Bucket-Large",Non-veg
7475,"Smoky Grilled Biryani Bucket-Large",Non-veg
7476,"Classic Chicken Biryani Bucket",Non-veg
7477,"Popcorn Chicken Biryani Bucket",Non-veg
7478,"Smoky Grilled Biryani Bucket",Non-veg
7479,"Veg Biryani Bucket",Veg
7480,"Buddy Popcorn Nachos Meal",Non-veg
7481,"Popcorn Nachos & Wings Combo",Non-veg
7482,"Popcorn Nachos",Non-veg
7483,"Buddy Meal",Non-veg
7484,"Chicken & Krispers Combo",Non-veg
7485,"Mixed Zinger Doubles",Non-veg
7486,"Classic Zinger Meal",Non-veg
7487,"Veg Zinger Burger",Veg
7488,"Mingles Bucket",Non-veg
7489,"Super Snacker Combo",Non-veg
7490,"Chick’n Wings Combo",Non-veg
7491,"Chick'n Strips Solo Combo",Non-veg
7492,"Chicken & Fries Bucket",Non-veg
7493,"Popcorn & Fries bucket",Non-veg
7494,"Large Popcorn",Non-veg
7495,"Medium Popcorn",Non-veg
7496,"Regular Popcorn",Non-veg
7497,"2 pcs Smoky Red Chicken",Non-veg
7498,"Spicy Mix Fries -Large",Veg
7499,"Spicy Mix Fries -Medium",Veg
7500,"Nashville Hot Pepper Sauce Bottle",Non-veg
7501,"Dynamite Spicy Mayo Sauce Bottle",Non-veg
7502,"Large Fries",Veg
7503,"Medium Fries",Veg
7504,"Pepsi PET",Veg
7505,"Pepsi Can 330 ml",Veg
7506,"7UP Can 330 ml",Veg
7507,"Pepsi Black Can 330 ml",Veg
7508,"Mirinda Can 330 ml",Veg
7524,"Big 12 Bucket",Non-veg
7543,"Tandoori Zinger Burger",Non-veg
7544,"Classic Zinger",Non-veg
7545,"2 Chicken Krisper Burgers",Non-veg
7546,"2 Veg Krisper Burgers",Veg
7547,"2 Veg Krispers Meal",Veg
7554,"4pcs Hot & Crispy Chicken",Non-veg
7559,"2 pc Hot & Crispy Chicken",Non-veg
7561,"6pcs Boneless Chicken strips",Non-veg
7562,"4pc Hot Chicken Wings",Non-veg
7563,"1 pc Hot & Crispy",Non-veg
7564,"1 pc Smoky Red Chicken",Non-veg
7565,"3pc Boneless Chicken strips",Non-veg
7566,"2 pc Veg Patty",Veg
7571,"Tandoori Masala Dip",Veg
7572,"Pack of 4 Dips",Veg
7573,"Pack of 2 Dip",Veg
7581,"Red Velvet Fresh Cream Cake",Veg
7582,"Strawberry Fresh Cream Cake",Veg
7583,"Pineapple Fresh Cream Cake",Veg
7584,"Butterscotch Fresh Cream Cake",Veg
7585,"Blackforest Fresh Cream Cake",Veg
7586,"Dark Chococlate Fresh Cream Cake",Veg
7587,"White Forest Fresh Cream Cake",Veg
7588,"Truffle Fresh Cream Cake",Veg
7589,"Pink Forest Fresh Cream Cake",Veg
7590,"8' Chesse Pizza",Veg
7591,"Veg Paties",Veg
7596,Dilkush,Veg
7597,"Black Forest Fresh Cream Pastry",Veg
7598,"Dark Chocolate Fresh Cream Pastry",Veg
7599,"Vanilla Fresh Cream Pastry",Veg
7600,"Pineapple Fresh Cream Pastry",Veg
7601,"Strawberry Fresh Cream Pastry",Veg
7602,"Red Velvet Fresh Cream Pastriwe",Veg
7603,Brownie,Veg
7606,"Paineaaple Mousse",Veg
7608,"Blueberry Mousse",Veg
7609,"Babycorn Chilli",Veg
7611,"Egg Roll [Kathi]",Non-veg
7612,"Chicken Roll [Kathi]",Non-veg
7617,"Chicken Chilli B/L",Non-veg
7618,"Chicken Chilli Bone",Non-veg
7623,"Chana Chilli",Veg
7625,"Tawa Roti Butter",Veg
7636,"Chicken Dehati",Non-veg
7644,"Hyderabadi Chicken Biryani",Non-veg
7646,"Egg Omlett Curry",Non-veg
7649,"Laccha Double Egg Chicken Roll",Non-veg
7650,"Laccha Chicken Roll",Non-veg
7651,"Laccha Egg Roll",Non-veg
7652,"Laccha Veg Roll",Veg
7653,"Laccha Paneer Roll",Veg
7660,"Double Egg Chicken Roll",Non-veg
7672,"Veg Chilli Tikka",Veg
7675,"Triangular Paratha",Veg
7678,"Plain Paratha [Roll Paratha]",Veg
7679,"Egg Paratha",Non-veg
7680,"Mushroom Korma",Veg
7682,"Matar Malai Methi Paneer",Veg
7683,"Paneer Muglai",Veg
7684,"Paneer Jhalfarezi",Veg
7685,"Veg Navratan Korma",Veg
7688,"Mushroom Do- Pyaza",Veg
7689,"Mushroom Kadahi",Veg
7698,"Chicken Pota Kaleji Masala",Non-veg
7699,"Chicken Pota Kaleji Fry",Non-veg
7700,"Egg Do-Pyaza",Non-veg
7703,"Chicken Sahzani",Non-veg
7704,"Chicken Muglai",Non-veg
7707,"Chicken Kassa",Non-veg
7712,"Chicken Butter Masala Spl",Non-veg
7714,"Chicken Boneless Pakoda",Non-veg
7717,"Veg Mixed Fried Rice",Veg
7719,"Chicken Mixed Fried Rice",Non-veg
7720,"Hyderabadi Veg Biryani",Veg
7724,"Delight Dosa1",Veg
7725,"Russian Salad Dosa1",Veg
7726,"Tomchi Style Dosa2",Veg
7727,"Plain Idli (2 Pcs) 1 Plate",Veg
7729,"Onion Plain Dosa",Veg
7730,"Dosa Plaza Special Dosa",Veg
7731,"Tomchi Uttapam",Veg
7734,"Maharaja Masala Dosa",Veg
7735,"Paneer Base Dosa",Veg
7736,"Schezwan Masala Dosa",Veg
7737,"Mexican Masala Dosa",Veg
7738,"Italian Stuffing",Veg
7739,"Paneer Spring Roll",Veg
7740,"Salsa Roast Dosa",Veg
7741,"Schezwan Test Dosa",Veg
7742,"Red Spicy Test Dosa",Veg
7743,"Mexican Crispy Dosa",Veg
7744,"Pasta Roast Dosa",Veg
7745,"Garlic Test Dosa",Veg
7746,"Dosa Plaza 4 Ft Dosa",Veg
7747,"Chopsuey Dosa 1",Veg
7748,"Schezwan Stuffed Dosa",Veg
7749,"Tomchi Style Dosa1",Veg
7752,"Paneer Mirchi Dosa1",Veg
7753,"Salsa Noodles Dosa",Veg
7754,"Spring Roll Dosa1",Veg
7755,"Chinese Roll Dosa1",Veg
7756,"Chopsuey Dosa 2",Veg
7757,"Schezwan Stuffing Dosa",Veg
7759,"Delight Dosa2",Veg
7760,"Russian Salad Dosa2",Veg
7761,"Paneer Mirchi Dosa 2",Veg
7762,"Salasa  Noodles Dosa",Veg
7763,"Spring Roll Dosa2",Veg
7764,"Chinese Roll Dosa2",Veg
7766,"Fry Idli",Veg
7767,Upma,Veg
7771,"Pizzee Sauce Plain",Veg
7772,"Maharaja Plain Dosa",Veg
7774,"Plain Uttapam",Veg
7775,"Special Spicy Uttapam",Veg
7776,"Special Mini Uttapam",Veg
7778,"Sandwich Uttapam",Veg
7779,"Paneer Onion Uttapam",Veg
7780,"Onion Tomato Capsicum Uttapam",Veg
7781,"Onion Delight Uttapam",Veg
7782,"Mysore Plain Dosa",Veg
7783,"Hariyali Plain Dosa",Veg
7784,"Mysore Uttapam",Veg
7790,"Garlic Masala Dosa",Veg
7792,"Dosa Planet Special Masala Dosa",Veg
7793,"Mysore Masala Dosa",Veg
7794,"Hariyali Masala Dosa",Veg
7795,"Corn Delight",Veg
7796,"Corn Mexican",Veg
7797,"Mushroom Chopsuey",Veg
7799,"Tandoori Delight",Veg
7801,"Mushroom Stuffing",Veg
7804,"Paneer In Oyster Sauce",Veg
7810,"Butter Roti (1 Pc)",Veg
7813,"Lachha Paratha (1 Pc)",Veg
7821,"Veg Kolapuri",Veg
7822,"Diwani Handi",Veg
7826,"Kachumber Salad",Veg
7828,"Clear Soup",Non-veg
7829,"Lemon Corriander Soup",Non-veg
7830,"Lemon Garlic Soup",Non-veg
7831,"Black Pepper Soup",Non-veg
7832,"Kimchi Salad",Non-veg
7834,"Veg Noodles Gravy",Veg
7835,"Veg Spring Noodles",Veg
7836,"Veg Singapuri Noodles",Veg
7838,"Veg Pan Fried Noodles",Veg
7839,"Mix Veg Noodles",Veg
7843,"Hong Kong Style Noodles",Veg
7844,"Veg Fry Rice",Veg
7845,"Veg Ginger Coriander Fry Rice",Veg
7846,"Veg Singapuri Fry Rice",Veg
7847,"Veg Schezwan Fry Rice",Veg
7848,"Veg Spring Fry Rice",Veg
7849,"Veg Schezwan Spring Fry Rice",Veg
7850,"Veg Singapuri Spring Fry Rice",Veg
7851,"Veg Garlic Fry Rice",Veg
7852,"Mushroom Fry Rice",Veg
7853,"Paneer Fry Rice",Veg
7854,"Mix Veg  Fry Rice",Veg
7855,"Steam Fry Rice",Veg
7856,"Veg Sangai Fry Rice",Veg
7857,"Chinese Burger",Veg
7858,"Chinese Schezwan Burger",Veg
7859,"Chinese Paneer Burger",Veg
7860,"Chinese Cheese Burger",Veg
7861,"Dosa Plazas Special",Veg
7863,"Paneer Salt and Pepper",Veg
7864,"Crispy Chilli Babaycorn",Veg
7865,"Baby Corn Salt and Pepper",Veg
7867,"Chinese Bhell",Veg
7869,"Chana Salt and Pepper",Veg
7870,"American Corn Chilli",Veg
7877,"Sotte Vegetable",Veg
7881,"Potato 65",Veg
7884,"American Corn Salt and Pepper",Veg
7885,"Desi Thali",Veg
7886,"Punjabi Thali",Veg
7887,"Regular Thali",Veg
7889,"Deluxe Thali",Veg
7896,"Full Egg Chowmin",Non-veg
7897,"Chili Chana",Veg
7898,"Idli Fry Full Plate",Veg
7899,"Butter Masala Dosa",Veg
7900,"Butter Plain Dosa",Veg
7901,"Idli 2 Pcs",Veg
7903,"Bada 2 Pc",Veg
7904,"Aloo Bonda 2 Pc",Veg
7907,"Onion Plain Butter Dosa",Veg
7910,"Onion Butter Dosa",Veg
7911,"Paneer Masala Dosa",Veg
7912,"Paneer Cheese Masala Dosa",Veg
7914,"Uttapam Butter",Veg
7915,"Masala Uttapam",Veg
7916,"Full Veg Chowmin",Veg
7918,"Full Chiken Chowmin",Non-veg
7922,"Full Chiken Chilli Dry",Non-veg
7923,"Chiken Chilli Gravy",Non-veg
7926,"Chiken Manchurian",Non-veg
7928,"Paneer Chili",Veg
7930,"Veg Fride Rice",Veg
7931,"Chiken Fride Rice",Non-veg
7932,"Paneer Egg Roll",Non-veg
7936,"Chiken Roll",Non-veg
7937,"Dubble Egg Roll",Non-veg
7939,"Lacha Paratha 1 Pc",Veg
7940,"Vanilla [1 Pound]",Veg
7941,"Butterscotch [1 Pound]",Veg
7942,"Pineapple [1 Pound]",Veg
7943,"Mango Filling [1 Pound]",Veg
7944,"Black Forest [1 Pound]",Veg
7945,"White Forest [1 Pound]",Veg
7946,"Chocolate Truffle [1 Pound]",Veg
7947,"Vanilla Bento Cake [1 Pound]",Veg
7948,"Black Forest [1 Pc]",Veg
7949,"Chocolate Truffle [1 Pc]",Veg
7950,"White Forest [1 Pc]",Veg
7951,"Doughnuts [1 Pc]",Veg
7952,"Choco Lawa [1 Pc]",Veg
7953,"Chocolate Mousse [1 Pc]",Veg
7954,"Vanilla Muffins [1 Pc]",Veg
7955,"Veg Puff [1 Pc]",Veg
7956,"Paneer Puff [1 Pc]",Veg
7957,"Pan Pizza [1 Pc]",Veg
7958,"Baby Toast Pizza [1 Pc] [1 Pc]",Veg
7959,"Vanilla Cream Roll [1 Pc]",Veg
7960,"Butterscotch Cream Roll [1 Pc]",Veg
7961,"Chocolate Cream Roll [1 Pc]",Veg
7962,"Momo Mia Pizza - Veg",Veg
7963,"Momo Mia Pizza - Non Veg",Non-veg
7964,"Baked Cheesy Momos - Veg",Veg
7965,"Baked Cheesy Momos - Non Veg",Non-veg
7966,"Momo Mia Meal for 1 Veg",Veg
7967,"Momo Mia Meal for 1 Non Veg",Non-veg
7968,"Baked Cheesy Momo Meal for 1 Veg",Veg
7969,"Baked Cheesy Momo Meal for 1 Non Veg",Non-veg
7970,"Kebab e Crust Sausage Meal for 2",Non-veg
7971,"Kebab e Crust Tikka Meal for 2",Non-veg
7973,"Corn & Cheese",Veg
7974,"Veggie Feast",Veg
7976,"Farmers Pick",Veg
7977,"Country Feast",Veg
7978,"Veggie Supreme",Veg
7981,"Triple Chicken Feast",Non-veg
7982,"Chicken Supreme",Non-veg
7983,"My Box-Veg Starting @ Rs. 229",Veg
7984,"My Box Non-Veg Starting at Rs. 299",Non-veg
7985,"Funtastic4 - Veg",Veg
7986,Funtastic4,Non-veg
7987,"Hut Treat- Meal for 4 Veg @ 859 - (Save Upto 34%)",Veg
7988,"Hut Treat- Meal for 4 Non Veg @ 959 - (Save Upto 34%)",Non-veg
7989,"Hut Treat- Meal for 4 Veg @ 959 - (Save Upto 34%)",Veg
7990,"Hut Treat- Meal for 4 Non Veg @ 1069 - (Save Upto 34%)",Non-veg
7991,"Garlic Breadstix",Veg
7992,"Tear & Share Veg",Veg
7993,"Tear & Share Non-Veg",Non-veg
7994,"Creamy Garlic Breadsticks",Veg
7996,"Spicy Baked Chicken Wings",Non-veg
7997,"Pepsi Pet Bottle",Veg
8006,"Momo Dip",Veg
8007,"Pizza Fest Starting @ 599 (Save Upto 49%)",Veg
8008,"Chicken Lovers Fest @674 (Save Upto 50%)",Non-veg
8012,"Tandoori Onion",Veg
8014,"Veggie Tandoori",Veg
8016,"Spiced Paneer",Veg
8018,"Veggie Lover",Veg
8022,"Veg Kebab Surprise",Veg
8024,"Veg Exotica",Veg
8025,"Double Paneer Supreme",Veg
8027,"Spiced Chicken Meatballs",Non-veg
8028,"Double Chicken Sausage",Non-veg
8029,"Chicken N Corn Delight",Non-veg
8031,"Malai Chicken Tikka",Non-veg
8033,"Chicken Pepper Crunch",Non-veg
8034,"Italian Chicken Feast",Non-veg
8036,"Chicken Tikka Supreme",Non-veg
8040,"My Box Pasta Veg starting @ 259",Veg
8041,"My Box Pasta Non Veg starting @ 289",Non-veg
8042,"Hut Treat Meal for 2 - Veg",Veg
8043,"Hut Treat Meal for 2 - Non Veg",Non-veg
8050,"2 Medium Pizzas @ Rs 299 each",Non-veg
8051,"2 Medium Pizzas @ Rs 399 each",Non-veg
8059,"San Francisco Style My Box Veg",Veg
8060,"San Francisco Style My Box Non Veg",Non-veg
8061,"San Francisco Style Hut Treat Meal for 2 Veg",Veg
8062,"San Francisco Style Hut Treat Meal for 2 Non Veg",Non-veg
8063,"San Francisco Style Hut Treat Meal for 4 Veg @ 859",Veg
8064,"San Francisco Style Hut Treat Meal for 4 Non Veg @ 959",Non-veg
8065,"San Francisco Style Hut Treat Meal for 4 Veg @ 959",Veg
8066,"San Francisco Style Hut Treat Meal for 4 Non Veg @ 1069",Non-veg
8068,"Jalapeno Poppers",Veg
8069,"Potato Poppers",Veg
8070,"Mexican Garlic Breadstix",Veg
8076,"Indi Rockin Roll Veg",Veg
8077,"Spicy Baked Chicken Wings (4 pc)",Non-veg
8078,"Indi Rockin Roll Non Veg",Non-veg
8079,"Garlic Bread Spicy Supreme",Veg
8080,"Zesty Paneer Pocket",Veg
8081,"Zesty Chicken Pocket",Non-veg
8082,"Veg Mayonnaise Dip",Veg
8084,"Creamy Mushroom Pasta",Veg
8085,"Cheesy Comfort",Veg
8086,"Cheesy Comfort - Non Veg",Non-veg
8087,"Spiced Tomato Twist Veg",Veg
8088,"Spiced Tomato Twist Non Veg",Non-veg
8089,"Funtastic 4 (Veg) with Choco Sundae",Veg
8090,"Funtastic 4 with Choco Sundae",Non-veg
8091,"Rockin Roll & Cone - Veg",Veg
8092,"Rockin Roll & Cone - Non Veg",Non-veg
8093,"Water Bottle - 1000ml",Veg
8094,"7up Pet Bottle",Veg
8095,"Mirinda Pet Bottle",Veg
8097,"Mutton Korma",Non-veg
8098,"Mutton Khada Masala",Non-veg
8099,"Chicken Smoky",Non-veg
8104,"Veg Junction Spl.soup",Veg
8107,"Non Veg Clear Soup",Non-veg
8108,"Non Veg Hot And Sour Soup",Non-veg
8109,"Non Veg Junction Spl.soup",Non-veg
8111,"Non Veg Sweet Corn Soup",Non-veg
8112,"Garlic Paneer Dry",Veg
8113,"Ginger Paneer Dry",Veg
8114,"Kung Pao Paneer",Veg
8115,"Paneer Chilli Dry",Veg
8118,"Crispy American Corn Chilli Pepper",Veg
8119,"Crispy American Corn Salt And Pepper",Veg
8120,"Crispy Babycorn Chilli",Veg
8121,"Crispy Babycorn Salt And Pepper",Veg
8122,"Crispy Chana Chilly",Veg
8123,"Crispy Chana Salt And Pepper",Veg
8125,"Crispy Mushroom Salt And Pepper",Veg
8126,"Kum Pao Paneer Dry",Veg
8127,"Paneer Manchurian Dry",Veg
8128,"Sichuan Paneer Dry",Veg
8131,"Chilli Chicken Dry",Non-veg
8132,"Garlic Chicken Dry",Non-veg
8134,"Barbeque Chicken Dry",Non-veg
8136,"Kum Pao Chicken Dry",Non-veg
8138,"Drums Of Heaven",Non-veg
8139,"Barbeque Fish Dry",Non-veg
8140,"Fish Chilli Dry",Non-veg
8141,"Fish Salt And Pepper",Non-veg
8142,"Garlic Fish Dry",Non-veg
8143,"Ginger Fish Dry",Non-veg
8144,"Kum Pao Fish Dry",Non-veg
8145,"Lemon Fish Dry",Non-veg
8146,"Prawn Chilli Dry",Non-veg
8147,"Mushroom Tikka Hyderabadi",Veg
8148,"Paneer Angaara Tikka",Veg
8149,"Paneer Tikka Hyderabadi",Veg
8150,"Mushroom Tikka Saslik",Veg
8151,"Paneer Tikka Saslik",Veg
8152,"Stuffed Mushroom Tikka",Veg
8153,"Stuffed Paneer Tikka",Veg
8155,"Murg Tangdi Kebab",Non-veg
8157,"Abu Chilli Kebab",Non-veg
8158,"Lehsuni Murg Tikka",Non-veg
8159,"Murg Malai Kebab",Non-veg
8160,"Garlic Paneer Gravy",Veg
8161,"Paneer Chilli Gravy",Veg
8162,"Paneer Manchurian Gravy",Veg
8164,"Chicken Manchurian Gravy",Non-veg
8165,"Chilli Chicken Gravy",Non-veg
8166,"Garlic Chicken Gravy",Non-veg
8167,"Ginger Chicken Gravy",Non-veg
8168,"Sichuan Chicken Gravy",Non-veg
8169,"Cantonese Chicken Gravy",Non-veg
8171,"Cantonese Fish Gravy",Non-veg
8172,"Chilli Fish Gravy",Non-veg
8173,"Fish Manchurian Gravy",Non-veg
8174,"Garlic Fish Gravy",Non-veg
8175,"Ginger Fish Gravy",Non-veg
8176,"Hunan Fish Gravy",Non-veg
8177,"Prawn Chilli Gravy",Non-veg
8178,"Sichuan Fish Gravy",Non-veg
8184,"Paneer Tawa Pyaza",Veg
8185,"Birbal Ki Handi",Veg
8186,"Subz Makhani",Veg
8187,"Veg Jhalfarezi",Veg
8188,"Veg Kholapuri",Veg
8189,"Veg Korma",Veg
8196,"Veg Diwani Handi",Veg
8197,"Kumbh Mutter Paneer",Veg
8199,"Mushroom Takatak",Veg
8200,"Mushroom Tawa Masala",Veg
8204,"Murg Butter Masala Bone",Non-veg
8205,"Murg Butter Masala Tandoori",Non-veg
8206,"Murg Curry",Non-veg
8207,"Murg Do Pyaza",Non-veg
8208,"Murg Kasha",Non-veg
8209,"Murg Masala",Non-veg
8210,"Murg Kadhai",Non-veg
8211,"Murg Lababdar Bone",Non-veg
8212,"Murg Bharta",Non-veg
8213,"Murg Korma",Non-veg
8214,"Murg Punjabi Bone",Non-veg
8215,"Murg Lababdar Tandoori",Non-veg
8216,"Murg Punjabi Tandoori",Non-veg
8217,"Abu Chilli Masala",Non-veg
8218,"Malai Kabab Masala",Non-veg
8219,"Murg Butter Masala Tikka",Non-veg
8220,"Murg Lababdar Tikka",Non-veg
8221,"Murg Punjabi Tikka",Non-veg
8222,"Murg Takatak Tandoori",Non-veg
8223,"Murg Takatak Tikka",Non-veg
8224,"Murg Tikka Tawa Masala",Non-veg
8225,"Tangdi Masala",Non-veg
8226,"Murgh Patiyala.",Non-veg
8231,"Veg Spring Rice",Veg
8232,"Egg Spring Rice",Non-veg
8233,"Chicken Spring Rice",Non-veg
8234,"Non Veg Mix Fried Rice",Non-veg
8235,"Non Veg Mix Spring Rice",Non-veg
8236,"Mix Veg Hakka Noodles",Veg
8237,"Mix Veg Schezwan Hakka Noodles",Veg
8238,"Sichuan Veg Hakka Noodles",Veg
8241,"Sichuan Egg Hakka Noodles",Non-veg
8243,"Non Veg Mix Hakka Noodles",Non-veg
8244,"Non Veg Mix Schezwan Hakka Noodles",Non-veg
8245,"Sichuan Chicken Hakka Noodles",Non-veg
8253,"Chicken Pulao",Non-veg
8255,"Veg Fried Momo",Veg
8256,"Veg Momo",Veg
8257,"Pan Fried Veg Momos",Veg
8258,"Tandoori Veg Momo",Veg
8259,"Chicken Fried Momo",Non-veg
8260,"Chicken Momo",Non-veg
8261,"Pan Fried Chicken Momos",Non-veg
8262,"Tandoori Chicken Momo",Non-veg
8268,"Stuffed Kulcha Plain",Veg
8270,"Stuffed Kulcha Butter",Veg
8280,"Egg Mushroom Roll",Non-veg
8281,"Egg Paneer Roll",Non-veg
8282,"Single Egg Double Chicken Roll",Non-veg
8283,"Double Egg Double Chicken Roll",Non-veg
8286,"Aloo Biryani (Half)",Veg
8288,"Chicken Biryani with Egg",Non-veg
8289,"Mutton Biryani with Egg",Non-veg
8290,"Chicken Chaap",Non-veg
8291,"Mutton Chaap",Non-veg
8300,Egg,Non-veg
8301,"Aaloo Extra",Veg
8302,Chicken,Non-veg
8303,Mutton,Non-veg
8308,"Chicken Egg Roll",Non-veg
8309,"Double Egg Chicken  Roll",Non-veg
8310,"Double Egg Double Chicken  Roll",Non-veg
8311,"Classic Fries",Veg
8312,"Chilli Cheese Fury Fries",Veg
8314,"Screaming Schezwan Cheese Fries",Veg
8315,"Cheese Mayo Blaster Fries",Veg
8316,"Mexican Cheese Fries",Veg
8317,"Mexican Fries",Veg
8318,"Chicken Beast Fries",Non-veg
8319,"Fried Chicken Fries",Non-veg
8320,"Veg Tandoori Burger",Veg
8321,"Chilli Garlic Veg Burger",Veg
8322,"American Chicken Burger",Non-veg
8324,"Hulk Chicken Burger",Non-veg
8325,"New Double F Chicken Burger( No Bun Burger)",Non-veg
8326,"Cheesy Nachos",Veg
8327,"Lemon Iced Tea",Veg
8329,"Blue Lagoon",Veg
8331,"Crispy Fried Chicken Fingers (Strips)",Non-veg
8332,"Crispy Fried Chicken Wings (Bone)",Non-veg
8337,"Barbeque Beast Fries",Veg
8338,"El Toro Fries",Veg
8340,"Dare Devil Fries",Veg
8342,"Bollywood Tandoori Fries",Veg
8345,"Chicken Tandoori Fries",Non-veg
8347,"American Chicken Fries",Non-veg
8348,"Chicken Mustard Fries",Non-veg
8349,"Origional Veg Burger",Veg
8352,"Maxican Chipotle Burger",Veg
8353,"New Panco Fish Burger",Non-veg
8359,"Frachos( Fries + Nachos)",Veg
8360,"Chunky American Nachos",Veg
8361,"Yummerican Nachos (Fries)",Veg
8362,"Fried Chicken Nachos",Non-veg
8363,"Chicken Nuggets Nachos",Non-veg
8366,"Peach Iced Tea",Veg
8367,"Green Apple Cooler",Veg
8369,"Peach Lemonade",Veg
8371,"Potato tornado",Veg
8372,"Potato Mayo Cheese Tornado",Veg
8373,"Potato Cheese Chilli Tornado",Veg
8374,"Potato Tornado Cheese Blast",Veg
8375,"Cold Coffee Turbo Shake",Veg
8376,"Super Oreo Chocolate Shake",Veg
8377,"Hazelnut Shake",Veg
8378,"Swiss Chocolate Shake",Veg
8379,"Frappe Butterscotch Shake",Veg
8380,"Frappe Vanilla Shake",Veg
8381,"Classic Strawberry Shake",Veg
8382,"Strawberry Bubble Gum Shake",Veg
8383,"Super Mango Shake",Veg
8388,"Snicker Chocolate Shake",Veg
8389,"Classic Belgium Waffle",Veg
8390,"Hazelnut Chocolate Waffle",Veg
8391,"The Nutella Waffle",Veg
8392,"The Ultimate Chocolate Waffle",Veg
8393,"Waffle Sandwich",Veg
8394,"Vanilla Waffle Sandwich",Veg
8395,"Nutella Waffle Sandwich",Veg
8396,"Chocolate Waffle Sandwich",Veg
8397,"Hazelnut Waffle Sandwich",Veg
8398,"Strawberry Waffle Sandwich",Veg
8401,"Peri Peri Chicken Pop Corn",Non-veg
8402,"Chicken Nuggets (6 Pcs)",Non-veg
8403,"Chicken Fingers (6 Pcs)",Non-veg
8404,"Fish & Chips",Non-veg
8406,"Caramel Pancake",Veg
8407,"Chocolate Honey Pancake",Veg
8408,"Strawberry Banana Pancake",Veg
8409,"Hazelnut Chocolate Pancake",Veg
8410,"Exotic Match Time Special 2",Non-veg
8411,"Exotic Burger Combo 1",Veg
8412,"Exotic Match Time Special 1",Veg
8413,"Exotic Match Time Special 3",Non-veg
8414,"Exotic Match Time Special 4",Veg
8417,"Veg Hot N Sour Soup",Veg
8421,"Veg Brown Classic Soup",Veg
8428,"Fish Fry (2 Pcs)",Non-veg
8429,"Fish Fingers (8 Pcs)",Non-veg
8431,"American Corn Salt N Pepper Dry",Veg
8432,"American Corn Chilli Dry",Veg
8433,"Crispy Chilli Baby Corn Dry",Veg
8434,"Baby Corn Salt & Pepper Dry",Veg
8435,"Chilli Chana Dry",Veg
8436,"Chana Salt & Pepper Dry",Veg
8437,"Mushroom Salt N Pepper Dry",Veg
8440,"Honey Chilli Potato Dry",Veg
8444,"Paneer Schezwan Gravy",Veg
8447,"Paneer Salt N Pepper Dry",Veg
8448,"Tandoori Paneer Chilli",Veg
8451,"Boneless Chilli Chicken",Non-veg
8455,"Tandoori Chilli Chicken",Non-veg
8458,"Chicken Salt N Pepper Dry",Non-veg
8461,"Honey Chicken Dry",Non-veg
8462,"Let Me Kai Chicken Dry",Non-veg
8463,"Chilli Garlic Pepper Chicken Dry",Non-veg
8464,"Honey Garlic Pepper Chicken Dry",Non-veg
8465,"Chicken Schezwan Gravy",Non-veg
8466,"Basil Chicken Dry",Non-veg
8467,"Dragon Chicken Dry",Non-veg
8469,"Special Chilli Chicken Gravy",Non-veg
8471,"Manchurian Fish (SG)",Non-veg
8473,"Boneless Fish Amritsari Dry (6 Pcs)",Non-veg
8474,"Chilli Prawns",Non-veg
8475,"Golden Fried Prawns",Non-veg
8476,"Garlic Prawns Gravy",Non-veg
8477,"Veg Shahi Seekh Kebab",Veg
8478,"Veg Hara Bhara Kebab (8 Pcs)",Veg
8479,"Paneer Malai Tikka (8 Pcs)",Veg
8480,"Tandoori Paneer Tikka (8 Pcs)",Veg
8481,"Pudina Paneer Tikka 98 Pcs)",Veg
8483,"Zafrani Paneer Tikka",Veg
8484,"Achari Paneer Tikka",Veg
8486,"Tandoori Chicken Tikka (8 Pcs)",Non-veg
8487,"Murg Mastana Tikka (8 Pcs)",Non-veg
8488,"Murg Malai Kebab (8 Pcs)",Non-veg
8489,"Murg Lahsuni Kebab (8 Pcs)",Non-veg
8490,"Murg Abu Chilli Kebab (8 Pcs)",Non-veg
8491,"Murg Afgani Kebab",Non-veg
8492,"Chicken Reshmi Kebab (8 Pcs)",Non-veg
8493,"Tandoori Fish Tikka (6 Pcs)",Non-veg
8494,"Achari Fish Tikka (6 Pcs)",Non-veg
8495,"Ajwani Fish Tikka (6 Pcs)",Non-veg
8496,"Fish Malai Tikka (6 Pcs)",Non-veg
8497,"Tandoori Prawns (8 Pcs)",Non-veg
8498,"Chicken Seekh Kebab",Non-veg
8499,"Murg Jalpari Kebab",Non-veg
8500,"Murg Makhmali Seekh Kebab",Non-veg
8501,"Mutton Seekh Kebab",Non-veg
8505,"Veg Mushroom Hakka Noodles",Veg
8510,"Chicken Schezwan Hakka Noodles",Non-veg
8511,"Chicken Chilli Garlic Noodles",Non-veg
8514,"Chicken Chopsuey",Non-veg
8515,"Chinese Chopusey",Veg
8516,"Chicken Chinese Chopsuey",Non-veg
8522,"Veg Mushroom Fried Rice",Veg
8524,"Veg Spring Fried Rice",Veg
8525,"Th Special Veg Mix Fried Rice",Veg
8527,"Egg Spring Fried Rice",Non-veg
8528,"Egg Schezwan Fried Rice",Non-veg
8530,"Chicken Spring Fried Rice",Non-veg
8533,"Prawns Schezwan Fried Rice",Non-veg
8535,"Veg Kashmiri Pulo",Veg
8537,"Kaju Peas Pulao",Veg
8544,"Plain Tandoori Roti",Veg
8549,"Butter Kulcha",Veg
8557,"Veg Kadhai",Veg
8558,"Veg Lazaikedaar",Veg
8559,"Veg Hyderabadi",Veg
8560,"Veg Navartna Korma",Veg
8561,"Veg Jhalfrezi",Veg
8564,"Aloo Dum Chatpata",Veg
8567,"Paneer Kadhai",Veg
8574,"Paneer Mirch masala",Veg
8578,"Paneer Tikka Lababdar",Veg
8580,"Paneer Angara",Veg
8587,"Mushroom Kadhai",Veg
8588,"Pindi Chole",Veg
8595,"Omelette (3 Eggs)",Non-veg
8597,"Chicken Kasa with Bone",Non-veg
8598,"Chicken Murg Mussallam with Bone",Non-veg
8599,"Chicken Dehati with Bone",Non-veg
8600,"Chicken Masala with Bone",Non-veg
8602,"Chicken Butter Masala with Bone",Non-veg
8603,"Boneless Chicken Butter Masala",Non-veg
8604,"Chicken Do Pyaza with Bone",Non-veg
8605,"Boneless Chicken Do Pyaza",Non-veg
8606,"Chicken Lababdar with Bone",Non-veg
8607,"Boneless Chicken Lababdar",Non-veg
8608,"Chicken Kadhai with Bone",Non-veg
8609,"Boneless Chicken Kadhai",Non-veg
8610,"Chicken Punjabi with Bone",Non-veg
8612,"Chicken Handi with Bone",Non-veg
8613,"Boneless Chicken Handi",Non-veg
8614,"Chicken Bhuna with Bone",Non-veg
8615,"Boneless Chicken Bhuna",Non-veg
8616,"Dhaniay Murgh with Bone",Non-veg
8617,"Boneless Dhaniay Murg",Non-veg
8618,"Boneless Chicken Bharta",Non-veg
8619,"Boneless Murg Afghani",Non-veg
8620,"Boneless Murgh Angara",Non-veg
8621,"Boneless Murgh Keema",Non-veg
8625,"Mutton Do Pyaza",Non-veg
8626,"Mutton Bhuna",Non-veg
8628,"Fish Masala with Bone",Non-veg
8629,"Boneless Fish Masala",Non-veg
8630,"Boneless Tawa Fish Masala (6 Pcs)",Non-veg
8633,"Prawns Lababdar",Non-veg
8634,"Boneless Reshmi Butter Masala",Non-veg
8635,"Boneless Chicken Tikka Butter Masala",Non-veg
8636,"Boneless Chicken Tikka Punjabi",Non-veg
8637,"Boneless Chicken Tikka Lababdar",Non-veg
8638,"Boneless Chicken Tikka Hyderabadi",Non-veg
8639,"Boneless Chicken Abu Chilli Masala",Non-veg
8640,"Boneless Chicken Mastana Masala",Non-veg
8641,"Tandoori Chicken Butter Masala with Bone",Non-veg
8642,"Chicken Punjabi Tandoori with Bone",Non-veg
8643,"Boneless Murgh Methi Malai",Non-veg
8644,"Boneless Chicken Patiala",Non-veg
8648,"Butter Ladka",Veg
8650,"Mix Dal Tadka",Veg
8659,"Mint Chutney",Veg
8663,"Extra Momo Dip",Veg
8665,"Veg Manchurian Roll",Veg
8668,"Paneer Chilli Roll",Veg
8670,"Chicken Roll (eggless)",Non-veg
8672,"Chicken Double Egg Roll",Non-veg
8674,"Chicken Kebab Roll",Non-veg
8675,"Chicken Double Egg Kebab Roll",Non-veg
8676,"Chicken Hariyali Tikka",Non-veg
8678,"Mutton Shami Kabab 2 Pcs",Non-veg
8679,"Chicken Seekh Kabab Roll [2]",Non-veg
8680,"Mutton Keema Roll",Non-veg
8681,"Single Egg Roll",Non-veg
8684,"Hariyali Paneer Tikka",Veg
8685,"Soya Malai Chhap",Veg
8686,"Karahi Paneer",Veg
8688,"Chicken Karahi",Non-veg
8689,"Butter Chicken Bone",Non-veg
8691,"Murg Musallam Full Chicken",Non-veg
8698,"Lacha Paratha",Veg
8702,"Veg Boondi",Veg
8704,"Shahi Tukda",Veg
8705,"Gulab Jamun 2 Pcs",Veg
8706,"Mutton Nihari Combo",Non-veg
8707,"Mutton Jhangiri Combo",Non-veg
8708,"Mutton Korma Combo",Non-veg
8709,"Mutton Khadai Combo",Non-veg
8710,"Afgani Chicken Rumali Roti Combo",Non-veg
8711,"Special  Butter Chicken Combo",Non-veg
8712,"Chicken Korma Combo",Non-veg
8713,"Khadai Chicken Combo",Non-veg
8714,"Jhangiri Chicken Combo",Non-veg
8715,"Special Chicken Handi Combo",Non-veg
8716,"Chicken Afghani [4 Pcs]",Non-veg
8717,"Chicken Burra [4 Pcs]",Non-veg
8718,"Chicken Tikka [Boneless]",Non-veg
8719,"Chicken Malai Tikka [Boneless]",Non-veg
8721,"Crispy Chicken Bone",Non-veg
8722,"Crispy Chicken Boneless",Non-veg
8725,"Mutton Shahjani Kabab 2 Pcs",Non-veg
8726,"Chicken Reshami Seekh Kabab [4 Pcs]",Non-veg
8727,"Chicken Garlic Seek Kabab [4 Pcs]",Non-veg
8728,"Chicken Kalimirch Seek Kabab[4 Pcs]",Non-veg
8729,"Chicken Malai Seek Kabab[4 Pcs]",Non-veg
8730,"Fry Chicken Lolipop  [6 Pcs]",Non-veg
8731,"Chicken Tandoori [Full Chicken] [8 Pcs]",Non-veg
8732,"Chicken Tandoori [Half Chicken] [4 Pcs]",Non-veg
8733,"Chicken Fry [Full Chicken] [4 Pcs]",Non-veg
8734,"Chicken Fry [Half Chicken] [4 Pcs]",Non-veg
8735,"Tandoori Platter [8 Pcs]",Non-veg
8736,"Chicken Seekh Kabab Roll [1]",Non-veg
8738,"Butter Chicken Roll",Non-veg
8739,"Chicken Tikka Roll [1]",Non-veg
8740,"Mutton Seekh Kabab Roll",Non-veg
8741,"Mutton Shami Kabab Roll",Non-veg
8743,"Karims Mutton Roll",Non-veg
8750,"Achari Aloo Tikka",Veg
8751,"Veg Tandoori Platter [8 Pcs]",Veg
8752,"Paneer Tikka Kathi Roll",Veg
8753,"Paneer Chilli Kathi Roll",Veg
8754,"Soya Chhap Kathi Roll",Veg
8756,"Butter Paneer",Veg
8759,"Veg Chhap Masala",Veg
8765,"Chicken Jhangiri",Non-veg
8767,"Chicken Saag",Non-veg
8768,"Chicken Seekh Masala",Non-veg
8769,"Handi Chicken Special",Non-veg
8770,"Chicken Lababdar Boneless",Non-veg
8771,"Butter Chicken Boneless",Non-veg
8775,"Mutton Jhangiri",Non-veg
8776,"Karahi Gosht",Non-veg
8777,"Aloo Gosht",Non-veg
8778,"Dal Gosht",Non-veg
8780,"Mutton Nehari",Non-veg
8784,"Chicken Tawa Biryani",Non-veg
8786,"Chicken Achari Tikka Biryani",Non-veg
8787,"Butter Chicken Biryani",Non-veg
8789,"Mutton Tawa Biryani",Non-veg
8793,"Keema Nan",Veg
8795,"Roghini Nan",Veg
8796,"Khamiri Roti",Veg
8799,Sheermal,Veg
8801,"Piyaz Kulcha",Veg
8804,"Veg Pineapple",Veg
8805,"Lassi Sweet",Veg
8806,"Lassi Salt",Veg
8808,"Phirni Ki Bahar",Veg
8815,"Veg Talumeiun Soup",Veg
8816,"Chinese Gravy",Veg
8817,"Green Chutney",Veg
8819,"Chiken Mastana",Non-veg
8821,"Lahsuni Chicken Kabab",Non-veg
8822,"Abu Chilli Chicken Kabab",Non-veg
8823,"Chicken Tangri Kabab (2 Pcs)",Non-veg
8827,"Chikcen Lollipop",Non-veg
8832,"Special Chilli Chicken",Non-veg
8833,"Chicken Salt & Pepper",Non-veg
8834,"Lmeon Chicken",Non-veg
8849,"Schezwan Hakka Noodles (Veg)",Veg
8850,"Chilli Garlic Noodles (Veg)",Veg
8851,"Streamed Rice",Veg
8854,"Veg Mix Fried Rice",Veg
8861,"Spring Rice (Veg)",Veg
8864,"Paneer Do Piyaza",Veg
8867,"Paneer Bharta",Veg
8880,"Veg Butter Masala",Veg
8884,"Punjabi Chana Masala",Veg
8885,"Dal Tarka",Veg
8886,"Butter Tarka",Veg
8895,"Chicken Takatak",Non-veg
8897,"Chicken Tikka Butter Masala (8 Pcs)",Non-veg
8898,"Chicken Punjabi Tandoori (4pcs)",Non-veg
8899,"Chicken Tikka Lababdar (8 Pcs)",Non-veg
8900,"Chicken Tikka Hyderabadi (8 Pcs)",Non-veg
8901,"Chicken Abu Chilli Masala (8 Pcs)",Non-veg
8902,"Chicken Mastana Masala (8 Pcs)",Non-veg
8903,"Chicken Patiala Special Boneless",Non-veg
8904,"Special Chicken Kabab Masala",Non-veg
8905,"Murg Masalam (8 Pcs)",Non-veg
8906,"Egg Curry (2 Pcs)",Non-veg
8907,"Egg Tarka",Non-veg
8908,"Egg Masala (2 Pcs)",Non-veg
8909,"Egg Do Pyaza (2 Pcs)",Non-veg
8913,"Chiken Biryani",Non-veg
8914,"Chicken Kabab Biryani",Non-veg
8918,"Butter Nan",Veg
8919,"Garlic  Nan",Veg
8924,"Butter Tawa Roti",Veg
8927,"Paneer Chilly Roll",Veg
8932,"Chicken Kabab Roll",Non-veg
8933,"Chicken Chilli Roll",Non-veg
8935,"Veg Chicken Chop suey",Veg
8936,"Chicken American Chop suey",Non-veg
8938,Bhakarwadi(250gm),Veg
8939,"Min Samosa (200gm)",Veg
8940,"Kaju Fry (250gm)",Veg
8941,"Kaju Fry (100 Gm)",Veg
8942,"Kaju Fry (50 Gm)",Veg
8949,"Vegetable Chop",Veg
8951,"Dhokla ( With Chutney )",Veg
8961,"Mango Khoa Malai ( 5 Pc )",Veg
8962,"Mango Steam Roll ( Per Piece)",Veg
8963,"Mango Rabri ( 1 Cup )",Veg
8964,"Salted Lassi",Veg
8968,"Methi Sohali (200gm)",Veg
8969,"Sohali Mathri (200gm)",Veg
8970,"Bangla Nimki Jar (400gm)",Veg
8971,"Special Nimki Jar(500 Gm)",Veg
8975,"Special Potato Chips(large)",Veg
8976,"Special Potato Chips(small)",Veg
8977,"Mix Mixture (200grams)",Veg
8978,"Fafda Ghatiya ( 250 Gm)",Veg
8979,"Jhal Muri ( 1 Glass Pack )",Veg
8980,"Desi Bhuja (1 Glass Pack )",Veg
8984,"Desi Ghee Soanpapdi 500 Gm",Veg
8987,"Patisha Roll 200 Gm",Veg
8988,"Rasgulla Chaat",Veg
8991,"Sev Puri Chaat",Veg
8992,"Dahi Puri Chaat (5 Pc)",Veg
8993,"Dahi Churmur Chaat",Veg
8994,"Dahi Papdi Chaat",Veg
9002,"Aloo Tikki Chat (full)",Veg
9003,"Kachori Chaat [full)",Veg
9020,"Chamcham(5 Pc)",Veg
9023,"Hot Gulab Jamun( 5 Pc )",Veg
9025,"Mini Kala Jamun (250 Gm)",Veg
9026,"Sweet Boondi (250 Gm )",Veg
9027,"Punjab Barfi(250 Grams)",Veg
9042,"Gangour Plain Papdi(250gm)",Veg
9043,"Petha Mithai ( 500 Gm)",Veg
9046,"Gangour Plain Papdi(500gm)",Veg
9050,"Khoa Chocochip Roll (250 Gm)",Veg
9060,"Chicken Cheesy Grilled Sandwich",Non-veg
9061,"Veg Grilled Snadwich",Veg
9062,"Paneer Cheesy Grilled Sandwich",Veg
9063,"Paneer Maggi",Veg
9065,"Dry Veg [8 Pieces] Momos",Veg
9066,"Afghani Veg  [8 Pieces] Momos",Veg
9067,"Afghani Chicken Momos",Non-veg
9068,"Crispy Veg [8 Pieces] Momos",Veg
9069,"Steam Veg [8 Pieces] Momos",Veg
9070,"Crispy Chicken Momos",Non-veg
9071,"Steam Chicken [8 Pieces] Momos",Non-veg
9074,"Chilll Paneer",Veg
9079,"Veg Cheesy Grilled Sandwich",Veg
9083,"Chicken Maggi",Non-veg
9088,"Special Veg Maggi",Veg
9089,"Chocolate Momos",Veg
9092,"Cocktail Veg [8 Pieces] Momos",Veg
9093,"Acharl Veg  [8 Pieces] Momos",Veg
9094,"Dry Paneer  [8 Pieces] Momos",Veg
9095,"Afghani Paneer  [8 Pieces] Momos",Veg
9096,"Cocktail Paneer  [8 Pieces] Momos",Veg
9097,"Acharl Paneer  [8 Pieces] Momos",Veg
9098,"Dry Chicken  [8 Pieces] Momos",Non-veg
9100,"Cocktail Chicken  [8 Pieces] Momos",Non-veg
9101,"Acharl Chicken  [8 Pieces] Momos",Non-veg
9102,"Dry Chicken Tikka  [8 Pieces] Momos",Non-veg
9103,"Afghani Chicken Tikka  [8 Pieces] Momos",Non-veg
9104,"Cocktail Chicken Tikka  [8 Pieces] Momos",Non-veg
9105,"Acharl Chicken Tikka  [8 Pieces] Momos",Non-veg
9107,"Kadhai Veg [8 Pieces] Momos",Veg
9108,"Pizza Veg [8 Pieces] Momos",Veg
9109,"Chilli Veg [8 Pieces] Momos",Veg
9111,"Crispy Paneer [8 Pieces] Momos",Veg
9112,"Kadhai Paneer  [8 Pieces] Momos",Veg
9113,"Pizza Paneer  [8 Pieces] Momos",Veg
9114,"Chill Paneer  [8 Pieces] Momos",Veg
9115,"Steam Paneer  [8 Pieces] Momos",Veg
9117,"Kadhai Chicken [8 Pieces] Momos",Non-veg
9118,"Pizza Chicken [8 Pieces] Momos",Non-veg
9119,"Chill Chicken [8 Pieces] Momos",Non-veg
9121,"Crispy Chicken Tikka [8 Pieces] Momos",Non-veg
9122,"Kadhai Chicken Tikka [8 Pieces] Momos",Non-veg
9123,"Pizza Chicken Tikka [8 Pieces] Momos",Non-veg
9124,"Chilli Chicken Tikka [8 Pieces] Momos",Non-veg
9125,"Steam Chicken Tikka [8 Pieces] Momos",Non-veg
9126,Fries,Veg
9128,"Loaded Gravy Fries",Veg
9129,"Loaded Cheesy Fries",Veg
9130,"Peri Peri Loaded Cheesy Fries",Veg
9131,"Dry Chaap",Veg
9133,"Cocktail Chaap",Veg
9137,"Chicken Penne Pasta ( Mix Sauce )",Non-veg
9138,"Chicken Penne Pasta ( White Sauce )",Non-veg
9139,"Veg Penne Pasta ( White Sauce )",Veg
9140,"Veg Penne Pasta ( Red Sauce )",Veg
9141,"Veg Penne Pasta ( Mix Sauce )",Veg
9142,"Chicken Penne Pasta ( Red Sauce )",Non-veg
9143,"Veg Burger + French Fries + Coke",Veg
9144,"Chicken Burger + French Fries + Coke",Non-veg
9145,"Veg Noodles + Veg Manchurian + Coke",Veg
9146,"Veg Fried Rice + Veg Manchurian + Coke",Veg
9147,"Chicken Noodles + Chicken Manchurian + Coke",Non-veg
9148,"Chicken Fried Rice + Chicken Manchurian + Coke",Non-veg
9153,"Kitkat/ Oreo/ Hide N Seek Shake",Veg
9156,"Iced Tea",Veg
9158,"Hot Chilly Burger",Veg
9159,"Tandoori Veg Burger",Veg
9161,"Paneer Moburg",Veg
9162,"Paneer Tikka Moburg",Veg
9164,"Chicken Moburg",Non-veg
9165,"Chicken Tikka Moburg",Non-veg
9166,"Hot Chilly Chicken Burger",Non-veg
9167,"Tandoori Chicken Burger",Non-veg
9168,"Egg Chicken Nodlles",Non-veg
9169,"Egg Chicken Fried Rice",Non-veg
9175,"Veg Singapore Noodles",Veg
9177,"Chilly Garlic Noodle",Veg
9187,"Alphonso Mango Ice Cream 750ml",Veg
9188,"Madagascar Ice Cream 750ml",Veg
9189,"Spicy Guava Ice Cream 100ml",Veg
9190,"Sitaphal Ice Cream 100ml",Veg
9191,"Coffee Walnut Ice Cream 100ml",Veg
9192,"French Vanilla Ice Cream 100ml",Veg
9193,"Strawberry Ice Cream 100ml",Veg
9194,"Tender Coconut- Sugarless Ice Cream 100ml",Veg
9195,"Sea Salted Caramel Ice Cream 100ml",Veg
9196,"Roasted Almond Ice Cream 100ml",Veg
9197,"Roasted Almond - Sugarless Ice Cream 100ml",Veg
9198,"Paan Ice Cream 100ml",Veg
9199,"Mix Berries Ice Cream 100ml",Veg
9200,"Alphonso Mango Ice Cream 100ml",Veg
9201,"Gulab Jamun Ice Cream 100ml",Veg
9202,"Dry Fruit Over Load Ice Cream 100ml",Veg
9203,"Apricot Ice Cream 100ml",Veg
9204,"Sitaphal Ice Cream 500ml",Veg
9205,"Strawberry Cheese Cake Ice Cream 500ml",Veg
9206,"Coffee Walnut Ice Cream 500ml",Veg
9207,"French Vanilla Ice Cream 500ml",Veg
9208,"Strawberry Ice Cream 500ml",Veg
9209,"Tender Coconut Sugarless Ice Cream 500ml",Veg
9210,"Roasted Almond Ice Cream 500ml",Veg
9211,"Roasted Almond - Sugarless Ice Cream 500ml",Veg
9212,"Paan Ice Cream 500ml",Veg
9213,"Madagascar Ice Cream 500ml",Veg
9214,"Kesar Pista Ice Cream 500ml",Veg
9215,"Gulab Jamun Ice Cream 500ml",Veg
9216,"Cookies N Cream Ice Cream 500ml",Veg
9217,"Anjeer Ice Cream 500ml",Veg
9220,"Sitaphal Ice Cream 750ml",Veg
9221,"Df Matka Malai Kulfi (pack Of 2)",Veg
9222,"Matka Malai Kulfi (pack Of 2)",Veg
9223,"Slice Kulfi (pack Of 3)",Veg
9224,"Stick Gulkand Kulfi",Veg
9225,"Stick Jaggery Almond Kulfi",Veg
9226,"Stick Malai Kulfi",Veg
9227,"Stick Paan Kulfi",Veg
9228,"Chana Barfi (300gms) Pack Of Two",Veg
9229,"Elaichi Patisa Combo (300 Grms)",Veg
9230,"Moong Dal Fried",Veg
9231,"All In One",Veg
9232,"Khatta Mitha",Veg
9233,"Jhakaas Mixture (400 Gms)",Veg
9234,"Lachha Milk (mitha) 500 Grms",Veg
9235,"Lachha (mitha)",Veg
9236,"Fried Rice + Manchurian ( 2pcs)",Veg
9237,"Chowmein + Manchurian ( 2pcs)",Veg
9238,"Dhokla (plate)",Veg
9239,"Pav Bhaji (Bhaji + Pav (2 pcs))",Veg
9240,"Chola + Bhatura (2 pcs) + Pickle",Veg
9242,"Veg Biryani Handi",Veg
9243,"Milk Shake Badam (180 ml)",Veg
9244,"Jalebi Kesar (100g)",Veg
9246,"Mathura Peda [300 Grams]",Veg
9247,"Milk Peda",Veg
9248,"Kalakand Special Box [350 Grams]",Veg
9249,"Milk Peda Special Box [350 Grams]",Veg
9250,"Rose Syrups",Veg
9251,"Orange Syrups",Veg
9252,Kanchagolla,Veg
9253,"Kara Pak Sandesh [6 Pcs]",Veg
9254,"Gur Sandesh [6 Pcs]",Veg
9255,"Soanpapdi Ghee Pack Of Two (400 Grms)(serves2)",Veg
9256,"Soanpapdi Elaichi (500 Grms) + Soanpapdi Elaichi (500 Grms)",Veg
9257,"Soanpapdi Kesar Pack Of Two (500 Grms)",Veg
9258,"Halwa (200 Grms)",Veg
9259,"Kaju Barfi",Veg
9262,"Ghee Laddu",Veg
9264,Rosogolla,Veg
9265,"Ras Malai",Veg
9266,"Rajbhog Tin (1 Kg)",Veg
9267,"Rosogolla Tin",Veg
9268,"Gulab Jamun Tin",Veg
9269,"Badam Aata Laddu (12 Pcs) Pack Of Two",Veg
9271,"Soanpapdi (200 gms)",Veg
9272,"Kesaria Gulab Jamun",Veg
9273,Malpowa,Veg
9274,Bhujia,Veg
9275,"Aloo Bhujia",Veg
9278,"Tok Jhal Misti",Veg
9279,"Jhal Chanachur",Veg
9281,"Chatpatta Mixture",Veg
9282,"Diet Chira Bhaja (200 Grms)",Veg
9283,"Dalmoth Kaju (200 Grms)(serves1)",Veg
9284,"Nimki Besan Papdi (150 Grms)",Veg
9285,Murukku,Veg
9286,"Halka Fulka (400 Grms)",Veg
9290,Pastry,Veg
9291,"Roasted Kaju",Veg
9292,Kaju,Veg
9293,"Roasted Pista",Veg
9295,Almond,Veg
9296,"Akhrot Barfi (250gms)",Veg
9297,"Chandra Kala (12pcs)",Veg
9298,"Gujia (8pcs)",Veg
9299,"Milk Pista Barfi (300g)",Veg
9300,"Anjeer Barfi Special Box (350 Gms)",Veg
9301,"Kalakand Special Box (350 Gms)",Veg
9302,"Milk Pista Barfi Special Box (300 Gms)",Veg
9303,"Milk Kesar Barfi Special Box (300 Gms)",Veg
9304,"Mathura Peda (300g)",Veg
9305,"Dilkhusal Special Box (400 Gms)",Veg
9306,"Milk Chocolate Barfi Special Box (300 Gms)",Veg
9307,"Dry Fruits Chandrakala (6pcs)",Veg
9308,"Kaju Roll (350 Gms)",Veg
9309,"Kaju Gujia (300 Gms)",Veg
9310,"Milk Cake Special Box (350 Gms)",Veg
9311,"Balu Shahi (8pcs)",Veg
9312,"Akhrot Barfi (250g)",Veg
9313,"Kaju Kesar Barfi (250 Gms)",Veg
9314,"Kaju Pista Barfi (250 Gms)",Veg
9315,"Kesar Kaju Barfi (250g)",Veg
9316,"Pista Barfi (250gm)",Veg
9317,"Orange Syrup (700ml)",Veg
9318,"Aam Panna (700ml)",Veg
9319,"Rose Syrup (700ml)",Veg
9320,"Jeera Rice And Dal Makhani Combo",Veg
9321,"Jeera Rice And Yellow Dal Combo",Veg
9322,"Jeera Rice And Cholla Combo",Veg
9325,"Khasta Kachori (5 Pcs)",Veg
9330,"Vada Pav (2 Pcs)",Veg
9331,"Mattar Pump (5 Pcs)",Veg
9332,"Paneer Pakora (5 Pcs)",Veg
9333,"Jalebi Kesar (2 Pcs)",Veg
9334,"Sandwich Grilled",Veg
9336,"Mini Thali",Veg
9338,"Alu Dum",Veg
9339,"Masala paneer",Veg
9342,"Special Dal",Veg
9346,"Paneer Paratha (1 Pc)",Veg
9347,"Aloo Paratha (1 Pc)",Veg
9350,Chowmein,Veg
9352,"Manchurian (5 pcs of manchurain balls)",Veg
9353,"Red Chilly Pickle (350 Grms)",Veg
9354,"Green Chilly Pickle (350 Grms)",Veg
9355,"Sweet Mango Pickle (400 Gms)",Veg
9356,"Mixed Pickle (350 Grms)",Veg
9357,"Mango Pickle (350 Grms)",Veg
9358,"Lemon Pickle (350 Grms)",Veg
9359,"Mineral Water (1 Ltr)",Veg
9360,"Lassi   (180 ml)",Veg
9362,"Mango Milkshake (180 ml)",Veg
9363,"Strawbery Milkshake (180 ml)",Veg
9365,"Tikki Chaat",Veg
9367,"Samosa Chaat",Veg
9368,"Khasta Kachori Chaat",Veg
9369,"Mixed Chaat",Veg
9370,"Sada Paan",Veg
9371,"Bpc Special Sada Paan",Veg
9372,"Navrattan Sada Paan",Veg
9373,"Meetha Paan",Veg
9374,"Bpc Special Meetha Paan",Veg
9375,"Shahi Meetha Paan",Veg
9376,"Bahubali Meetha Paan",Veg
9377,"Bolt Band Meetha Paan",Veg
9378,"After Drink Meetha Paan",Veg
9379,"Gulab Meetha Pann",Veg
9380,"Kesar Meetha Paan",Veg
9381,"Khas Meetha Paan",Veg
9382,"Kewda Meetha Paan",Veg
9383,"Strawberry Meetha Paan",Veg
9384,"Mango Meetha Paan",Veg
9385,"Pineapple Meetha Paan",Veg
9386,"Raatranni Meetha Paan",Veg
9387,"Guava Meetha Paan",Veg
9388,"Chandan Meetha Paan",Veg
9389,"Rajnigandha Meetha Paan",Veg
9390,"Navratan Meetha Paan",Veg
9391,"Fire Paan",Veg
9392,"Ice Fire Paan",Veg
9393,"Smoke Paan",Veg
9394,"Ghundi Paan [4pcs]",Veg
9395,"Silver Paan",Veg
9396,"Aam Pappad Paan",Veg
9397,"Silver Dry Fruit Paan",Veg
9398,"Rabri Paan",Veg
9399,"Strawberry Fruit Paan",Veg
9400,"Mango Fruit Paan",Veg
9401,"Kiwi Fruit Paan",Veg
9402,"Pineapple Fruit Paan",Veg
9403,"Black Current Fruit Paan",Veg
9404,"Dry Fruit Paan",Veg
9405,"Roasted Almonds Paan",Veg
9406,"Anjeer Paan",Veg
9407,"Chocolate Paan",Veg
9408,"Choco Dry Fruit Pain",Veg
9409,"Dark Choco Paan",Veg
9410,"Kit Kat Paan",Veg
9411,"Paan Roll",Veg
9412,"Butterscoth Choco Paan",Veg
9413,"Strawberry Choco Paan",Veg
9414,"Mango Choco Paan",Veg
9415,"Hazelnut Paan",Veg
9416,"Ferrero Rocher Paan",Veg
9417,"Bounty Paan",Veg
9418,"Oreo Paan [2pcs]",Veg
9419,"Orange Choco Paan",Veg
9420,"Pista Choco Paan",Veg
9421,"Coconut Choco Paan",Veg
9422,"Kulfi Choco Paan",Veg
9423,"Rasmalai Choco Paan",Veg
9424,"Choco Ice Cream Paan",Veg
9425,"Twin Choco Paan",Veg
9426,"Caramel Choco Paan",Veg
9427,"Gulkano Paan Waffles",Veg
9428,"Choco Paan Waffles",Veg
9429,"Butterscoth Waffles",Veg
9430,"Raspberry Paan Welles",Veg
9431,"Mango Paan Waffles",Veg
9432,"Bolti Band Paan",Veg
9433,"Mix Fruit Ice Paan",Veg
9434,"Strawberry Ice Paan",Veg
9435,"Paan For Cough",Veg
9436,"Paan For Ulcer",Veg
9437,"Gulkand Paan",Veg
9438,"Tutti Fruity Paan",Veg
9439,"Gems Paan",Veg
9440,"Stones Paan",Veg
9441,"Coconut Paan Truffle",Veg
9442,"Gulkand Paan Truffle",Veg
9443,"Dry Fruit Paan Truffle",Veg
9444,"Chocolate Paan Truffle",Veg
9445,"Couples Paan",Veg
9446,"Kohinoor Paan",Veg
9448,"Chocolate Paan Shake",Veg
9449,"Strawberry Paan Shake",Veg
9450,"Bpc Mango Shake",Veg
9451,"Bpc Butterscoth Shake",Veg
9452,"Bpc Pineapple Shake",Veg
9453,"Chocolate Oreo Shake",Veg
9454,"Choco KitKat Shake",Veg
9455,"Paan Shorts",Veg
9456,Rose,Veg
9457,Khas,Veg
9459,Orannge,Veg
9460,"Kala Khatta",Veg
9461,Paan,Veg
9462,Rainbow,Veg
9463,"Egg Dum Biryani",Non-veg
9464,"Veg  Hyderabadi Biryani",Veg
9466,"Laccha Paratha (Per Pcs)",Veg
9467,"Butter Naan (Per Pcs)",Veg
9468,"Butter Chicken + 2 Lachha Paratha",Non-veg
9469,"Shahi Paneer + 2 Laccha Paratha",Veg
9470,"Chicken Chaap + 2 Tandoori Roti",Non-veg
9472,"Shahi Paneer + 2 Lachca Paratha",Veg
9475,"Mushroom Masala + 2 Lachcha Paratha",Veg
9476,"Choice Of Paneer Tikka + 2 Lachcha Paratha",Veg
9478,"Choice Of Chicken Tikka + 2 Lachca Paratha",Non-veg
9480,"Chowringhee Square Special Chicken Biryani",Non-veg
9481,"Chicken Tikka Lazawab Biryani",Non-veg
9482,"Chicken Tikka Boneless Biryani",Non-veg
9483,"Chicken Tangdi Biryani",Non-veg
9487,"Veg Dum Biryani",Veg
9490,"Egg  Hyderabadi Biryani",Non-veg
9492,"Chicken Dark Bunglow (4 Pcs)",Non-veg
9495,"Mutton Kassa",Non-veg
9497,"Chicken Stew",Non-veg
9498,"Mutton Stew",Non-veg
9501,"Chicken Rezala",Non-veg
9502,"Boneless Murg Diwani Handi  (8 Pcs)",Non-veg
9503,"Methi Malai Murg (4 Pcs)",Non-veg
9504,"Chicken Tandoroi Butter Masala",Non-veg
9506,"Paneer Green Peas Masala",Veg
9507,"Veg Gulishtan",Veg
9508,"Chicken Tandoori (with Bone)",Non-veg
9509,"Chicken Afgani (with Bone)",Non-veg
9510,"Chicken Tangari (with Bone)",Non-veg
9511,"Chicken Haryali Tangari(with Bone)",Non-veg
9512,"Boneless Chicken Tikka Kebab (6 Pcs)",Non-veg
9513,"Boneless Chicken Hariyali Tikka Kebab (6 Pcs)",Non-veg
9514,"Boneless Chicken Malai Tikka Kebab (6 Pcs)",Non-veg
9515,"Boneless Chicken Kalimirchi Tikka Kebab (6 Pcs)",Non-veg
9516,"Boneless Chicken Garlic Kebab (6 Pcs)",Non-veg
9517,"Boneless Chicken Boti Kebab (6 Pcs)",Non-veg
9518,"Boneless Chicken Banjara Kebaba (6 Pcs)",Non-veg
9519,"Boneless Chicken Rashmi Kebab (6 Pcs)",Non-veg
9520,"Boneless Chicken Shami Kebab (4 Pcs)",Non-veg
9521,"Chicken Tandoori Wings",Non-veg
9522,"Paneer Tikka Kebab (6 Pcs)",Veg
9523,"Paneer Hariyali Tikka Kebab (6 Pcs)",Veg
9524,"Paneer Malai Tikka Kabab (6 Pcs)",Veg
9525,"Paneer Kalimirchi Tikka Kebab (6 Pcs)",Veg
9526,"Masala Soya Chaap Dry",Veg
9527,"Tandoori Soya Chaap Dry",Veg
9528,"Malai Soya Chaap Dry",Veg
9529,"Mughali Soya Chaap Dry",Non-veg
9530,"Masala Soya Chaap Gravy",Veg
9531,"Tandoori Soya Chaap Gravy",Veg
9532,"Afgani Soya Chaap Dry",Veg
9533,"Afgani Soya Chaap Gravy",Veg
9534,"Veggie Roll",Veg
9535,"Masala Aloo Roll",Veg
9538,"Paneer Tikka Roll",Veg
9539,"Shahi Paneer Roll",Veg
9541,"3 Pepper Mushroom Roll",Veg
9543,"Soya Malai Chaap Roll",Veg
9544,"Soya Achari Chaap Roll",Veg
9547,"Classic Chicken Roll",Non-veg
9549,"Garlic Chicken Roll",Non-veg
9551,"Chicken Tikka Roll",Non-veg
9553,"Chicken Kalimirchi Tikka Roll",Non-veg
9554,"Chicken Galauti Kebab Roll",Non-veg
9555,"Chicken Shawarma",Non-veg
9556,"Paneer Shawarma",Veg
9557,"Musrhoom Shawarma",Veg
9558,"Chicken Shawarma Kathi",Non-veg
9559,"Paneer Shawarma Kathi",Veg
9560,"Musrhoom Shawarma Kathi",Veg
9561,"Veg Tandoori (6 Pcs)",Veg
9562,"Veg Afgani (6 Pcs)",Veg
9563,"Non Veg Kebab Platter (8 Pcs)",Non-veg
9564,"Veg Kebab Platters (8 Pc)",Veg
9565,"Jeera Rice (Per Pcs)",Veg
9567,"Tandoori Roti (Per Pcs)",Veg
9568,"Butter Tandoori Roti (Per Pcs)",Veg
9569,"Plain Naan (Per Pcs)",Veg
9571,"Garlic Naa (Per Pcs)",Veg
9573,Mayonnaise,Veg
9574,"Mint Mayonnaise",Veg
9576,"Cheese Jalapeno",Veg
9579,"Paneer Chilli Combo",Veg
9580,"Dal Makhani Jeera Rice Combo",Veg
9581,"Chole Kulche Combo",Veg
9583,"Jeera Palao",Veg
9596,"Kadhai Chicken Bone",Non-veg
9597,"Kadhai Chicken Boneless",Non-veg
9598,"Chicken Butter Masala Bone",Non-veg
9601,"Chilli Paneer Gravy",Veg
9604,"Chicken In Hot Garlic",Non-veg
9605,"Chicken Manchow",Non-veg
9606,"Chicken Hot & Sour",Non-veg
9608,"Chilli Paneer Dry",Veg
9612,"Sweet Fresh Lime Soda",Veg
9613,"Salt Fresh Lime Soda",Veg
9614,"Sweet & Salt Fresh Lime Soda",Veg
9615,"Creamy Mango Milk Shake",Veg
9619,"Kit - Kat Shake",Veg
9628,"Malai Paneer Tikka",Veg
9635,"Ajwaini Fish Tikka",Non-veg
9642,"Chicken Hakka Noodle",Non-veg
9645,"Paneer Butter Masala Naan Combo(swiggy)",Veg
9648,"Paneer Chilli Noodle Combo",Veg
9649,"Mushroom Chettinad Malabari Paratha Combo",Veg
9650,"Paneer Chilli Rice Combo",Veg
9651,"Manchurian Rice Combo",Veg
9652,"Manchurian Noodle Combo",Veg
9655,"Chilli Chicken Combo",Non-veg
9656,"Chicken Chettinad Malabari Paratha Combo",Non-veg
9657,"Chilli Chicken Rice Combo",Non-veg
9658,"Chilli Chicken Noodle Combo",Non-veg
9659,"Non.veg Thali",Non-veg
9660,"Chicken Butter Masala Naan Combo(swiggy)",Non-veg
9661,"Chicken Dum Biriyani Half(swiggy)",Non-veg
9672,"Subz Kadhai",Veg
9683,"Chicken Butter Masala Boneless",Non-veg
9684,"Dhaba Chikcen Curry (Our Speciality)",Non-veg
9687,"Dak Bunglow ( Bengali Style Chicken Curry)",Non-veg
9691,"Veg Exotic In Hot & Garlic Sauce",Veg
9694,"Chicken Kung Pao Gravy",Non-veg
9696,"Slice Chicken In Oyster Sauce",Non-veg
9698,"Veg Hot & Sour",Veg
9699,"Veg Sweet Corn",Veg
9700,"Veg Lemon Coriander",Veg
9701,"Veg Talumein",Veg
9705,"Chicken Sweet Corn",Non-veg
9706,"Chicken Talumein",Non-veg
9707,"Chicken Lemon Coriander",Non-veg
9709,"Tomato Dhaniya Shorba",Veg
9710,"Murg Dhaniya Shorba",Non-veg
9713,"Chilli Channa",Veg
9719,"Chicken Kun Pao",Non-veg
9720,"Pan Fried Chilli Fish",Non-veg
9721,"Crispy Shredded Chicken",Non-veg
9723,"Sherly Temple",Veg
9724,"Sun Rise",Veg
9725,"Virgin Pina Colada",Veg
9728,"Fruit Punch",Veg
9729,"Kanya Special",Veg
9740,"Masala Cold Drink",Veg
9741,"Soft Drink",Veg
9747,"Cheesse Naan",Veg
9752,"Paneer Hariyali Tikka",Veg
9753,"Ajwani Paneer Tikka",Veg
9754,"Malai Broccoli",Veg
9761,"Chicken Mastana Kebab",Non-veg
9763,"Chicken Seek Kebab",Non-veg
9766,"Roasted Masala Papad",Veg
9767,"Fry Masala Papad",Veg
9779,"Veg Pan Fried Noodle",Veg
9781,"Veg Chilli Garlic Fried Rice",Veg
9783,"Chicken Chilli Garlic Noodle",Non-veg
9784,"Chicken Pan Fried Noodle",Non-veg
9786,"Chicken Chilli Garlic Fried Rice",Non-veg
9787,"Classic Dal Makhani",Veg
9790,"Amritsari Chole",Veg
9811,"Keema Do Pyaza",Non-veg
9820,"Peppy Chicken Nuggets",Non-veg
9821,"Moroccan Spice Chicken Chunks",Non-veg
9822,"Cheesy Meatballs",Non-veg
9825,"Boneless Chicken Wings Peri-Peri",Non-veg
9841,"Crunchy Strips",Veg
9844,"Creamy Tomato Pasta Veg",Veg
9845,"Tikka Masala Pasta Veg",Veg
9846,"Moroccan Spice Pasta Veg",Veg
9847,"Creamy Tomato Pasta Non Veg",Non-veg
9848,"Tikka Masala Pasta Non Veg",Non-veg
9849,"Moroccan Spice Pasta Non Veg",Non-veg
9855,"Bailley One (500ml)",Veg
9856,"Nimbooz ( 350ml )",Veg
9857,"Lipton Ice Tea ( 350 ml)",Veg
9965,"Pakora Paneer",Veg
9971,"Bhuna Mutton",Non-veg
9972,"Boneless Chicken Chilli",Non-veg
9974,"Baby corn Chilli",Veg
9975,"Crispy Chilli Chicken",Non-veg
9977,"Fish Salt & Pepper",Non-veg
9978,"Prawn Salt & Pepper",Non-veg
9979,"Veg  Manchurian",Veg
9981,"Chicken Chilli With Bone (gravy)",Non-veg
9985,"Prawn Chilli",Non-veg
9986,"Veg Tomato Soup",Veg
9993,"Paneer Makhan Masala",Veg
9998,"Mushroom Hara Dhaniya",Veg
10001,"Kadai Veg",Veg
10003,"Bhujia Aloo",Veg
10007,"Murgh Makhan Masala",Non-veg
10009,"Murgh Mussallam",Non-veg
10010,"Desi Mutton Handi",Non-veg
10021,"Gulab Jamun   (2 Pcs)",Veg
10024,"Pakora Veg",Veg
10025,"Pakora Jhura",Veg
10029,"Cheese Cherry Pineapple",Veg
10030,"Paneer Kurkure",Veg
10032,"Waffer Masala",Veg
10033,"Peanut  Masala",Veg
10035,"Papad Roasted",Veg
10042,"Chicken Tikka Chatpata",Non-veg
10043,"Chilli Chicken With Bone",Non-veg
10049,"Crispy Veg Salt & Pepper",Veg
10055,"Baby corn Salt & Pepper",Veg
10056,"American corn Salt & Pepper",Veg
10069,"Boneless Chicken Chilli (gravy)",Non-veg
10075,"Veg Chilli Garlic  Tomato Soup",Veg
10082,"Chicken Sweet Corn Soup",Non-veg
10083,"Chicken Lemon Coriander Soup",Non-veg
10088,"Veg Shanghai Rice",Veg
10097,"Chilli Garlic Noodles Chicken",Non-veg
10098,"Veg American Chop suey",Veg
10106,"Paneer Adrak Ki",Veg
10108,"Baby corn Shahi Masala",Veg
10109,"Sabji Lazakedar Madhuban Special",Veg
10116,"Kadai Panchratna",Veg
10117,"Veg Shahi Handi",Veg
10118,"Veg Mela",Veg
10123,"Bhujia Patal",Veg
10124,"Bhujia Bhindi",Veg
10126,"Gobi Mattar",Veg
10130,"Onion Raita",Veg
10134,"Madhuban Special Dal",Veg
10136,"Dal Butter Fry",Veg
10139,"Boneless Murgh Makhan Masala",Non-veg
10140,"Murgh Jane Bahar",Non-veg
10141,"Boneless Murgh Kali Mirch",Non-veg
10142,"Boneless Murgh Hara Dhaniya",Non-veg
10143,"Boneless Murgh Kassa",Non-veg
10144,"Murgh Kassa with Bone",Non-veg
10146,"Kadai Murgh",Non-veg
10147,"Murgh Masala",Non-veg
10148,"Murgh Bharta",Non-veg
10152,"Fish Bone Curry",Non-veg
10153,"Fish Bone Masala",Non-veg
10154,"Fish Bone Tomato",Non-veg
10155,"Prawn Curry",Non-veg
10156,"Prawn Masala",Non-veg
10157,"Prawn Tomato",Non-veg
10159,"Murgh Tikka Masala",Non-veg
10160,"Murgh Tikka Lababdar",Non-veg
10175,"Plain Tawa Roti",Veg
10185,"Cheese Masala Dosa",Veg
10189,Uttpam,Veg
10192,"Upma (plate)",Veg
10193,"Vada (2pce)",Veg
10194,"Idly {2pce)",Veg
10197,"Murgh Mirchi Kebab",Non-veg
10198,"Murgh Reshmi Kebab",Non-veg
10199,"Murgh Bhatti Kebab",Non-veg
10200,"Tandoori Murgh",Non-veg
10201,"Afghani Murgh",Non-veg
10202,"Murgh Tikka",Non-veg
10203,"Murgh Malai Tikka",Non-veg
10204,"Fish Tikka",Non-veg
10205,"9' Margarita Pizza",Veg
10206,"9' Chilli Paneer Pizza",Veg
10208,"Truffle Chocolate Pastry",Veg
10209,"Veg Grilled Cheese Burger",Veg
10213,"Blackcurrant Shake",Veg
10217,"Cold Coffee With Ice Cream",Veg
10218,"Blueberry Cake",Veg
10219,"Rasmalai Cake",Veg
10220,"Marble Cake",Veg
10221,"Chocolate Cake",Veg
10225,"9' Crispy Veg Pizza",Veg
10233,"9' Garden Fresh Pizza",Veg
10235,"9' Mushroom Cheese Pizza",Veg
10236,"9' Paneer Sizzling Corn Pizza",Veg
10237,"9' Spicy Herb & Chilli Pizza",Veg
10238,"Double Paneer Pizza",Veg
10239,"Sizzling Paneer Corn Pizza",Veg
10240,"Mushroom Cheese Pizza",Veg
10243,"Red Velvet Pastry",Veg
10244,"Cassata Pastry",Veg
10245,"Chocolate Pudding",Veg
10246,"Blueberry Pastry",Veg
10247,"Choco Chips Pastry",Veg
10250,"Pista Pastry",Veg
10254,"Veg Grill Cheese Burger",Veg
10255,"Brown Mayo Sandwich",Veg
10256,"Masala Veg Sandwich",Veg
10257,"Masala Veg Cheese Sandwich",Veg
10258,"Paneer Cheese & Corn Sandwich",Veg
10259,"Paneer Cheese Sandwich",Veg
10260,"Masala Grill Sandwich",Veg
10261,"Cheese Grill Sandwich",Veg
10262,"Paneer Cheese Corn Sandwich",Veg
10263,"Paneer N Cheese Sandwich",Veg
10264,"Plain Brownie",Veg
10265,"Brownie With Ice Cream",Veg
10266,"Brownie Fest Special",Veg
10274,"Dark Chocolate Shake",Veg
10278,"Lychee Shake",Veg
10279,"Choco Frappe",Veg
10283,"Pineapple Cake",Veg
10284,"Butterscotch Cake",Veg
10286,"Strawberry Cake",Veg
10289,"Vanilla Cake",Veg
10291,"Choco Chips Cake",Veg
10297,"Plain Ghee Roast Paper",Veg
10305,"Paneer  Lababdaar",Veg
10308,"Sabji Khazana",Veg
10309,"Veg Kohlapuri",Veg
10312,"Veg Biryani With Raita",Veg
10315,"Sambar Rice",Veg
10316,"Rasam Rice",Veg
10317,"Tamarind Rice",Veg
10322,"Gobi Paratha",Veg
10323,"Kulcha Platter",Veg
10324,"Mixed Veg Raita",Veg
10327,"Dasaprakash Special Noodles",Veg
10331,"Veg Manchurian (Gravy)",Veg
10332,"Chilli Paneer (Gravy)",Veg
10333,"Penne Pasta",Veg
10338,"Moong Dal Halwa (seasonal)",Veg
10339,"Rava Kesari",Veg
10344,"Rasam Vada",Veg
10345,"Medu Vada",Veg
10347,"Tandoori Idli",Veg
10349,"Tandoori Momos",Veg
10352,"Honey Chilli Potatoes",Veg
10353,"Veg Momos",Veg
10358,"Steamed Idli",Veg
10359,"Mini Idli",Veg
10360,"Gunpowder Idli",Veg
10361,"Masala Idli",Veg
10363,"Poori Bhaji",Veg
10366,"Panchvarna Uttapam",Veg
10367,"Coconut Chatni",Veg
10368,"Hot Pot Rice",Veg
10369,"South Indian Platter",Veg
10370,"South Indian Executive Thali",Veg
10373,"Dasaprakash Special Dosa",Veg
10377,"Ghee Roast Paper Masala",Veg
10378,"Podi Dosa Roast Plain",Veg
10379,"Podi Dosa Roast Masala",Veg
10381,"Garlic Dosa Plain",Veg
10382,"Garlic Dosa Masala",Veg
10383,"Mangalore Neer Dosa",Veg
10384,"Malabar Parotta",Veg
10385,"Kerala Appam",Veg
10386,"Andhra Mla Pesarattu",Veg
10393,"Dal Garhwali",Veg
10398,"Tawa Mushroom",Veg
10399,"Kadai Chaap Masala",Veg
10400,"Mushroom Hara Pyaza",Veg
10410,"South Indian Mini Thali",Veg
10411,"Dasaprakash Special Thali",Veg
10416,"Bisi Bele Huli Anna",Veg
10422,"Coconut Rice",Veg
10430,"Mixed Veg Kulcha",Veg
10439,"North Indian Thali",Veg
10440,"Kebab Platter",Veg
10442,"Cucumber Raita",Veg
10445,"Appalam Basket",Veg
10446,"Roasted Papad (2 Pcs)",Veg
10448,"Garden Fresh Salad",Veg
10449,"Veg Ramen Bowl",Veg
10454,"Vegetables in Hot Garlic Sauce",Veg
10455,"Vegetables in Hot Schezwan Sauce",Veg
10456,"Sweet and Sour Vegetables",Veg
10460,"Paneer Manchurian (Gravy)",Veg
10463,"Spaghetti Pasta",Veg
10464,"Garden Style Baked Veg",Veg
10465,"Garden Style Baked Veg Macaroni",Veg
10466,"Mushroom Saute with Toast",Veg
10467,"Mushroom Saute with Rice",Veg
10470,"Butter Milk",Veg
10474,"FILTER COFFEE",Veg
10477,"Rasam with Appalam",Veg
10487,"Keerai Vada",Veg
10489,"Madras Masala Vada",Veg
10491,"Guntur Chilli Gobi",Veg
10493,"Dasaprakash Special Paneer Tikka",Veg
10497,"Dahi Ke Sholey",Veg
10498,"Soya Chaap Tikka",Veg
10500,"Dahi Kebab",Veg
10501,"Gilafi Seekh Kebab",Veg
10504,"Chilli Potatoes",Veg
10505,"Crispy Corn Salt & Pepper",Veg
10506,"Crispy Salt & Pepper Vegetable",Veg
10510,"Veg Fried Momos",Veg
10512,"Paneer Manchurian (Dry)",Veg
10513,"Kurkure Mushroom",Veg
10515,"Chilli Cheese Toast",Veg
10517,"Cheese Grilled Sandwich",Veg
10520,"Mushroom Grilled Sandwich",Veg
10522,"Spicy Corn on Toast",Veg
10527,"Rasam Idli",Veg
10528,"Idli Chilli Chaat",Veg
10535,"Corn Cheese Uttapam",Veg
10542,"Aloo Methi Paratha",Veg
10543,"Mix Veg Paratha",Veg
10547,"Paneer Makhanwala",Veg
10550,"Paneer Mutter",Veg
10553,"Dum Aloo Punjabi",Veg
10555,"Veg Chilli Milli",Veg
10557,"Sabz Aur Methi Ki Sabzi",Veg
10558,"Bhindi Mirch Masala",Veg
10559,"Pindi Chole Masala",Veg
10563,"Kp Special Dum Biryani",Veg
10564,"Hyderabadi Dum Biryani",Veg
10565,"Vegetable Pulav",Veg
10572,"Cheese Garlic Naan",Veg
10582,"Tandoori Chicken Full",Non-veg
10584,"Chicken Handi Biryani",Non-veg
10589,"Palak Panner/corn",Veg
10592,"Paneer Btr Masala",Veg
10598,"Chicken Tikka Lababdar",Non-veg
10600,"Chicken Tikka Butter Masala",Non-veg
10603,"Mutton Cury H",Non-veg
10604,"Mutton Rogan Josh H",Non-veg
10605,"Mutton Rogan Josh F",Non-veg
10606,"Mutton Curry Home Style F",Non-veg
10607,"Mutton Kassa F",Non-veg
10610,"Dahi ke Kebab",Veg
10614,"Murg Handi Kebab",Non-veg
10616,"Tangdi Kebab Half",Non-veg
10617,"Reshmi Kebab",Non-veg
10618,"Malai Kebab",Non-veg
10620,"Lahori Kebab",Non-veg
10621,"Murgh Shikari Kebab",Non-veg
10622,"Makhmali Seek Kebab",Non-veg
10623,"Nawab ka Pasanda (Platter)",Non-veg
10624,"Mutton Hyderabadi Biryani Half",Non-veg
10625,"Mutton Dum Biryani Half",Non-veg
10626,"Zafrani Biryani Half",Veg
10627,"Lucknow Biryani H",Veg
10628,"Chicken Hyderabadi Biryani H",Non-veg
10629,"Chicken Dum Biryani (  H)",Non-veg
10630,"Chicken Dum Biryani F",Non-veg
10631,"Chicken Hyderabadi Biryani  F",Non-veg
10633,"Lucknow Biryani F",Non-veg
10634,"Zafrani Biryani F",Non-veg
10636,"Mutton Dum Biryani F",Non-veg
10637,"Mutton Hyderabadi Biryani F",Non-veg
10638,"Mutton Handi Biryani",Non-veg
10639,"Mutton Keema Biryani",Non-veg
10643,"Baby corn Mushroom Biryani",Veg
10645,"Biryani 65",Non-veg
10647,"Malai Fish Tikka",Non-veg
10649,"Amritsar Fish Tikka",Non-veg
10651,"Mutter Methi Malai",Veg
10653,"Mushroom Mtr Masala",Veg
10659,"Paneer Tikka Btr Masala",Veg
10662,"Banarasi Aloo Dum",Veg
10666,"Hot Gulab Jamun",Veg
10667,"Y Dal Tadka",Veg
10668,"B Dal Tadka",Veg
10682,"Murgh Mussalam",Non-veg
10687,"Dhaba Murgh",Non-veg
10688,"Bhuna Gosht H",Non-veg
10689,"Mutton Keema Masala H",Non-veg
10690,"Mutton Masala H",Non-veg
10695,"Mutton Masala F",Non-veg
10697,"Mutton Keema Masala F",Non-veg
10698,"Bhuna Gosht F",Non-veg
10699,"Mutton Kassa H",Non-veg
10702,"Egg Butter Masala",Non-veg
10706,"Makai Jhalwali Tikki",Veg
10708,"Begam ki Pasanda (Platter)",Veg
10709,"Shahi Paneer Tikka",Veg
10710,"Badshahi Paneer Tikka",Veg
10718,"Plain Rumali Roti",Veg
10719,"Butter Rumali Roti",Veg
10728,"Paneer Hot Garlic",Veg
10730,"Boneless Chilli Chicken(gravy)",Non-veg
10731,"Chicken in Hot Garlic",Non-veg
10732,"Schezwan Chicken",Non-veg
10736,"Chicken Chow mein",Non-veg
10738,"Chicken Chilli Noodles",Non-veg
10740,"Boneless Chilli Chicken(dry)",Non-veg
10742,"Drums of Heaven",Non-veg
10745,"Chilli Chicken Tikka",Non-veg
10746,"Chilli Fish",Non-veg
10756,"American Chop suey",Veg
10760,"Veg Sweet corn Soup",Veg
10761,"Chicken Sweet corn Soup",Non-veg
10770,"Veg Wonton Soup",Veg
10771,"Veg Biryani House Special",Veg
10772,"Chicken Biryani House Special",Non-veg
10775,"Corn Salt & Pepper",Veg
10778,"Corn Fry Paneer",Veg
10779,"Chilli Mushroom Dry",Veg
10780,"Idli [3 Pieces]",Veg
10784,"Chilli  Babycorn (dry) (serves 1)",Veg
10785,"Chilli Paneer (serves 1)",Veg
10786,"Veg Manchurian (serves 1)",Veg
10787,"Plain Basmati Rice (serves 1)",Veg
10788,"Paneer Hakka Noodles (serves 1)",Veg
10789,"Veg Hakka Noodles (serves 1)",Veg
10790,"Paneer Fried Rice (serves 1)",Veg
10791,"Veg Schezwan Fried Rice (serves 1)",Veg
10792,"Veg Fried Rice (serves 1)",Veg
10793,"4 Roti With Aloo Matar Tamatar Subji",Veg
10794,"4 Roti With Aloo Jeera",Veg
10795,"Mix Veg Jalfrezi (serves 1)",Veg
10796,"Aloo Jeera (serves 1)",Veg
10797,"Aloo Matar Tamatar (serves 1)",Veg
10798,"Plain Dal (serves 1)",Veg
10799,"Veg Pulao (serves 1)",Veg
10800,"Jeera Rice (serves 1)",Veg
10802,"Idli Fry [2 Pieces]",Veg
10803,"Cheese Butter Onion Masala Dosa",Veg
10804,"Cheese Butter Onion Sada Dosa",Veg
10805,"Cheese Onion Masala Dosa",Veg
10806,"Cheese Onion Sada Dosa",Veg
10811,"Butter Sada Dosa",Veg
10812,"Butter Onion Sada Dosa",Veg
10813,"Cheese Sada Dosa",Veg
10816,"Butter Onion Masala Dosa",Veg
10817,"Tomato Onion Uttapam",Veg
10818,"Veg Uthappam",Veg
10821,"Chana Chilli (serves 1)",Veg
10822,"Chana Salt & Pepper (serves 1)",Veg
10823,"Chilly Potato (serves 1)",Veg
10824,"Idli Finger Chips (serves 1)",Veg
10825,"Paneer 65 (serves 1)",Veg
10826,"Paneer Salt And Pepper (serves 1)",Veg
10827,"Chilli Paneer (dry) (serves 1)",Veg
10828,"Babycorn Salt And Pepper (serves 1)",Veg
10832,"Paneer Butter Masala (serves 1)",Veg
10833,"Paneer Kadhai (serves 1)",Veg
10834,"Paneer Do Pyaza (serves 1)",Veg
10835,"Matar Paneer (serves 1)",Veg
10836,"Paneer Masala (serves 1)",Veg
10837,"Veg Marathi (serves 1)",Veg
10838,"Veg Do Pyaza (serves 1)",Veg
10839,"Veg Kadhai (serves 1)",Veg
10840,"Mix Veg Curry (serves 1)",Veg
10841,"Aloo Do Pyaza (serves 1)",Veg
10842,"Aloo Dum (serves 1)",Veg
10843,"Dal Butter Fry (serves 1)",Veg
10844,"Butter Tawa Roti (set Of 3)",Veg
10845,"Tawa Roti (set Of 3)",Veg
10847,"Tawa Lachha Paratha",Veg
10848,"Plain Paratha (set Of 2)",Veg
10850,"Veg Hyderbadi Biryani (serves 1)",Veg
10851,"Dal Khichdi (serves 1)",Veg
10852,"Veg Biryani (serves 1)",Veg
10854,"Veg Schezwan Hakka Noodles (serves 1)",Veg
10857,"Veg Spring Fried Rice (serves 1)",Veg
10860,"4 Tawa Roti With Paneer Masala",Veg
10861,"4 Tawa Roti With Tadka",Veg
10864,"Mota Sada Dosa",Veg
10866,"Paper Sada Dosa",Veg
10867,"Paper Onion Sada Dosa",Veg
10868,"Chilli Powder Sada Dosa",Veg
10869,"Special Sada Dosa",Veg
10870,"Special Mota Sada Dosa",Veg
10871,"Special Onion Sada",Veg
10872,"Special Paper Sada Dosa",Veg
10873,"Special Paper Onion Sada Dosa",Veg
10875,"Mota Masala Dosa",Veg
10877,"Paper Masala Dosa",Veg
10878,"Paper Onion Masala Dosa",Veg
10879,"Chilli Powder Masala Dosa",Veg
10880,"Special Masala Dosa",Veg
10881,"Special Mota Masala Dosa",Veg
10882,"Special Onion Masala Dosa",Veg
10883,"Special Paper Masala Dosa",Veg
10884,"Special Paper Onion Masala Dosa",Veg
10886,"Butter Mota Sada Dosa",Veg
10888,"Butter Paper Sada Dosa",Veg
10889,"Butter Paper Onion Sada Dosa",Veg
10891,"Butter Mota Masala Dosa",Veg
10893,"Butter Paper Masala Dosa",Veg
10894,"Butter Paper Onion Masala Dosa",Veg
10895,"Rava Sada Dosa",Veg
10896,"Onion Rava Dosa",Veg
10897,"Rava Masala Dosa",Veg
10898,"Onion Rava Masala Dosa",Veg
10899,"Special Onion Rava Masala Dosa",Veg
10900,"Butter Rava Sada Dosa",Veg
10901,"Butter Rava Masala Dosa",Veg
10902,"Butter Onion Rava Masala Dosa",Veg
10903,"Special Rava Dosa",Veg
10904,"Special Onion Rava Dosa",Veg
10905,"Special Rava Masala Dosa",Veg
10906,"Butter Onion Rava Sada Dosa",Veg
10907,"Cheese Rava Onion Sada Dosa",Veg
10908,"Cheese Butter Sada Dosa",Veg
10909,"Cheese Butter Mota Sada Dosa",Veg
10911,"Cheese Butter Paper Sada Dosa",Veg
10912,"Cheese Butter Paper Onion Sada Dosa",Veg
10913,"Cheese Butter Rava Sada Dosa",Veg
10914,"Cheese Butter Rava Onion Sada Dosa",Veg
10916,"Cheese Mota Masala Dosa",Veg
10918,"Cheese Paper Masala Dosa",Veg
10919,"Cheese Paper Onion Masala Dosa",Veg
10920,"Cheese Rava Masala Dosa",Veg
10921,"Cheese Rava Onion Masala Dosa",Veg
10922,"Cheese Butter Masala Dosa",Veg
10923,"Cheese Butter Mota Masala Dosa",Veg
10925,"Cheese Butter Paper Masala Dosa",Veg
10926,"Cheese Butter Paper Onion Masala Dosa",Veg
10927,"Cheese Butter Rava Masala Dosa",Veg
10928,"Cheese Butter Rava Onion Masala Dosa",Veg
10930,"Cheese Mota Sada Dosa",Veg
10932,"Cheese Paper Sada Dosa",Veg
10933,"Cheese Paper Onion Sada Dosa",Veg
10934,"Cheese Rava Sada Dosa",Veg
10935,"Paneer Sada Dosa",Veg
10936,"Paneer Mota Sada Dosa",Veg
10937,"Paneer Onion Sada Dosa",Veg
10938,"Paneer Paper Sada Dosa",Veg
10939,"Paneer Paper Onion Sada Dosa",Veg
10941,"Paneer Mota Masala Dosa",Veg
10942,"Paneer Onion Masala Dosa",Veg
10943,"Paneer Paper Masala Dosa",Veg
10944,"Paneer Paper Onion Masala Dosa",Veg
10945,"Paneer Special Sada Dosa",Veg
10946,"Paneer Special Mota Sada Dosa",Veg
10947,"Paneer Special Onion Sada Dosa",Veg
10948,"Paneer Special Paper Sada Dosa",Veg
10949,"Paneer Special Paper Onion Sada Dosa",Veg
10950,"Paneer Special Masala Dosa",Veg
10951,"Paneer Special Mota Masala",Veg
10952,"Paneer Special Onion Masala Dosa",Veg
10953,"Paneer Special Paper Masala Dosa",Veg
10954,"Paneer Special Paper Onion Masala Dosa",Veg
10955,"Special Onion Uthappam",Veg
10956,"Special Tomato Onion Uthappam",Veg
10957,"Butter Onion Uthappam",Veg
10958,"Butter Tomato Onion Uthappam",Veg
10959,"Cheese Butter Onion Uthappam",Veg
10960,"Cheese Butter Tomato Onion Uthappam",Veg
10961,"Cheese Onion Uthappam",Veg
10962,"Cheese Tomato Onion Uthappam",Veg
10964,"Tomato Onion Uthappam",Veg
10965,"Chilli Powder Idli",Veg
10966,"Ghee Fried Idli",Veg
10968,"Idli 1 Pc",Veg
10971,"Chilli Powder",Veg
10972,"Vada 2 Pcs",Veg
10973,"Vada 1 Pc",Veg
10974,"Dahi Vada 2 Pcs",Veg
10975,"Dahi Vada 1 Pc",Veg
10976,"Kara Boondi",Veg
10977,"Curry (masala)",Veg
10978,"Mota Chutney (full)",Veg
10979,"Mota Chutney (half)",Veg
10980,"Rava Idli Single",Veg
10981,"Chettinad Curry",Veg
10982,"Mysore Sada Dosa",Veg
10984,"Chettinad Dosa",Veg
10985,"Vegetable Dosa",Veg
10986,"Green Sada Dosa",Veg
10987,"Green Masala Dosa",Veg
10989,"Extra Onion",Veg
10990,"Extra Butter",Veg
10992,"Extra Paneer",Veg
10993,"Extra Sambar",Veg
10994,"Extra Rasam",Veg
10995,"Extra Rice",Veg
10996,"Extra Subji",Veg
10997,"Extra Papad",Veg
10998,"Extra Sambhura",Veg
10999,"Extra Dal",Veg
11000,"Extra Appalam",Veg
11001,"Extra Roti (1 Pc)",Veg
11002,"Extra Subji (south)",Veg
11003,"Extra Vegetables (south)",Veg
11004,Kesari,Veg
11006,"South Indian Meals",Veg
11007,"North Indian Thali (lim)",Veg
11008,"Desi Malai Kulfi",Veg
11009,"Kesar Pista Kulfi",Veg
11010,"Calcutta Paan Kulfi",Veg
11011,"Thandai Kulfi",Veg
11012,"Shahi Gulkand Kulfi",Veg
11013,"Alphonso Mango Kulfi",Veg
11014,"Anjeer Kulfi",Veg
11015,"Gud Badaam Kulfi",Veg
11016,"Butterscotch Kulfi",Veg
11017,"Chocolate Kulfi",Veg
11018,"Dry Fruit Matka Kulfi",Veg
11019,"Desi Malai Slice Kulfi",Veg
11020,"Gulkand Malai Jugalbandi Slice Kulfi",Veg
11021,"Choco - Malai Jugalbandi Slice Kulfi",Veg
11033,"Mango Matka Kulfi",Veg
11034,"Thandai Matka Kulfi",Veg
11035,"Gulkand Matka Kulfi",Veg
11036,"Gud Badaam Matka Kulfi",Veg
11037,"Kesar Pista Slice Kulfi",Veg
11043,"Lachha Paratha & Tangdi Masala",Non-veg
11044,"Tandoori Prawn",Non-veg
11048,"Chicken Keema Masala",Non-veg
11052,"Chicken Curry (bone)",Non-veg
11053,"Chicken Kadhai (boneless)",Non-veg
11054,"Chicken Tikka Butter Masala (boneless)",Non-veg
11068,"Chicken Cheese Kebab Roll",Non-veg
11069,"Chicken Hariyali Tikka Roll",Non-veg
11074,"Chicken Mughlai Paratha",Non-veg
11075,"Lachha Paratha & Chicken Chaap",Non-veg
11077,"Mutton Mughlai Paratha",Non-veg
11078,"Murgh Tandoori",Non-veg
11081,"Murgh Tangri Kebab",Non-veg
11084,"Chicken Abu Chilli Kebab",Non-veg
11086,"Chicken Cheese Mughlai Kebab",Non-veg
11087,"Murgh Boti Kebab (bone)",Non-veg
11088,"Murgh Kali Mirch Kebab",Non-veg
11091,"Paneer Sixty Five",Veg
11092,"Potato Sixty Five",Veg
11094,"Fried Chicken (bone)",Non-veg
11095,"Vegetable Sixty Five",Veg
11096,"Chicken Sixty Five Boneless",Non-veg
11097,"Tawa Fish Fried Boneless",Non-veg
11102,"Chicken Tangri Biryani",Non-veg
11106,"Egg Korma",Non-veg
11108,"Mutton Keema Masala",Non-veg
11115,"Prawn Malai Curry",Non-veg
11116,"Prawn Butter Masala",Non-veg
11119,"Chicken Tangri Masala",Non-veg
11120,"Chicken Butter Masala (bone)",Non-veg
11121,"Chicken Chaap (bone)",Non-veg
11123,"Chicken Do Pyaza (bone)",Non-veg
11124,"Chicken Hyderabadi (bone)",Non-veg
11125,"Chicken Kadhai (bone)",Non-veg
11127,"Chicken Kassa (bone)",Non-veg
11128,"Chicken Masala (bone)",Non-veg
11129,"Chicken Mughlai (bone)",Non-veg
11130,"Chicken Punjabi (bone)",Non-veg
11131,"Chicken Roast- Indian Style (bone)",Non-veg
11133,"Chicken Tikka Hyderabadi (boneless)",Non-veg
11134,"Chicken Tikka Lababdar (boneless)",Non-veg
11135,"Chicken Tikka Punjabi (boneless)",Non-veg
11136,"Fish Curry (boneless)",Non-veg
11137,"Fish Masala Boneless",Non-veg
11138,"Fish Punjabi (boneless)",Non-veg
11139,"Murgh Musallam (bone)",Non-veg
11144,"Vegetable Hyderabadi",Veg
11147,"Vegetable Makhanwala",Veg
11149,"Vegetable Shahi Korma",Veg
11150,"Vegetable Jalfrezi",Veg
11151,"Vegetable Keema Masala",Veg
11153,"Mushroom With Peas",Veg
11154,"Vegetable Do Pyaza",Veg
11156,"Kadhai Vegetables",Veg
11157,"Matar Masala",Veg
11162,"Dal Butter Fried",Veg
11163,"Pindi Chana Masala",Veg
11171,"Amritsari Kulcha",Veg
11173,"Cheese & Onion Kulcha",Veg
11181,"Tomato Salad",Veg
11183,"Fruit Cocktal Raita",Veg
11187,"Pepper Chicken Dry",Non-veg
11194,"Chicken Singapore Fried Rice",Non-veg
11195,"Chicken Hot Garlic Fried Rice",Non-veg
11196,"Egg Singapore Fried Rice",Non-veg
11197,"Egg Hot Garlic Fried Rice",Non-veg
11199,"Veg Singapore Fried Rice",Veg
11200,"Veg Hot Garlic Fried Rice",Veg
11203,"Egg Manchurian Fried Rice",Non-veg
11209,"Chicken Hot Garlic Noodles",Non-veg
11211,"Egg Hot Garlic Noodles",Non-veg
11212,"Egg Schezwan Noodles",Non-veg
11213,"Egg Singapore Noodles",Non-veg
11215,"Chicken Singapore Noodles",Non-veg
11218,"Veg Hot Garlic Noodles",Veg
11222,"2 X Aloo Tikki Burger",Veg
11223,"2 x Veg Peri Peri Burger",Veg
11224,"2 x Krispy Chicken Burger",Non-veg
11225,"Krunch Beam Chicken",Non-veg
11226,"The Original Chicken Burger",Non-veg
11227,"The Original Lamb Burger",Non-veg
11228,"The Spicy Original Chicken Burger",Non-veg
11229,"Krispy Double Chicken Burger",Non-veg
11230,"Jumbo Farm House Burger",Veg
11231,"Bigg Club Veg Burger",Veg
11232,"Bigg Aloo Tikki Burger",Veg
11233,"Afghani Lamb Burger",Non-veg
11234,"Veg Exotic Burger",Veg
11235,"Paneer Twisted Burger",Veg
11236,"Veg Impossible Burger",Veg
11237,"Peri Peri Shawarma Burger",Veg
11238,"Schezwan Mushroom Burger",Veg
11239,"Peri Peri Paneer Burger",Veg
11240,"Afghani Paneer Burger",Veg
11241,"Peri Peri Chicken Fillet Burger",Non-veg
11242,"Tandoori Chicken Fillet Burger",Non-veg
11243,"Chicken Afghani Burger",Non-veg
11244,"American Cheese Chicken Burger",Non-veg
11245,"Smoked Bbq Chicken Burger",Non-veg
11246,"Smoky & Spicy Chicken Fillet  Burger",Non-veg
11247,"Potato Krunch Burger",Veg
11248,"Punjabi Makhani Burger",Veg
11249,"Veg Peri Peri  Burger",Veg
11250,"Krunchy Chicken Mayo Burger",Non-veg
11251,"Bigg Club Veg Wrap",Veg
11253,"Whole Meat Chicken Wrap",Non-veg
11254,"Veg Exotic Wrap",Veg
11255,"Peri Peri Chicken Fillet Wrap",Non-veg
11256,"Lebanese Veg Shawarma Wrap",Veg
11257,"Lime n Mint Mojito.",Veg
11258,"Salted Caramel Shake.",Veg
11260,"Classic Oreo Shake",Veg
11261,"Peanut Butter Krunchy Shake.",Veg
11262,"Special Veg Thali + Pepsi (250 ml)",Veg
11263,"Schezwan Chicken Noodles + Pepsi (250 ml)",Non-veg
11264,"Paneer Pakoda (8 Pcs)",Veg
11282,"Boneless  Chilli Chicken",Non-veg
11284,"Chicken Handi (8 Pcs)",Non-veg
11285,"Match Day Special Combos 1",Non-veg
11286,"Match Day Special Combos 3",Non-veg
11287,"Match Day Special Combos 2",Veg
11288,"Match Day Special Combos 4",Non-veg
11291,"Hyderabadi Paneer Biryani + Pepsi (250 ml)",Veg
11292,"Boneless Hyderabadi Chicken Lababdar Biryani (4 Pcs) + Pepsi (250 ml)",Non-veg
11293,"Hyderabadi Chilly Chicken Biryani (4 Pcs) + Pepsi (250 ml)",Non-veg
11294,"Hyderabadi Mushroom Biryani + Pepsi (250 ml)",Veg
11295,"South Indian Combo",Veg
11296,"Indian Combo 1",Veg
11297,"Indian Combo 2",Non-veg
11298,"Indian Combo 3",Veg
11299,"Chinese Combo",Non-veg
11301,"Hyderabadi Biryani Chicken",Non-veg
11303,"Veg Manchurian (8 Pcs)",Veg
11306,"Idli Chilli",Veg
11308,"Chana Pepper Salt",Veg
11315,"Kanti Roll",Veg
11316,"Kabab Roll",Veg
11324,"Tawa Roti (Butter)",Veg
11329,"Tandoori Butter",Veg
11330,"Paneer Butter Kulcha",Veg
11337,"Boneless Hyderabadi Chicken Lababdar Biryani (4 Pcs)",Non-veg
11338,"Hyderabadi Chilly Lollypop Biryani (4 Pcs)",Non-veg
11339,"Hyderabadi Chilly Chicken Biryani (4 Pcs)",Non-veg
11340,"Hyderabadi Schezwan  Chicken  Biryani (3 Pcs)",Non-veg
11341,"Hyderabadi Fry Piece Chicken Biryani (3 Pcs)",Non-veg
11342,"Hyderabadi Egg Biryani ( 2 Eggs)",Non-veg
11343,"Hyderabadi Mushroom Biryani",Veg
11344,"Hyderabadi Paneer Biryani",Veg
11346,"Special Veg Thali",Veg
11356,"Schezwan Veg Fried Rice",Veg
11357,"Schezwan Egg Fried Rice",Non-veg
11358,"Schezwan Chicken Fried Rice",Non-veg
11362,"Schezwan Veg Noodles",Veg
11363,"Schezwan  Egg Noodles",Non-veg
11364,"Schezwan  Chicken Noodles",Non-veg
11368,"Paneer Lachedar",Veg
11376,"Aloo Gobi Mutter",Veg
11379,"Bhindi Bhujiya",Veg
11380,"Bhindi Masala",Veg
11386,"Veg Crispi",Veg
11387,"Mushroom Masala (Gravy)",Veg
11388,"Mushroom  Chilli (Gravy)",Veg
11389,"Raita Boondi",Veg
11390,"Green Peas Mattar",Veg
11393,"Kaveri Chilli Chicken",Non-veg
11398,"Boneless Chicken 65",Non-veg
11399,"Boneless Chicken Crispy",Non-veg
11400,"Chicken Salte &  Paper",Non-veg
11402,"Chicken Dry Fry",Non-veg
11405,"Murgh Musallam (8 Pcs)",Non-veg
11407,"Fish Do Pyaza",Non-veg
11410,"Hyderabad Chicken   (8 Pcs)",Non-veg
11412,"Omlette (2 Pcs)",Non-veg
11413,"Egg Bhujia (2 Pcs)",Non-veg
11415,"Mineral Water (1 ltr)",Veg
11416,"Idli (2 Pcs)",Veg
11419,"Dosa Plain",Veg
11420,"Dosa Masala",Veg
11421,"Dosa Butter Plain",Veg
11422,"Dosa Onion Plain",Veg
11423,"Dosa Onion Masala",Veg
11424,"Dosa Butter Masala",Veg
11425,"Dosa Cheese Masala",Veg
11426,"Dosa Onion Butter Masala",Veg
11427,"Dosa Paneer Butter Masala",Veg
11428,"Uttapam Plain",Veg
11429,"Uttapam Onion",Veg
11430,"Uttapam Mix Cheese",Veg
11431,"Rawa Onion Plain",Veg
11432,"Rawa Butter Onion Masala",Veg
11433,"Rawa Cheese Onion Masala",Veg
11434,"Schezwan Sada Dosa",Veg
11436,"Veg Chinese Dosa",Veg
11437,"Raspberry Cheesecake",Veg
11438,"Mango Cheesecake",Veg
11439,"Guava Chilli",Veg
11440,"Tangy Kacha Aam",Veg
11445,"Paan Banaras",Veg
11446,"Cookies & Cream",Veg
11447,"Mint Chocolate Chip",Veg
11448,"Fig & Honey",Veg
11449,"Strawberry Cheesecake",Veg
11450,"Chicken Kofta Signature Wraps",Non-veg
11451,"Tandoori Chicken Tikka Signature Wraps",Non-veg
11452,"Italian B.M.T. Signature Wraps",Non-veg
11453,"Chicken Teriyaki Signature Wraps",Non-veg
11454,"Roasted Chicken Strips Signature Wraps",Non-veg
11455,"Tandoori Tofu Salad",Veg
11456,"Veggie Delite Salad",Veg
11457,"Mexican Patty Salad",Veg
11458,"Veg Seekh Salad",Veg
11459,"Veg Shammi Kebab Salad",Veg
11460,"Aloo Patty Salad",Veg
11461,"Corn & Peas Salad",Veg
11463,"Hara Bhara Salad",Veg
11464,"Chatpata Chana Salad",Veg
11465,"Peri Peri Chicken Salad",Non-veg
11466,"Tandoori Chicken Tikka Salad",Non-veg
11467,"Chicken Slice Salad",Non-veg
11468,"Italian B.M.T. Salad",Non-veg
11469,"Chicken Teriyaki Salad",Non-veg
11470,"Subway Club Salad",Non-veg
11471,"Tuna Salad",Non-veg
11472,"Turkey Salad",Non-veg
11473,"Roasted Chicken Strips Salad",Non-veg
11474,"Chicken Kofta Salad",Non-veg
11475,"Turkey & Chicken Slice Salad",Non-veg
11476,"Oatmeal Raisin Cookie",Non-veg
11477,"Dark Chunk Chocolate Cookie",Non-veg
11478,"Double Dark Chunk Chocolate Cookie",Non-veg
11479,"Chips With Veg Sub Combo (15 Cm, 6 Inch)",Veg
11480,"Chips With Non Veg Signature Wrap Combo",Non-veg
11481,"Chips With Veg Signature Wrap Combo",Veg
11482,"Drink With Non Veg Signature Wrap Combo",Non-veg
11483,"Drink With Non Veg Sub Combo (15 Cm, 6 Inch)",Non-veg
11484,"Drink With Veg Sub Combo (15 Cm, 6 Inch)",Veg
11485,"Drink With Veg Signature Wrap Combo",Veg
11486,"Subwrap With Non Veg Subs Combos (15 Cm, 6 Inch)",Non-veg
11487,"Cookie With Non Veg Signature Wrap Combo",Non-veg
11488,"Cookie With Veg Signature Wrap Combo",Veg
11489,"Cookie With Veg Sub Combo (15 Cm, 6 Inch)",Veg
11490,"Cookie With Non Veg Sub Combo (15 Cm, 6 Inch)",Non-veg
11491,"Turkey & Chicken Slice Sub ( 15 Cm,  6 Inch )",Non-veg
11492,"Roasted Chicken Strips Sub ( 15 Cm,  6 Inch )",Non-veg
11493,"Turkey Sub ( 15 Cm,  6 Inch )",Non-veg
11494,"Italian B.M.T. Sub ( 15 Cm,  6 Inch )",Non-veg
11495,"Chicken Teriyaki Sub ( 15 Cm,  6 Inch )",Non-veg
11496,"Tuna Sub ( 15 Cm,  6 Inch )",Non-veg
11497,"Tandoori Chicken Tikka Sub ( 15 Cm,  6 Inch )",Non-veg
11498,"Chicken Kofta Sub ( 15 Cm,  6 Inch )",Non-veg
11499,"Subway Club Sub ( 15 Cm,  6 Inch )",Non-veg
11500,"Chicken Slice Sub ( 15 Cm,  6 Inch )",Non-veg
11501,"Peri Peri Chicken Sub ( 15 Cm,  6 Inch )",Non-veg
11502,"Tandoori Tofu Sub ( 15 Cm,  6 Inch )",Veg
11503,"Veg Shammi Sub ( 15 Cm,  6 Inch )",Veg
11504,"Aloo Patty Sub ( 15 Cm,  6 Inch )",Veg
11505,"Chatpata Chana Sub ( 15 Cm,  6 Inch )",Veg
11506,"Corn & Peas Sub ( 15 Cm,  6 Inch )",Veg
11507,"Veggie Delite Sub ( 15 Cm,  6 Inch )",Veg
11508,"Veg Seekh Sub ( 15 Cm,  6 Inch )",Veg
11509,"Paneer Tikka Sub ( 15 Cm,  6 Inch )",Veg
11510,"Hara Bhara Patty Sub ( 15 Cm,  6 Inch )",Veg
11511,"Mexican Patty Sub ( 15 Cm,  6 Inch )",Veg
11512,"7 Up (500 Ml)",Veg
11513,"Mirinda (500 Ml)",Veg
11514,"Pepsi (500 Ml)",Veg
11515,"Pomegranate Juice  (250 Ml)",Veg
11516,"Sugarcane Juice  (250 Ml)",Veg
11517,"Valencia Orange Juice  (250 Ml)",Veg
11518,"Coconut Water (200 Ml",Veg
11519,"Choco Mint Protein Milkshake (200Ml)",Veg
11520,"Life Juice (250 Ml)",Veg
11521,"Mixed Fruits Juice  (250 Ml)",Veg
11522,"Pepsi Black Can (330Ml)",Veg
11523,"Mirinda Can (330 Ml )",Veg
11524,"7 Up Can (330 Ml )",Veg
11525,"Nachos Cheese And Herbs",Veg
11526,"Nachos Sizzling Jalapenos",Veg
11527,"Nachos Peri Peri",Veg
11528,"Nachos Bbq",Veg
11529,"American Style Cream & Onion Chips",Veg
11530,"India's Magic Masala Chips",Veg
11531,"Veg Kebab ( 5 Pc)",Veg
11532,"Chicken Meatballs (5 Pc)",Non-veg
11533,"Veggie & Cheese Toastie",Veg
11534,"Margarita Toastie",Veg
11535,"Chicken Slice Toastie",Non-veg
11536,"Veg Shammi Subwrap",Veg
11537,"Chatpata Chana Subwrap",Veg
11538,"Chicken Kofta Subwrap",Non-veg
11539,"Chicken Strips Subwrap",Non-veg
11581,"Corn & Peas Sub (30 Cm,  12 Inch)",Veg
11582,"Mexican Patty Sub (30 Cm,  12 Inch)",Veg
11583,"Veg Shammi Sub (30 Cm,  12 Inch)",Veg
11584,"Aloo Patty Sub (30 Cm,  12 Inch)",Veg
11585,"Tandoori Tofu Sub (30 Cm,  12 Inch)",Veg
11586,"Veg Seekh Sub (30 Cm,  12 Inch)",Veg
11587,"Chatpata Chana Sub (30 Cm,  12 Inch)",Veg
11588,"Paneer Tikka Sub (30 Cm,  12 Inch)",Veg
11589,"Veggie Delite Sub (30 Cm,  12 Inch)",Veg
11590,"Hara Bhara Patty Sub (30 Cm,  12 Inch)",Veg
11602,"Tuna Sub (30 Cm,  12 Inch)",Non-veg
11603,"Turkey Sub (30 Cm,  12 Inch)",Non-veg
11604,"Subway Club Sub (30 Cm,  12 Inch)",Non-veg
11605,"Chicken Teriyaki Sub (30 Cm,  12 Inch)",Non-veg
11606,"Italian B.M.T. Sub (30 Cm,  12 Inch)",Non-veg
11607,"Roasted Chicken Strips Sub (30 Cm,  12 Inch)",Non-veg
11608,"Tandoori Chicken Tikka Sub (30 Cm,  12 Inch)",Non-veg
11609,"Chicken Kofta Sub (30 Cm,  12 Inch)",Non-veg
11610,"Peri Peri Chicken Sub (30 Cm,  12 Inch)",Non-veg
11611,"Turkey & Chicken Slice Sub (30 Cm,  12 Inch)",Non-veg
11612,"Chicken Slice Sub (30 Cm,  12 Inch)",Non-veg
11626,"Aquavess Water(500 ml)",Veg
11636,"Pepsi Can (330Ml)",Veg
11660,"Chinese Combo (veg Fried Rice+ Chicken Chilli )",Non-veg
11661,"Chinese Combo ( Veg Fried Rice + 2 Pc Lolipop)",Veg
11662,"Chinese Combo ( Chicken Mixed Rice + Chilli Chicken )",Non-veg
11663,"Chinese Combo ( Chicken Mixed Noodles + Chicken Manchurian )",Non-veg
11664,"Chinese Combo ( Veg Chowmin + Veg Manchurian )",Veg
11665,"Chinese Combo ( Veg Rice + Paneer Chilli )",Veg
11673,"Veg Soup (1 Bowl)",Veg
11674,"Chicken Hot & Sour (1 Bowl)",Non-veg
11675,"Chicken Manchow Soup (1 Bowl)",Non-veg
11676,"Chicken Clear Soup (1 Bowl).",Non-veg
11677,"Chicken Kassa (2 Piece)",Non-veg
11678,"Chicken Katmandu",Non-veg
11683,"Mixed Veg Rice",Veg
11685,"Baby corn Rice",Veg
11687,"Egg Spring",Non-veg
11690,"Mixed Rice",Non-veg
11691,"Mixed Spring Rice",Non-veg
11692,"Chicken Spring",Non-veg
11697,Manchurian,Veg
11699,"Mushroom Salt Pepper",Veg
11700,"Veg momo",Veg
11702,"Veg Garlic Noodles",Veg
11703,"Veg Hakka",Veg
11704,"Veg Hakka Chow mein",Veg
11705,"Paneer Chow mein",Veg
11706,"Baby corn Chow mein",Veg
11707,"Mixed Veg Chow mein",Veg
11708,"Schezwan Chow mein",Veg
11710,"Chicken Garlic Noodles",Non-veg
11711,"Chicken Hakka Chow mein",Non-veg
11712,"Mixed Chicken Chow mein",Non-veg
11713,"Schezwan Chicken Chow mein",Non-veg
11714,"Boneless Chilli Chicken (8 Piece)",Non-veg
11715,"Bone Chilli Chicken (8 Piece)",Non-veg
11716,"Chicken Manchurian Boneless (8 Piece)",Non-veg
11717,"Garlic Chicken Boneless (8 Piece)",Non-veg
11718,"Ginger Chicken Boneless (8 Piece)",Non-veg
11719,"Chicken 65 Boneless (8 Piece)",Non-veg
11720,"Chicken Lollipop (3 Piece)",Non-veg
11721,"Chicken Lollipop (6 Piece)",Non-veg
11722,"Chicken momo",Non-veg
11723,"Special Hydrabadi Chicken Dum Biryani",Non-veg
11725,"Special Cheese Corn Triangle",Veg
11731,"Special Veg Soup",Veg
11735,"Special Veg Mili Juli",Veg
11740,"Chana & Baby corn",Veg
11743,"Baby corn & Mushroom",Veg
11744,"Crispy Chilli Mushroom",Veg
11750,"Crispy Chilli All in One",Veg
11754,"Mushroom Chilli Gravy",Veg
11755,"Veg Momos (Steamed)",Veg
11756,"Veg Momos (Fry)",Veg
11757,"Veg Manchurian Noodles",Veg
11761,"Veg Paneer Noodles",Veg
11762,"Veg Corn Noodles",Veg
11763,"Veg Mushroom Noodles",Veg
11764,"Veg Chow mein Gravy",Veg
11768,"Cheese Corn Triangle",Veg
11770,"Corn Chaat",Veg
11774,"Veg Paneer Fried Rice",Veg
11775,"Veg Corn Fried Rice",Veg
11776,"Garlic Corn Fried Rice",Veg
11778,"Veg Crispy Rice",Veg
11779,"Veg Manchurian Rice",Veg
11780,"Veg White Sauce Penne Pasta (full)",Veg
11781,"Veg Red Sauce Penne Pasta (Full)",Veg
11782,"Veg Mixed Sauce Penne Pasta (Full)",Veg
11783,"Veg White Sauce Penne Pasta (Half)",Veg
11784,"Veg Red Sauce Penne Pasta (Half)",Veg
11785,"Veg Mixed Sauce Penne Pasta (Half)",Veg
11791,"Vegetable Patty Burger",Veg
11792,"Tom Yum Prawn",Non-veg
11794,"Chicken American Chopsuey",Non-veg
11800,"Chicken Dum Biryani (Kolkata Special)",Non-veg
11812,"Cheese Chilli Garlic Naan",Veg
11814,"Plan Tandoor Roti",Veg
11817,"Greek Salad",Veg
11818,"Chicken Caesar Salad",Non-veg
11819,"Smoked Chicken Salad",Non-veg
11820,"Hot & Sour Veg Soup",Veg
11821,"Lemon Coriander Veg Soup",Veg
11826,"Minestrone Soup",Veg
11827,"Lemon Coriander Chicken Soup",Non-veg
11828,"Hot & Sour Chicken  Soup",Non-veg
11831,"Cream Of Chicken Soup",Non-veg
11832,"Chicken Minestrone Soup",Non-veg
11833,"Paneer Finger In Your Choice Of Sauce",Veg
11834,"Crispy Lotus System",Veg
11835,"Chilli Soya Chaap",Veg
11836,"Basil Pepper Mushroom",Veg
11838,"Crispy Chana",Veg
11839,"American Corn",Veg
11840,"Shanghai Spring Roll",Veg
11841,"Crispy Finger Potato",Veg
11842,"Jalapeno Cheese Poppers",Veg
11843,"Morraccan Cheese Cigars",Veg
11845,"Cheese Garlic Toast",Veg
11847,"Quesadilla Veg",Veg
11848,"Chilli Jumbo Prawn",Non-veg
11850,"Crunchy Chicken Toasted In Schezwan",Non-veg
11851,"Chicken Tai Pai",Non-veg
11853,"Roasted Chilli Chicken",Non-veg
11854,"Crispy Chilli Egg",Non-veg
11855,"Schezwan Grilled Prawn",Non-veg
11856,"Prawn Ball",Non-veg
11858,"Fish Chips",Non-veg
11859,"Barbeque Chicken Wings",Non-veg
11860,"Veggie Club House",Veg
11862,"Roasted Chicken Tikka Sandwich",Non-veg
11863,"Tom Yum",Veg
11864,"Thai Green Curry",Veg
11865,"Thai Red Curry",Veg
11866,"Tom Yum Chicken",Non-veg
11867,"Chicken Thai Green Curry",Non-veg
11868,"Chicken Thai Red Curry",Non-veg
11870,"Prawn Thai Green Curry",Non-veg
11871,"Prawn Thai Red Curry",Non-veg
11873,"Noodle Veg",Veg
11874,"Pan Fried Noodle Veg",Veg
11875,"American Chopsuey Veg",Veg
11876,"Chinese Chopsuey Veg",Veg
11877,"Mongolian Rice Veg",Veg
11878,"Mongolian Noodle Veg",Veg
11880,"Egg Noodle",Non-veg
11881,"Egg Pan Fried Noodle",Non-veg
11883,"Chicken Noodle",Non-veg
11887,"Chicken Mongolian Rice",Non-veg
11888,"Chicken Mongolian Noodle",Non-veg
11889,"Wok Fried Cottage Cheese",Veg
11890,"Tsing Hoi Cottage Cheese",Veg
11891,"Fresh Baby Corn Mushroom in Manchurian Sauce",Veg
11892,"Potato & Broccoli",Veg
11893,"Stir Fried Spinach With Corn",Veg
11894,"Stir Fried Exotic Veg",Veg
11895,"Exotic Vegetables",Veg
11896,"Stir Fired Pokchoy & Mushroom",Veg
11897,"Prawn In Hot Garlic Sauce",Non-veg
11898,"Fish In Chilli Black Bean Sauce",Non-veg
11899,"Garlic Pepper Chicken",Non-veg
11900,"Diced Chicken Choice Of Your Sauce",Non-veg
11901,"Fish Fillet In Lemon Dill Sauce",Non-veg
11902,"Grilled Chicken In Red Wine",Non-veg
11903,"Risotto Primavera",Veg
11904,"Risotto Al Fungi",Veg
11905,"Chicken Corn Risotto",Non-veg
11906,"Subz Kabab Khazana",Veg
11907,"Tandoori Soya Chaap",Veg
11908,"Hara Masala Ka Paneer Tikka",Veg
11909,"Paneer Til Tikka",Veg
11910,"Tandoori Kumbh",Veg
11911,"Butte Ki Seekh Kebab",Veg
11912,"Badami Stuff Aloo",Veg
11913,"Tandoori Baby Bhetki",Non-veg
11914,"Tandoori Jhinga",Non-veg
11915,"Fish Ajwain Tikka",Non-veg
11916,"Fish Amritsari Tikka",Non-veg
11917,"Chicken Galouti Kebab",Non-veg
11919,"Lasooni Murghh Tikka",Non-veg
11920,"Murghh Kali Mirch Tikka",Non-veg
11921,"Murghh Malai Tikka",Non-veg
11923,"Mutton Galouti Kebab",Non-veg
11925,"Black & Yellow Dal Tadka",Veg
11926,"Dal Balti",Veg
11927,"Chef Special Egg Dal Tadka",Non-veg
11928,"Subz Biryani",Veg
11933,"Tandoori Chicken Biryani",Non-veg
11937,"Khurchan Paneer",Veg
11942,"Subz Bulbule",Veg
11943,"Subz Lababdar With Papad",Veg
11944,"Chana Pindiwala",Veg
11946,"Subz Bahar",Veg
11947,"Soya Keema Matar",Veg
11953,"Kadhai Dhingri Masala",Veg
11954,"Paneer Handi Lazeez",Veg
11957,"Dhaniya Prawns",Non-veg
11958,"Kali Mirch Ka Jhinga",Non-veg
11959,"Prawns Tikka Masala",Non-veg
11961,"Macchi Kadhai",Non-veg
11962,"Tawa Fish",Non-veg
11964,"Spicy Handay Murghh (Bone)",Non-veg
11966,"Murgh Khatta Pyaz (Bone)",Non-veg
11967,"Murgh Tikka Butter Masala",Non-veg
11968,"Murgh Tikka Jalfrezi",Non-veg
11970,"Murgh Reshmi Hari Mirch",Non-veg
11971,"Murghh Mussallam",Non-veg
11973,"Plan Naan",Veg
11977,"Keema Naan",Veg
11983,"Butter Tandoor Roti",Veg
11990,"Hot Corn Chaat",Veg
11994,"Packaged Water",Veg
11997,"Paneer Pakoda [8pcs]",Veg
11998,"Veg Manchurian [8pcs]",Veg
12001,"Dli Chilli",Veg
12023,"Hyderabadi Chilly Lollypop Biryani [4pcs]",Non-veg
12024,"Hyderabadi Egg Biryani 2 Eggs",Non-veg
12027,"Kaveri Biryani [Family]",Veg
12030,"Chicken Thali",Non-veg
12031,"Fish Thali",Non-veg
12048,"Schezwan Egg Noodles",Non-veg
12049,"Schezwan Chicken Noodles",Non-veg
12071,"Mushroom Masala Gravy",Veg
12084,"Chicken Salte & Paper",Non-veg
12088,"Chicken Handi [8pcs]",Non-veg
12089,"Murgh Musallam [8pcs]",Non-veg
12094,"Hyderabad Chicken [8pcs]",Non-veg
12095,"Egg Masala [2pcs]",Non-veg
12096,"Omlette [2pcs]",Non-veg
12097,"Egg Bhujia [2pcs]",Non-veg
12099,"Mineral Water [1Ltr]",Veg
12100,Lassi,Veg
12101,"Yellow Dal Fry",Veg
12107,Paneer-65,Veg
12109,"Panjabi Chana Masala",Veg
12114,"Butter Onion Uttapam",Veg
12123,Veg-biryani,Veg
12125,"Aloo Bonda [2 Pieces]",Veg
12129,"Veg Mushroom Hot Soup",Veg
12131,"Veg Sweet Corn And Hot Soup",Veg
12132,"Aloo Palak",Veg
12133,Alu-65,Veg
12134,"Aloo Achari",Veg
12135,"Aloo Bhurji",Veg
12136,"Aloo Do Pyaza",Veg
12137,"Aloo Dum Kashmiri",Veg
12149,"Mix Veg Baby Corn",Veg
12150,"Mix Veg W Mushroom",Veg
12159,"Paneer Capsicum",Veg
12160,"Paneer Chana",Veg
12166,"Bhindi Patal",Veg
12167,"Shahi Paneer Kofta",Veg
12168,"Stuffed Capsicum",Veg
12169,"Stuffed Tomato",Veg
12170,"Tarka Dal",Veg
12175,"Veg Navaratan Korma",Veg
12177,"Butter Plain Roti",Veg
12182,Garlic-nan,Veg
12186,"Tandoori Paratha",Veg
12196,"Butter Onion Tmt Uttapam",Veg
12204,"Butter Rava Onion Sada Dosa",Veg
12205,"Butter Rava Onion Masala Dosa",Veg
12210,"Cheese Onion Tmt Uttapam",Veg
12213,"Paneer And Cheese Dosa",Veg
12214,"Rava Cheese Masala Dosa",Veg
12215,"Rava Cheese Onion Masala Dosa",Veg
12216,"Rava Cheese Onion Sada Dosa",Veg
12217,"Rava Cheese Sada Dosa",Veg
12219,"Paneer Butter Onion Masala Dosa",Veg
12220,"Paneer Butter Onion Sada Dosa",Veg
12221,"Paneer Butter Sada Dosa",Veg
12223,"Rava Onion Sada Dosa",Veg
12224,"Rava Onion Masala Dosa",Veg
12235,"Peper Masala Dosa",Veg
12237,"Tmt Onion Uttapam",Veg
12244,"Garlic Baby Corn",Veg
12247,"Hot Garlic Baby Corn",Veg
12248,"Garlic Mushroom",Veg
12249,"Ginger Mushroom",Veg
12251,"Red Paper Mushroom",Veg
12254,"Veg Mushroom Hot Chowmein",Veg
12255,"Veg Gravy Chowmein",Veg
12260,"Veg Kimchi Fried Rice",Veg
12262,"Banarasi Pulao",Veg
12273,Chili-powder(gun-powder,Veg
12274,Dosa-veg-curry,Veg
12275,"Dahi Vada [1 Pc]",Veg
12276,"Dahi Vada [2 Pcs]",Veg
12277,"Ghee Butter Idli [2 Pieces]",Veg
12278,Idli,Veg
12279,Ext-chatni,Veg
12281,"Ext-butter On Dosa",Veg
12282,"Ext-chees On Dosa",Veg
12283,"Fixed Thali",Veg
12288,"Aaloo Biryani",Veg
12295,"Chicken 1 pc",Non-veg
12298,"Paneer Momo",Veg
12299,"Chicken Noodles With Egg",Non-veg
12303,"1 Paneer Grill Sandwich + 1 Cold Drink(250 Ml) + 1 French Fries",Veg
12304,"1 Chicken Grill Sandwich + 1 Cold Drink(250 Ml) + 1 French Fries",Non-veg
12305,"1 Veg Grill  Sandwich + 1 Cold Drink(250 Ml) + 1 French Fries",Veg
12306,"Mix Veg + [3 Roti]",Veg
12307,"Paneer Butter Masala + 4 Roti",Veg
12308,"Sahi Paneer Masala + 2 Paratha",Veg
12309,"Chicken Kasa + 4 Roti",Non-veg
12310,"Sahi Chicken Masala + 2 Paratha",Non-veg
12311,"Chicken Butter Masala + 4 Roti",Non-veg
12312,"Egg Hakka Noodles + Cold Drink(200 Ml) + Chilli Chicken",Non-veg
12313,"Egg Fried Rice + Chilli Chicken",Non-veg
12314,"Chicken Fried Rice [Half] + Paneer Chilli/Paneer Manchurian [Half]",Non-veg
12315,"Veg Fried Rice [Half] + Paneer chilli/Paneer Manchurian [Half]",Veg
12316,"Veg Fried Rice[Half] + Chicken Chilli/Chicken Manchurian [Half]",Non-veg
12317,"Chicken Biryani[Half/Full]",Non-veg
12320,"Chicken Hyderabadi Biryani Dum",Non-veg
12321,"Veg Manchurian 4 Veg Balls Veg Ball",Veg
12322,"Paneer Manchurian 4 Veg Balls Veg Ball",Veg
12323,"Chili Paneer",Veg
12327,"Butter Chicken Masala with Bone",Non-veg
12328,"Butter Chicken Masala Boneless",Non-veg
12333,"Egg Curry [2pcs]",Non-veg
12334,"Egg Dopyaza [2pcs]",Non-veg
12337,"Paneer Dopyaza",Veg
12340,"Mushroom Dopyaza",Veg
12341,"Kadhai Mushrooms",Veg
12353,"Tawa Roti [4pcs]",Veg
12354,"Butter Tawa Roti [4pcs]",Veg
12356,"Onion & Olive Garlic Bread",Veg
12357,"Chili Garlic Bread",Veg
12358,"Choco B Thick Shake (Cad B)",Veg
12359,"Choco Kitkat Thick Shake",Veg
12360,"Choco Oreo Mastani",Veg
12362,"Black Currant Thick Shake",Veg
12363,"Mango Mastani",Veg
12364,"8' Plain Cheese Corn Pizza",Veg
12368,"Grilled Pahari Sandwich",Veg
12369,"Club Veg Sandwich",Veg
12374,"Chocolate Nut Sundae",Veg
12375,"Creme De La Caramel Sundae",Veg
12376,"Almond Fudge Sundae",Veg
12377,"Chocolate Fudge Sundae",Veg
12379,"Cheese Vada Pav",Veg
12380,"Schezwan Vada Pav",Veg
12381,"Mayonnaise Vada Pav",Veg
12382,"Magic Garlic Bread",Veg
12386,"Corn Garlic Bread",Veg
12388,"Choco M Thick Shake (Cad M)",Veg
12389,"Choco Butterscotch Thick Shake",Veg
12390,"Choco Cad White Thick Shake",Veg
12391,"Choco Mango Thick Shake",Veg
12392,"Choco Snickers Thick Shake",Veg
12393,"Choco Almond Thick Shake",Veg
12395,"Choco Mix Thick Shake",Veg
12396,"Choco Oreo Thick Shake",Veg
12397,"Choco Walnut Thick Shake",Veg
12398,"Choco Hazelnut Thick Shake",Veg
12399,"Choco B Mastani (Cad B)",Veg
12400,"Choco M Mastani (Cad M)",Veg
12401,"Choco Butterscotch Mastani",Veg
12402,"Choco Cad White Mastani",Veg
12403,"Choco Mango Mastani",Veg
12404,"Choco Snickers Mastani",Veg
12405,"Choco Almond Mastani",Veg
12406,"Choco Kitkat Mastani",Veg
12407,"Choco Mix Mastani",Veg
12409,"Choco Walnut Mastani",Veg
12410,"Choco Hazelnut Mastani",Veg
12411,"Apple Thick Shake",Veg
12412,"Rose Thick Shake",Veg
12413,"Coconut Thick Shake",Veg
12414,"Strawberry-banana Thick Shake",Veg
12417,"Banana Thick Shake",Veg
12418,"Rose Orange Thick Shake",Veg
12419,"Vanilla Thick Shake",Veg
12423,"Trutty Frutty Thick Shake",Veg
12424,"Butterscotch Thick Shake",Veg
12425,"Pineapple Thick Shake",Veg
12426,"Mango Thick Shake",Veg
12427,"Pista Thick Shake",Veg
12428,"Guava Thick Shake",Veg
12430,"Kaju Badam Thick Shake",Veg
12431,"Banana Caramel Thick Shake",Veg
12432,"Special Magic Thick Shake",Veg
12433,"Apple Mastani",Veg
12434,"Rose Mastani",Veg
12435,"Coconut Mastani",Veg
12436,"Strawberry-banana Mastani",Veg
12437,"Chocolate Mastani",Veg
12438,"Strawberry Mastani",Veg
12439,"Banana Mastani",Veg
12440,"Rose Orange Mastani",Veg
12441,"Vanilla Mastani",Veg
12442,"Litchi Mastani",Veg
12443,"Black Currant Mastani",Veg
12444,"Orange Mastani",Veg
12445,"Trutty Frutty Mastani",Veg
12446,"Butterscotch Mastani",Veg
12447,"Pineapple Mastani",Veg
12449,"Pista Mastani",Veg
12450,"Guava Mastani",Veg
12451,"Kiwi Mastani",Veg
12452,"Kaju Badam Mastani",Veg
12453,"Banana-caramel Mastani",Veg
12454,"Special Magic Mastani",Veg
12455,"Crusher Slickies",Veg
12456,"Kit Kat Slickies",Veg
12457,"Oreo Slickies",Veg
12458,"Snickers Slickies",Veg
12459,"Choco Rocks Slickies",Veg
12460,"Choco Fillings Slickies",Veg
12461,"8' Plain Cheese Mushroom Pizza",Veg
12463,"8' Margarita Pizza",Veg
12465,"8' Mix Veg Pizza",Veg
12466,"8' Mix Veg Corn Pizza",Veg
12467,"8' Onion Pizza",Veg
12468,"8' Mix Veg Paneer Pizza",Veg
12469,"8' Chilli Paneer Pizza",Veg
12470,"8' Cheese Paneer Pizza",Veg
12471,"8' Olive Babycorn Pizza",Veg
12473,"Bold Bournvita",Veg
12474,"Bitter Cold Sparkles",Veg
12475,"Oreo Coffee",Veg
12476,"Cold Nirvana",Veg
12477,"Glacier Coffee",Veg
12478,"Thai Iced Coco",Veg
12479,"Strawberry Slurrpy",Veg
12480,"Pista Slurrpy",Veg
12481,"Mango Slurrpy",Veg
12482,"Butterscotch Slurrpy",Veg
12483,"Dark Chocolate Slurrpy",Veg
12486,"Indian Burger",Veg
12488,"Veg Corn Burger",Veg
12491,"Grill Bombay Sandwich",Veg
12492,"Grill Cutlet Sandiwch",Veg
12493,"Grilled Veg",Veg
12495,"Grill Veg Corn Sandwich",Veg
12496,"Griller Panner Tikka Sandwich",Veg
12497,"Grilled Panner Chilli Sandwich",Veg
12498,"Grilled Potato Sandwich",Veg
12499,"Choco Masala",Veg
12500,"Barbeque Sandwich",Veg
12502,"Club Cheese Sandwich",Veg
12503,"Club Veg Cheese Sandwich",Veg
12504,"Club Jam Sandwich",Veg
12505,"Club Butter Jam Sandwich",Veg
12506,"Club Corn Veg Sandwich",Veg
12507,"Club Corn Veg Cheese Sandwich",Veg
12508,"Masala French Fries",Veg
12509,"Smile (5 Pcs)",Veg
12510,"Plain French Fries",Veg
12512,"Mozarella French Fries",Veg
12514,"Veg Schezwan Maggi",Veg
12515,"Schezwan Maggi",Veg
12516,"Veg Paneer Maggi",Veg
12521,"Veg Cheese Maggi",Veg
12522,"Veg Corn Maggi",Veg
12523,"Vanilla Ice Cream",Veg
12524,"Strawberry Ice Cream",Veg
12526,"Mango Ice Cream",Veg
12527,"Butterscotch Ice Cream",Veg
12528,"Choco Delight Ice Cream",Veg
12529,"Fish Fry Vetki (1 Pc)",Non-veg
12530,"Fish Finger (8 Pcs)",Non-veg
12542,"Mixed Chowmin Gravy",Non-veg
12543,"American Chop Suey",Non-veg
12545,"Pabda (1 Pc)",Non-veg
12546,Pomfret,Non-veg
12548,"Chicken Punjabi ( Boneless )",Non-veg
12553,"Chicken Hydrabadi",Non-veg
12554,"Chicken Tikka Butter Masala ( Boneless )",Non-veg
12556,"Chicken Pakiza ( Half )",Non-veg
12557,"Murgh Musallam ( Half )",Non-veg
12558,"Chicken Lollipop (6 Pcs)",Non-veg
12559,"Boneless Chicken Manchurian (8 Pcs)",Non-veg
12562,"Bengali Thali",Veg
12564,"Kashmiri Aloo Dum",Veg
12569,Shukto,Veg
12571,"Aloo Bhaja",Veg
12574,"Dal Makahani",Veg
12580,"Egg Biriyani",Non-veg
12591,"Devil (1 Pc)",Non-veg
12592,"Egg Devil",Non-veg
12594,"Boneless Chicken Pakora (8 Pcs)",Non-veg
12603,"Veg Fried Rice + Veg Manchurian",Veg
12604,"Veg Hakka Noodles + Veg Manchurian",Veg
12605,"Rice + Fish + dal + BHUJIYA",Non-veg
12606,"Rice + Chicken + dal + BHUJIYA",Non-veg
12607,"Rice + Mutton Curry + dal + BHUJIYA",Non-veg
12608,"Chicken Fried Rice + Chilli Chicken",Non-veg
12609,"Chicken Hakka Noodles + Chilli Chicken",Non-veg
12619,"Sweet corn Soup",Non-veg
12622,"Veg Gravy Noodles",Veg
12623,"Chicken Gravy Noodles",Non-veg
12624,"Mixed Hakka Noodles",Veg
12626,"American Chop suey (Non Veg)",Non-veg
12627,"Chicken Singapuri Noodles",Non-veg
12629,"Mixed Chowmin",Non-veg
12635,"Soya Chap",Veg
12636,"Chicken Tanoor",Non-veg
12640,"Lehsuni Kebab",Veg
12642,"Chicken Abu Chilli Kabab",Non-veg
12643,"Chicken Boti Kebab",Non-veg
12645,Chara-pona,Non-veg
12646,Mourola,Non-veg
12647,"Katla (1 Pc)",Non-veg
12648,Elish,Non-veg
12658,"Chicken Punjabi ( With-bone )",Non-veg
12662,"Boneless Chicken Takatak",Non-veg
12666,"Boneless Chilli Chicken (8 Pcs)",Non-veg
12668,"Boneless Chicken Salt and Pepper",Non-veg
12669,"Boneless Garlic Chicken",Non-veg
12670,"Crispy Honey Chilli Chicken",Non-veg
12671,"Hunan Chicken",Non-veg
12672,"Chicken in Hot Garlic Sauce",Non-veg
12675,"Milanees Fried Chicken",Non-veg
12677,"Omelette (2 Pcs)",Non-veg
12678,"Egg Bhurji (2 Pcs)",Non-veg
12681,"Mutton Dehati",Non-veg
12686,"Prawn Manchurian",Non-veg
12689,"Normal Thali",Veg
12698,"Veg Takatak",Veg
12699,"Mushroom Dopiyaza",Veg
12701,"Patal Masala",Veg
12702,"Aloo Bhindi",Veg
12703,"Dhokar Dalna",Veg
12704,"Aloo Patal",Veg
12705,"Aloo Posto",Veg
12716,"Postor Bada (2 Pcs)",Veg
12718,"Mattar Mushroom",Veg
12722,"Veg Tadka",Veg
12723,"Butter Tadka",Veg
12726,"Plain Yellow Dal",Veg
12738,"Paneer Pakiza",Veg
12743,"Mixed Fried Rice (Non Veg)",Non-veg
12746,"Plain Rice (Basmati)",Veg
12761,Chutney,Veg
12762,"Tawa Roti (1 Pc)",Veg
12764,"Tandoori Roti Plain (1 Pc)",Veg
12765,"Tandoori Roti Butter (1 Pc)",Veg
12772,"Egg Mughlai Paratha",Non-veg
12774,"Egg Biryani (half)",Non-veg
12775,"Egg Biryani (full)",Non-veg
12776,"Chicken Egg Biryani (half)",Non-veg
12777,"Chicken Egg Biryani (full)",Non-veg
12778,"Chicken Biryani (half)",Non-veg
12779,"Chicken Biryani (full)",Non-veg
12783,"Double Chicken Roll",Non-veg
12786,"Double Chicken Egg Roll",Non-veg
12788,"Double Paneer Roll",Veg
12789,"Double Paneer Egg Roll",Non-veg
12791,"Double Egg Paneer Roll",Non-veg
12792,"Double Egg Double Paneer Roll",Non-veg
12795,"Chicken Fry (5pcs)",Non-veg
12796,"Chicken Kanti Kebab (12pcs)",Non-veg
12797,"Paratha (5pcs)",Veg
12798,"Paratha (3pcs)",Veg
12799,"Balushahi ( Desi Ghee , 2 Pcs)",Veg
12800,"Mysore Pak (250 Gms)",Veg
12801,"Jalebi ( Big, 2 Pcs)",Veg
12802,"Sponge Rasgulla (10 Pcs)",Veg
12803,"Milk Cake (500gm)",Veg
12807,"Chana Dal Fry (250 Gms)",Veg
12808,"Thepla (2 Pcs)",Veg
12809,"Veg Chowmin (1 Plate)",Veg
12810,"Paneer Pakoda ( 10 Pcs)",Veg
12811,"Vegetable Biryani (1 Plate)",Veg
12812,"Moong Dal Kachori (2 Pcs)",Veg
12813,"Paneer Pakoda (15 Pcs)",Veg
12814,"Ghee Litti Chokha (4 Pcs)",Veg
12815,"Special Chole Bhature (2 Pcs)",Veg
12816,"Veg Momos (8pcs)",Veg
12817,"Veg Pattice",Veg
12818,"Balushahi 4 Pcs",Veg
12819,"Kaju Barfi  500 Gms",Veg
12820,"Dhokla 4 Pcs",Veg
12821,"Chenna Jalebi 4 Pcs",Veg
12822,"Samosa (4 Pcs)",Veg
12823,"Samosa (10 Pcs)",Veg
12824,"Mast Julab Jamun (4 Pcs)",Veg
12825,"Jalebi 5 Pcs",Veg
12826,"Jalebi (10 Pcs) Small",Veg
12827,"Veg Cutlet (4 Pcs)",Veg
12828,Golgappa,Veg
12830,"Matar Puri (4 Pcs)",Veg
12831,"Pepsi (2 Litre)",Veg
12832,"Mango Shake ( 250 ml)",Veg
12833,"Cold coffee (300 ml)",Veg
12834,"Mahi Dana (250 Gms)",Veg
12836,"Irani Barfi (250 Gms)",Veg
12837,"Amla Bhog (4 Pcs)",Veg
12839,"Pure Ras Malai (250 Gms)",Veg
12841,"Lajawab Paneer Jalebi (4 Pcs)",Veg
12842,"Sweet Boondi (250 Gms)",Veg
12843,"Super Kalakand (500gm)",Veg
12846,"Ghee Ladoo (500gm)",Veg
12847,"Special Gondh Ladoo With Nuts (500gm)",Veg
12851,"Vada (2 Pcs)",Veg
12853,"Special Veg Patties",Veg
12856,"Sattu Puri (2 Pcs)",Veg
12857,"Aloo Puri ( 4 Pcs)",Veg
12859,"Pure Malai Paneer (250 Gms)",Veg
12862,"Pyaaz Pakoda (2 Plate)",Veg
12864,"Pyaz ka Pakora (10pcs)",Veg
12865,"Special Mix Chanachur (500gm)",Veg
12867,"Kachori With Sabji (4 Pcs)",Veg
12868,"Plain Litti Chokha (4 Pcs)",Veg
12871,"Aloo Bonda (2 Pcs)",Veg
12885,"Pyazi (4 Pcs)",Veg
12886,"Fried Makhana ( Butter , 100gm)",Veg
12887,"Chinese Samosa (2 Pcs)",Veg
12888,"Jhaal Muri (1 Plate)",Veg
12889,"Veg Fried Rice (1 Plate)",Veg
12890,"Chole Bhature (2 Pcs)",Veg
12891,"Alu Chop (2 Pcs)",Veg
12893,"Gopi Chop 4 Pcs",Veg
12894,"Began Pakodi 8 Pcs",Veg
12896,"Butter Onion Plain Dosa",Veg
12899,"Veg Cutlet Chat",Veg
12900,"Pyazi Chat",Veg
12901,"Bread Chop Chat",Veg
12902,"Alu Chop Chat",Veg
12905,"Alu Puri (4 Pcs)",Veg
12906,"Aluparatha (2 pcs)",Veg
12907,"Sattu paratha (2 pcs)",Veg
12908,"Mix Fruit Juice (300 Ml)",Veg
12909,"Thumps Up (2 Litre)",Veg
12912,"Special Elaichi Tea (80 ml)",Veg
12913,"Mix Fruit Juice (250 ml)",Veg
12914,"Pomegranate/ Anaar Juice (250 ml)",Veg
12915,"Mosambi Juice (250 ml)",Veg
12916,"Sweet Lassi (250 ml)",Veg
12938,"Bbq Chicken Roll",Non-veg
12950,"Chicken Curry Home Style",Non-veg
12955,"Chicken Lababdar (Bone)",Non-veg
12957,"Murg Mussalam",Non-veg
12958,"Butter Chicken (Original)",Non-veg
12961,"Dal Tadka (Yellow)",Veg
12963,"Butter Dal Fry (Yellow)",Veg
12967,"Hot & Sour Veg",Veg
12968,"Manchow Veg",Veg
12969,"Noodles Soup Veg",Veg
12970,"Sweet Corn Veg",Veg
12971,"Clear Soup Veg",Veg
12972,"Talumein Soup Veg",Veg
12973,"Lemon Coriander Veg",Veg
12974,"Chicken Lemon Corriender",Non-veg
12976,"Chicken Noodles Soup",Non-veg
12979,"Paneer Garlic",Veg
12982,"Paneer Hot Garlic Dry",Veg
12985,"Paneer Hot Garlic Gravy",Veg
12986,"Paneer Dragon (Dry)",Veg
12987,"Paneer Bbq (Dry)",Veg
12988,"Paneer Hot Garlic Coriander (Dry)",Veg
12989,"Schezwan Paneer (Dry)",Veg
12990,"Shanghai Paneer (Dry)",Veg
12991,"Paneer In Butter Garlic Sauce",Veg
12993,"Paneer Cheese Lollipop",Veg
12996,"Roasted Paneer Chilli Dry (6 Pcs)",Veg
13001,"Baby Corn Golden Fry",Veg
13002,"Baby Corn & Mushroom Chilli",Veg
13003,"Baby Corn &Mushroom Salt & Pepper",Veg
13005,"Chana Chilli Salt & Pepper",Veg
13008,"Soya Chilli",Veg
13013,"Chicken Ginger Dry",Non-veg
13014,"Chicken Hot Garlic Dry",Non-veg
13016,"Chicken Ginger Gravy",Non-veg
13017,"Chicken Hot Garlic Gravy",Non-veg
13018,"Chicken Dragon (Dry)",Non-veg
13019,"Chicken Bbq (Dry)",Non-veg
13020,"Chicken Hot Garlic Coriander",Non-veg
13021,"Chicken Schezwan",Non-veg
13022,"Shanghai Chicken (Dry)",Non-veg
13023,"Chicken Butter Garlic (Gravy)",Non-veg
13025,"Chicken Lemon",Non-veg
13026,"Chicken Garlic",Non-veg
13028,"Roasted Chilli Chicken (6 Pcs)",Non-veg
13029,"Chicken Sweet & Sour",Non-veg
13030,"Chicken Slice",Non-veg
13033,"Tai Pai Chicken",Non-veg
13035,"Pan Fried Chilli Chicken",Non-veg
13036,"Chicken Peri Peri",Non-veg
13039,"Fish Manchurian Dry",Non-veg
13040,"Fish Ginger Dry",Non-veg
13041,"Fish Hot Garlic Dry",Non-veg
13042,"Fish Chilli Gravy",Non-veg
13044,"Fish Ginger Gravy",Non-veg
13045,"Fish Hot Garlic Gravy",Non-veg
13046,"Bbq Fish (Dry)",Non-veg
13047,"Fish Hot Garlic Coriander",Non-veg
13048,"Fish Butter Garlic",Non-veg
13049,"Schezwan Fish",Non-veg
13050,"Fish Garlic",Non-veg
13058,"Veg Chowmein (Gravy)",Veg
13060,"Veg Paneer Hakka Noodles",Veg
13062,"Chicken Mix Hakka Noodles",Non-veg
13063,"Chicken Chilli Hakka Noodles",Non-veg
13065,"Chicken Chowmein (Gravy)",Non-veg
13066,"Chicken Pan Fried Noodles",Non-veg
13068,"Egg Chilli Garlic Noodles",Non-veg
13069,"Egg Panfried Noodles",Non-veg
13070,"Egg Chowmein (Gravy)",Non-veg
13073,"Veg Chilli Garlic Rice",Veg
13076,"Veg Bon Ginger Fried Rice",Veg
13077,"Veg Bon Garlic Fried Rice",Veg
13080,"Chicken Chilli Garlic Garlic Fried Rice",Non-veg
13083,"Bon Chicken Ginger Fried Rice",Non-veg
13084,"Bon Chicken Garlic Fried Rice",Non-veg
13087,"Egg Chilli Garlic Fried Rice",Non-veg
13088,"Bon Egg Ginger Fried Rice",Non-veg
13089,"Bon Egg Garlic Fried Rice",Non-veg
13094,"Tandoori Paneer Roll",Veg
13100,"Chicken 65 Roll",Non-veg
13102,"Chicken Cheese Roll",Non-veg
13103,"Paneer Cheese Roll",Veg
13104,"Veg Cheese Roll",Veg
13105,"Chicken Tikka Cheese Roll",Non-veg
13111,"Paneer Lazeez",Veg
13115,"Paneer Laccha",Veg
13118,"Kumb Matar Paneer",Veg
13123,"Mushroom Taka Tak",Veg
13124,"Mushroom Baby Corn Masala",Veg
13127,"Handi Veg",Veg
13144,"Chicken Amritsari",Non-veg
13145,"Chicken Patiala",Non-veg
13147,"Chicken Chingri (Extra Spicy)",Non-veg
13148,"Murg Kalimirch",Non-veg
13149,"Chicken Rara",Non-veg
13151,"Chicken Taka Tak",Non-veg
13153,"Chicken Lazeez",Non-veg
13154,"Chicken Dhania Adraki",Non-veg
13162,"Dhaba Wali Dal",Veg
13163,"Dal Tadka (Black)",Veg
13166,"Egg Dal Tadka (Black)",Non-veg
13170,"Kashmiri Mirchi",Veg
13177,"Tawa Roti Plain",Veg
13179,Uthapam,Veg
13183,"Onion Butter Sada Dosa",Veg
13192,"Idli (Per Plate 2 Pcs)",Veg
13194,"Aloo Bonda Chaat",Veg
13195,"Sambar Vada (Per Plate 2 Pcs)",Veg
13196,"Dahi Vada (Per Plate 2 Pcs)",Veg
13197,"Bonda (Per Plate 2 Pcs)",Veg
13220,"Samosa (Per Plate 2 Pcs)",Veg
13221,"Vada (Per Plate 2 Pcs)",Veg
13235,"Crispy American Corn",Veg
13238,"Chicken Tikka Chilli Dry (6 Pcs)",Non-veg
13239,"9' Paneer Shanghai Pizza",Veg
13240,"9' Chicken Manchurian Pizza",Non-veg
13250,"Veg Hakka Chowmein Dry",Veg
13258,"Chicken Shanghai Dry",Non-veg
13263,"Mater Masala",Veg
13264,"Murgh Butter Masala",Non-veg
13265,"Murgh Kadhai",Non-veg
13266,"Murgh Kassa",Non-veg
13267,"Murgh Tikka Kolhapuri",Non-veg
13273,"Tandoori Chicken (4 Pcs)",Non-veg
13276,"Tandoori Chicken Chilli Dry",Non-veg
13277,"9' Veg Pizza",Veg
13280,"9' Paneer Chinese Inn Special Pizza",Veg
13281,"9' Chicken Pizza",Non-veg
13282,"9' Chilli Chicken Pizza",Non-veg
13284,"9' Chicken Shanghai Pizza",Non-veg
13285,"9' Chicken Chinese Inn Special Pizza",Non-veg
13286,"9' Chicken Tikka Pizza",Non-veg
13287,"9' Paneer Manchurian Pizza",Veg
13289,"Veg Burger Mayo",Veg
13291,"Chilli Paneer Burger Mayo",Veg
13293,"Chicken Burger Mayo",Non-veg
13294,"Chilli Chicken Burger",Non-veg
13295,"Chilli Chicken Burger Mayo",Non-veg
13299,"Veg Talumien Soup",Veg
13300,"Veg Ci Special Soup",Veg
13305,"Chicken CI Special Soup",Non-veg
13309,"Veg Chinese In Special  Fried Rice",Veg
13310,"Chicken Chinese In Special  Fried Rice",Non-veg
13312,"Mix Chicken & Prawn Fried Rice",Non-veg
13314,"Chicken Tikka Pulao",Non-veg
13316,"Chilli Chicken Fried Rice",Non-veg
13318,"Ginger + Garlic Chicken Fried Rice",Non-veg
13319,"Fried Chicken Schezwan",Non-veg
13325,"Egg Hakka Chowmein Dry",Non-veg
13326,"Chicken Hakka Chowmein Dry",Non-veg
13327,"Veg Chinese In Special",Veg
13328,"Chicken Chinese In Special",Non-veg
13329,"Prawn  Chinese In Special",Non-veg
13330,"Mix Chicken And Prawn",Non-veg
13335,"Paneer Sezuan Dry",Veg
13337,"Paneer Ginger Garlic Dry",Veg
13338,"Paneer Ginger + Garlic Gravy",Veg
13339,"Paneer Shanghai Dry",Veg
13340,"Paneer Chinese In Special Dry",Veg
13341,"Paneer Chinese In Special Gravy",Veg
13342,"Chilli Veg Dry",Veg
13343,"Chilli Veg Gravy",Veg
13346,"Veg Shezuan Dry",Veg
13347,"Veg Shezuan Gravy",Veg
13348,"Veg Ginger + Garlic Dry",Veg
13349,"Veg Ginger + Garlic Gravy",Veg
13350,"Veg Shanghai Dry",Veg
13355,"Chicken Schezwan Dry",Non-veg
13357,"Ginger + Garlic Chicken",Non-veg
13358,"Ginger + Garlic Chicken Gravy",Non-veg
13360,"Chicken Shanghai",Non-veg
13361,"Chicken Chinese In Special Dry",Non-veg
13362,"Chicken Chinese In Special Gravy",Non-veg
13363,"Chilli Prawn Dry",Non-veg
13364,"Chilli Prawn Gravy",Non-veg
13365,"Prawn Manchurian Dry",Non-veg
13366,"Prawn Manchurian Gravy",Non-veg
13367,"Prawn Schezwan Dry",Non-veg
13368,"Prawn Schezwan Gravy",Non-veg
13369,"Ginger + Garlic Prawn Dry",Non-veg
13370,"Ginger + Garlic Prawn Gravy",Non-veg
13371,"Prawn Shanghai Dry",Non-veg
13372,"Prawn Chinese In Special Dry",Non-veg
13373,"Prawn Chinese In Special Gravy",Non-veg
13380,"Veg Jhalfrezy",Veg
13383,"Murgh Kolhapuri",Non-veg
13384,"Murgh Do Pyaza",Non-veg
13386,"Murgh Hyderabadi",Non-veg
13390,"Murgh Tikka Do Piyaza",Non-veg
13391,"Murgh Tikka Kadhai",Non-veg
13392,"Murgh Tikka Hyderabadi",Non-veg
13393,"Murgh Tikka Kassa",Non-veg
13395,"Prawn Kolhapuri",Non-veg
13396,"Prawn Do Piyaza",Non-veg
13397,"Prawn Kadai",Non-veg
13398,"Prawn Hyderabadi",Non-veg
13399,"Prawn Kassa",Non-veg
13404,"Veg Fried Rice, Chilli Paneer",Veg
13405,"Veg Hakka, Chilli Paneer",Veg
13406,"Veg Fried Rice, Chilli Chicken",Non-veg
13407,"Veg Hakka, Chilli Chicken",Non-veg
13408,"Veg Fried Rice, Chilli Prawn",Non-veg
13409,"Veg Hakka, Chilli Prawn",Non-veg
13410,"2 Tandoor Roti, Paneer Masala",Veg
13411,"1 Butter Naan, Paneer Masala",Veg
13412,"2 Tandoor Roti, Chicken Masala",Non-veg
13413,"1 Butter Naan, Chicken Masala",Non-veg
13414,"Veg Fried Rice, Egg Curry",Non-veg
13415,"2 Tandoor Roti, Prawn Masala",Non-veg
13416,"1 Butter Naan, Prawn Masala",Non-veg
13420,"Tandoori Fish Tikka",Non-veg
13421,"Tandoori Chicken (Half)",Non-veg
13422,"Tandoori Chicken (Full)",Non-veg
13431,"Fish Fingers",Non-veg
13432,"Egg Pakora",Non-veg
13433,"Chicken Lolipop",Non-veg
13435,"Veg Tandoori Momo",Veg
13436,"Veg Steamed Momo",Veg
13443,"Chicken Haka Noodles",Non-veg
13445,"Palak Paneer (seasonal)",Veg
13446,"Palak Corn(seasonal)",Veg
13448,"Malai Kofta (4 Pcs)",Veg
13456,"Egg Curry (2 pcs.)",Non-veg
13458,Omlette,Non-veg
13459,"Omlette Curry",Non-veg
13460,"Fish Curry (2 Pcs)",Non-veg
13461,"Fish Masala (2 Pcs)",Non-veg
13464,"Yellow Dal Fry Butter",Veg
13465,"Dal Makhani (Black Dal)",Veg
13469,"Aloo Paratha ( 2 Pcs)",Veg
13471,"Festive Special Non Veg Thali",Non-veg
13472,"Festive Special Veg Thali",Veg
13473,"Non Veg Indian Office Thali",Non-veg
13474,"Veg Indian Office Thali",Veg
13475,"Bao With Paneer Tikka",Veg
13476,"Bao With Chilli Mushroom",Veg
13477,"Bao With Chilli Paneer",Veg
13478,"Nachos Supreme",Veg
13479,"Cheese Loaded Nachos",Veg
13480,"Cigar Roll",Veg
13481,"Stuff Mushroom",Veg
13482,"Bao With Chicken Tikka",Non-veg
13483,"Bao With Chilli Chicken",Non-veg
13484,"Fish And Chips With Tartar Souce",Non-veg
13485,"Chicken Wings Barbecue Souce",Non-veg
13486,"Mexican Fried Chicken With Tartar Souce",Non-veg
13487,"American Fried Chicken With Cocktail Souce",Non-veg
13488,"Chicken Chilli Cheese Burger",Non-veg
13489,"Chicken Tikka Cheese Burger",Non-veg
13490,"Chicken Cheese Burger",Non-veg
13491,"Corn Cheese Burger",Veg
13492,"Mushroom Cheese Burger",Veg
13493,"Paneer Cheese Burger",Veg
13495,"Fish Burger",Non-veg
13497,"Caesar Salad",Veg
13498,"Chicken Russian Salad",Non-veg
13500,"Chicken Waldrof Salad",Non-veg
13501,"Waldrof Salad",Veg
13502,"Chicken Greek Salad",Non-veg
13504,"Chicken Stroganoff With Pilaf Rice",Non-veg
13505,"Grill Chicken With Garlic Bread",Non-veg
13506,"Grill Fish With Lemon Butter Sauce With Garlic Bread",Non-veg
13507,"Paneer Steak Bowl",Veg
13508,"Veg Stroganoff With Pilaf Rice",Veg
13510,"Murg Gulafi Seek Kabab",Non-veg
13512,"Sufiyana Paneer Tikka",Veg
13513,"Afghani Paneer Tikka",Veg
13516,"Veg Seek Kabab",Veg
13517,"Paneer Seek Kabab",Veg
13518,"Saufiyana Paneer Tikka",Veg
13522,"Dahi Ke Kabab",Veg
13523,"Afgani Fish Tikka",Non-veg
13524,"Haryali Fish Tikka",Non-veg
13525,"Fish Ajwani Tikka",Non-veg
13526,"Chicken Gilafi Seek Kabab",Non-veg
13527,"Chicken Mastana Kabab",Non-veg
13528,"Chicken Seek Kabab",Non-veg
13534,"Chicken Malai Tikka (Chef Stlye)",Non-veg
13535,"Chicken Gulathi Kabab",Non-veg
13536,"Murg Tikka Kali Mirch",Non-veg
13541,"Veg Lemon Corriander Soup",Veg
13547,"Chicken Lemon Corriander Soup",Non-veg
13548,"Chicken Wonton Soup",Non-veg
13554,"Mix Veg Pakora",Veg
13559,"Chilli Paneer In Teriyaki Sauce",Veg
13564,"Crunchy Veg Mangolian",Veg
13565,"Channa Pepper Salt",Veg
13568,"Cheese Balls 8pcs",Veg
13569,"Cheese Poppers",Veg
13570,"Tandoori Chicken Chili",Non-veg
13573,"Prawn Pepper Salt",Non-veg
13574,"Prawn Pakora",Non-veg
13575,"Chicken Pakora(boneless)",Non-veg
13576,"Chicken Olympia",Non-veg
13579,"Chicken Hong Kong",Non-veg
13582,"Chicken Dry Fry (Boneless)",Non-veg
13583,"Prawn in Oyster and Wine Sauce",Non-veg
13584,"Prawn Chilly",Non-veg
13585,"Prawn Sweet and Sour",Non-veg
13586,"Chicken Ginger & Garlic",Non-veg
13587,"Fish Chilli Mustard",Non-veg
13592,"Veg Assorted Momo",Veg
13593,"Shanghai Fried Rice",Veg
13596,"Burnt Garlic Fried Rice",Veg
13598,"Singaporean Fried Rice",Veg
13599,"Prawn Mix Fried Rice",Non-veg
13601,"Chicken Singaporean Fried Rice",Non-veg
13602,"Chichen Schezwan Fried Rice",Non-veg
13604,"Chicken Shangai Fried Rice",Non-veg
13605,"Veg Stir Fried Noodles",Veg
13608,"Veg Shangai Noodles",Veg
13610,"Veg Teriyaki Noodles",Veg
13611,"Mushroom Haka Noodles",Veg
13613,"Veg American Chopsuey",Veg
13614,"Veg Chinese Chopsuey",Veg
13615,"Chicken Stir Fried Noodles",Non-veg
13616,"Egg Pan Fried Noodles",Non-veg
13619,"Chicken Shangai Noodle",Non-veg
13620,"Chicken Teriyaki Noodles",Non-veg
13624,"Prawn Mix Noodles",Non-veg
13625,"Kofta Biryani",Veg
13627,"Special Biryani",Veg
13631,"Chicken Tikka Biryani (4 pcs)",Non-veg
13633,"Garden Surprise",Veg
13635,"Muttar Paneer",Veg
13638,"Paneer Kurchan",Veg
13639,"Paneer Matar Makhani",Veg
13642,"Aloo Dum Banarasi",Veg
13643,"Vegetable Kofta (4 Pcs)",Veg
13645,"Kashmiri Kofta (4 Pcs)",Veg
13653,"Paneer Kofta (4 Pcs)",Veg
13654,"Shahi Paneer Korma",Veg
13664,"Chicken Lapeta",Non-veg
13665,"Chicken Bharta (Boneless)",Non-veg
13670,"Chicken Dehati Style",Non-veg
13671,"Murg Musallam (Full)",Non-veg
13672,"Murg Musallam (Half)",Non-veg
13673,"Chicken Hawa Mahal",Non-veg
13676,"Egg Do Pyaaza",Non-veg
13679,"Egg Bhujia",Non-veg
13680,"Fish Fry (4 Pcs)",Non-veg
13683,"Kolkata Style Fish Curry",Non-veg
13684,"Prawn Do Pyaza",Non-veg
13690,"Dal Punch Mela",Veg
13693,"Missi roti",Veg
13694,"Butter Missi Roti",Veg
13695,"Khasta Roti",Veg
13697,"Laccha Paratha (Pudina/ Garlic/ Methi)",Veg
13700,"Kabuli Naan",Veg
13702,"Paneer Stuff Naan",Veg
13705,"Keema Naan (Chicken)",Non-veg
13710,"Keema Kulcha (Chicken)",Non-veg
13715,"Mix Paratha ( 2 Pcs)",Veg
13716,"Paneer Paratha (2 Pcs)",Veg
13719,"Veg Peas Pulao",Veg
13722,"Veg Dal Khichdi",Veg
13724,"Kachori Chaat",Veg
13725,"Chole Batura",Veg
13726,"Samosa [4pc]",Veg
13727,"Aloo Chop [4pc]",Veg
13728,"Pyazi [4pc]",Veg
13729,"Bhela Kachori [4pc]",Veg
13730,"Khasta Kachori [4pc]",Veg
13731,"Puri Sabji [4pc]",Veg
13732,"Onion Chop [6pc]",Veg
13735,"Chilly Babycorn",Veg
13737,"Paneer Pakoda [8pc]",Veg
13738,"Corn Pakoda [8pc]",Veg
13739,"Musgroom Chilli",Veg
13741,"Chilly Chicken [8pc]",Non-veg
13742,"Chicken Lollipop [6pc]",Non-veg
13743,"Chicken Manchurian [8pc]",Non-veg
13744,"Chicken 65 [8 pc]",Non-veg
13745,"Garlic Chicken [8pc]",Non-veg
13746,"Rahu Fish Fry [2pc]",Non-veg
13753,Omlett,Non-veg
13761,"Veg Jhal Fry",Veg
13762,"Musghroom Do Payaza",Veg
13769,"Yellow Dal Double Fry",Veg
13770,"Anda Masala",Non-veg
13772,"Anda Do Pyaza",Non-veg
13773,"Chicken Do Pyaza [2pc]",Non-veg
13774,"Chicken Masala [2pc]",Non-veg
13775,"Desi Chicken Curry [4pc]",Non-veg
13776,"Desi Chicken Kassa [4pc]",Non-veg
13777,"Murg Mussalum Desi [4pc]",Non-veg
13778,"Boiler Murg Mussalum [4pc]",Non-veg
13779,"Boiler Chicken [4pc]",Non-veg
13780,"Chicken Kadai [2pc]",Non-veg
13781,"Port Kaleji",Non-veg
13782,"Mutton Kassa [4pc]",Non-veg
13783,"Mutton Kassa [2pc]",Non-veg
13784,"Rehu Fish Masala [2pc]",Non-veg
13785,"Rehu Fish Curry [2pc]",Non-veg
13786,"Fish Tomato Rehu",Non-veg
13789,"Aloo Paratha [2pc]",Veg
13791,"Arwa Rice Thali",Veg
13792,"Usna Thali",Veg
13793,"Basmati Thali",Veg
13794,"Plain Basmati Rice",Veg
13795,"Jeera Rice (Basmati)",Veg
13798,"Basmati Curd Rice",Veg
13800,"Veg Biryani [Half]",Veg
13803,"Mutton Biryani Full [2pc]",Non-veg
13804,"Mutton Biryani Half [1pc]",Non-veg
13806,"Veg Schezuan Fried Rice",Veg
13809,"Veg Chowmin Gravy",Veg
13811,"Veg Chilly Garlic Noodles",Veg
13812,"Egg Chowmin Gravy",Non-veg
13813,"Egg Hakka",Non-veg
13814,"Chicken Hakka",Non-veg
13815,"Lemcha [1pc]",Veg
13817,"Fish Curry + Basmati Rice Full [2pc]",Non-veg
13818,"Fish Masala + Basmati Jeera Rice [2pc]",Non-veg
13819,"Fish Masala + Arwa Thali",Non-veg
13820,"Boiler Chicken Curry + Arwa Thali [2pc]",Non-veg
13821,"Chicken Curry + Basmati Jeera Rice [2pc]",Non-veg
13822,"Chicken Curry + Usna Rice [2pc]",Non-veg
13823,"Mutton +Arwa Rice [2pc]",Non-veg
13824,"Mutton +Arwa Rice [4pc]",Non-veg
13828,"Fruit Raita",Veg
13829,"Mineral Water Bottle [1litre]",Veg
13831,"Rajkachori Chaat",Veg
13832,"Kalakand (250 Gms )",Veg
13835,"Mango Steam Roll ( Per Piece )",Veg
13837,"Mexican Dosa",Veg
13844,"Idli (2 Pc)",Veg
13845,"Vada (2 Pc)",Veg
13848,"Patisha Rolll 400grams",Veg
13849,"Desi Ghee Soanpapdi 500 Grams",Veg
13851,"Kaju Katli 500 Grams",Veg
13860,"Dahi Puri Chaat ( 5 Pc )",Veg
13866,"Dhokla Chaat",Veg
13882,"Special Besan Laddu Box",Veg
13884,"Ghee Ladu 500 Gm",Veg
13908,"Mango Choco Roll (2 Pcs)",Veg
13909,"Mango Choco Roll (250 Gms)",Veg
13910,"Misti Doi Handi ( 250 Gms )",Veg
13911,"Misti Doi Handi (100 Gms)",Veg
13912,"Fresh Dahi (200 Gms )",Veg
13913,"Fresh Paneer (250 Gms)",Veg
13914,"Khoya (250 Gms )",Veg
13920,"Kaju Kesar Barfi (250 Gm)",Veg
13925,"Kaju Barfi 250 Gms",Veg
13928,"Jhal Muri (1 Glass Pack)",Veg
13931,"Mix Mixture (200 gms)",Veg
13932,"Special Potato Chips",Veg
13934,"Special Nimki Jar (500 gms)",Veg
13935,"Bangla Nimki Jar (250gm)",Veg
13936,"Sohali Mathri (200gms)",Veg
13937,"Min Samosa (200 gms)",Veg
13938,"Bhakarwadi (200 gms)",Veg
13939,"Fafda Ghatiya ( 250 Gm )",Veg
13941,"Suji Ke Golgappe [ 5 Pc ]",Veg
13942,"Aate Ke Golgappe [ 6 Pc ]",Veg
13946,"Masala Chanachur (1 kg)",Veg
13947,"Sada Chanachur (1 kg)",Veg
13948,"Sweet Chanachur (1 kg)",Veg
13949,"Mixed Chanachur (1 kg)",Veg
13950,"Mini Singara (1 kg)",Veg
13951,"Mini Kachori (1 kg)",Veg
13952,"Masala Roll (1 kg)",Veg
13953,"Badam Pakora (1 kg)",Veg
13954,"Moong Dal (1 kg)",Veg
13955,"Soan Papdi (1 kg)",Veg
13956,"Chana Chapati (1 kg)",Veg
13957,"Soyastick (1 kg)",Veg
13958,"Kaju Biscuit (1 kg)",Veg
13959,"Nimki (1 kg)",Veg
13960,"Methi Mathi (1 kg)",Veg
13961,"Boondi (1 Kg)",Veg
13962,"Shakar Paraa (1 kg)",Veg
13963,"Chura (1 kg)",Veg
13964,"Banana Chips (1 kg)",Veg
13965,"Potato Chips (1 kg)",Veg
13966,"Salted Kaju (100 Grams)",Veg
13967,"Chips (100 Grams)",Veg
13968,"Ghatia (250 Grams)",Veg
13969,"Sev (250 Grams)",Veg
13970,"Dalmot Chanachur",Veg
13975,"Dalmot Chanachur (1 kg)",Veg
13976,"Sev (1 kg)",Veg
13977,"Gathia (1 kg)",Veg
13993,"Masala Chips (1 kg)",Veg
13995,"Salted Cashew (1 kg)",Veg
13996,"Salted Kaju (500 Grams)",Veg
13997,"Chips (200 Grams)",Veg
13998,"Banana Chips (500 Grams)",Veg
13999,"Chura (500 Grams)",Veg
14000,"Nimki (500 Grams)",Veg
14001,"Soya Sticks (400 Grams)",Veg
14002,"Moong Dal (500 Grams)",Veg
14003,"Mini Kachori (500 Grams)",Veg
14004,"Mini Singhara (500 Grams)",Veg
14005,"Ghatia (500 Grams)",Veg
14006,"Sev (500 Grams)",Veg
14007,"Dalmot Chanachur (500 Grams)",Veg
14008,"Mix Chanachur (500 Grams)",Veg
14009,"Sweet Chanachur (500 Grams)",Veg
14010,"Sada Chanachur (500 Grams)",Veg
14011,"Masala Chanachur (500 Grams)",Veg
14014,"Banana Chips (150 Grams)",Veg
14015,"Chura (250 grams)",Veg
14016,"Nimka (250 Grams)",Veg
14017,"Soya Sticks (200 Grams)",Veg
14018,"Moong Dal (250 Grams)",Veg
14019,"Badam Pakoda (250 Grams)",Veg
14020,"Masala Pakoda (250 Grams)",Veg
14021,"Mini Kachori (250 Grams)",Veg
14022,"Mini Sighara (250 Grams)",Veg
14026,"Mix Chanachur (250 gram)",Veg
14027,"Sweet Chanachur (250 gram)",Veg
14028,"Sada chanachur (250 gram)",Veg
14029,"Chanachur Masala (250 gram)",Veg
14030,"Puri Sabzi",Veg
14031,"Sattu Paratha [1pc]",Veg
14032,"Aloo Paratha [1pc]",Veg
14033,"Gobi Paratha [1pc]",Veg
14034,"Paneer Paratha [1pc]",Veg
14035,"Matar Puri Plate",Veg
14038,"Idli Fry",Veg
14040,"Butter Masala",Veg
14041,"Cheese Masala",Veg
14042,"Butter Cheese Masala",Veg
14043,"Onion Masala",Veg
14044,"Butter Onion Masala",Veg
14046,"Onion Sada",Veg
14047,"Cheese Sada",Veg
14050,"Spring Dosa",Veg
14052,"Mix Uttapam",Veg
14055,"Mysore Dosa",Veg
14056,"Rava Dosa Masala",Veg
14057,"Rava Dosa",Veg
14058,"Butter Rava Masala",Veg
14059,"Butter Rava Dosa",Veg
14061,"Baby Corn",Veg
14065,"Chana Chilli [Half]",Veg
14066,"Corn Chilli",Veg
14069,"Cashew Nut Honey",Veg
14070,"Chilli Crunchy Veg",Veg
14071,"Masaysian Paneer",Veg
14074,"Gavit Paneer Ginger",Veg
14076,"Yash Special",Veg
14077,"Steam Momo",Veg
14078,"Chilly Momo",Veg
14079,"Schezwan Momo [Half]",Veg
14080,"Fried Momo",Veg
14083,"Hakka Chowmein",Veg
14084,"Manchurian Chowmein",Veg
14088,"Mix Spring Rice",Veg
14093,"Veg Pasta",Veg
14094,"Mix Pasta",Veg
14096,"Veg Roll [Full]",Veg
14097,"Paneer Roll [Full]",Veg
14098,"Paneer Chilly Roll [Full]",Veg
14099,"Paneer Tikka Roll [Full]",Veg
14100,"Mionesse Roll [Full]",Veg
14101,"Chowmein Roll [Full]",Veg
14102,Manchow,Veg
14103,"Hot & Soup",Veg
14104,"Lemon Coriander [Full]",Veg
14105,"Sweet Corn [Full]",Veg
14106,"Tianmen Soup [Full]",Veg
14107,"Fried Rice & Chilli Paneer",Veg
14112,"Veg Atta Maggie",Veg
14113,"Veg Maggie",Veg
14115,"Orange Juice",Veg
14117,"Carrot Juice",Veg
14118,"Beetroot Juice",Veg
14119,"Sprout Moong Dal",Veg
14122,Chai,Veg
14124,"Vanilla Milk Shake",Veg
14125,"Butter Scotch Milk Shake",Veg
14127,"Black Current Milk Shake",Veg
14130,"Kesar Pista Milk Shake",Veg
14131,"KitKat Milk Shake",Veg
14134,"Fried Rice & Mushroom Masala",Veg
14135,"Fried Rice & Paneer Butter Masala",Veg
14136,"Fried Rice & Matar Paneer",Veg
14138,"Veg Biryani & Raita",Veg
14144,Poha,Veg
14146,"Chaas [butter Milk]",Veg
14147,"Peach & Jasmin",Veg
14148,Tahiti,Veg
14150,"Sehat Special Maggi",Veg
14151,"Veg Butter Cheese Maggie",Veg
14152,"Veg Cheese Atta  Maggie",Veg
14153,"Veg Butter Atta  Maggie",Veg
14155,"Veg Cheese Maggie",Veg
14156,"Veg Butter Maggie",Veg
14158,"Mosambi Juice",Veg
14162,"Mix Fruits Juice",Veg
14164,"X Carrot+beetroot Juice",Veg
14165,"Bottle Gourd Juice",Veg
14166,"Karela+cucumber+tomato+bottle G",Veg
14167,Cucumber+tomato+beetroot+bottl,Veg
14170,"Red Chana Salad",Veg
14172,"Protein Salad",Veg
14173,"Mix Fruit Salad",Veg
14174,"Lime Plain Sweet Corn",Veg
14175,"Butter Masala Corn",Veg
14176,"Chili Flakes Corn Chaat",Veg
14177,"Schezwan Corn Chat",Veg
14178,"Oregano Corn Chat",Veg
14179,"Cheese N Corn Sandwich",Veg
14180,"Sehat Special Sandwich",Veg
14182,"Tandoori Paneer Sandwich",Veg
14183,"Cheese Tomato Sanwich",Veg
14185,"Veg Paneer Cheese Tikki Burger",Veg
14187,"Veg Cheese Tikki Burger",Veg
14188,"Veg Double Cheese Tikki Burger",Veg
14189,"Veg Paneer Tikki Burger",Veg
14192,"Mushroom Corn Cheese Pizza",Veg
14193,"Crazy Italian Pizza",Veg
14194,"Paneer Capsicum Pizza",Veg
14195,"Veg Exotica Pizza",Veg
14196,"Cheese Margherita Pizza [Double]",Veg
14198,"Chili Chai",Veg
14200,"Roasted Darjeeling",Veg
14201,"Second Flush Darjeeling",Veg
14202,"First Flush Darjeeling",Veg
14203,"Tulsi Mulethi",Veg
14204,"Very Berry Fruit Punch",Veg
14205,"Mint Pepermint Magic",Veg
14206,Darjeeling,Veg
14207,"Earl Grey",Veg
14209,Assam,Veg
14210,Chamomile,Veg
14211,"Ananda Tea",Veg
14212,"Bliss Tisana",Veg
14213,Marraksh,Veg
14214,"Turkish Apple",Veg
14215,"Lebu Chai",Veg
14216,"Kashmiri Kahwa",Veg
14217,"Ayurvedic Chai",Veg
14219,"Vanilla Coffe",Veg
14220,"Hazelnut Coffee",Veg
14224,"Rashpberry Milk Shake",Veg
14231,"Pine Apple Shake",Veg
14232,"Masala Soft Drinks",Veg
14233,"Masala Cold Drinks",Veg
14235,"Pan Mojito",Veg
14237,"Blue Lagoon Mojito",Veg
14238,"Green Mount",Veg
14239,"Light Cold Coffee",Veg
14240,"Dark Cold Coffee",Veg
14241,"Chocolate Cold Coffee",Veg
14242,"Cold Coffee with Icecream",Veg
14243,"Whole Wheat Bread",Veg
14244,"Multigrain Bread",Veg
14245,"Garlic Bread (Small)",Veg
14246,"Atta Bread",Veg
14247,"Chocolate Chip Cookies",Veg
14248,"Nutella Sea Salt Cookie",Non-veg
14249,Biscotti,Non-veg
14250,"Chocolate Doughnut",Veg
14251,"Plain Muffin",Non-veg
14252,"Centre Filled Chocolate Doughnut",Veg
14253,"Banana Walnut Slice",Non-veg
14254,"Date & Carrot Cake",Non-veg
14255,"Mud Pie",Veg
14256,"Eggless Butterscotch Pastry",Veg
14257,"Rum Ball",Non-veg
14265,"Dog Biscuit",Non-veg
14268,Cookies,Veg
14272,"Pineapple Upside Down Cake",Non-veg
14276,"Fruit Cake Eggless Slice",Veg
14277,"Chocolate Walnut Pastry",Non-veg
14278,"Chocolate Brownie",Veg
14279,"Blueberry Muffin",Non-veg
14280,"Chocolate Cup Cake",Veg
14281,"Chocolate Boat",Veg
14282,"Eggless Chocolate Truffle Pastry",Veg
14284,"Eggless White Chocolate Brownie",Veg
14286,"Eggless Chocolate Walnut Pastry",Veg
14287,"Bread Butter Pudding",Non-veg
14288,"Choco 2die4 Pastry",Veg
14289,"Eggless Choco Hazelnut Pastry",Veg
14290,"Eggless Chocolate Pastry",Veg
14291,"Eggless Pineapple Pastry",Veg
14292,"Eggless Black Forest Pastry",Veg
14293,"Eggless Chocolate Tart",Veg
14294,"Chocolate Square Pastry",Non-veg
14296,"Chocolate Tear Drop Pastry",Non-veg
14297,"White Forest Pastry",Non-veg
14298,"Blueberry Cheese Cake",Non-veg
14299,"Bitter Chocolate Mousse",Non-veg
14300,"Chocolate Eclair Pastry",Non-veg
14301,"Eggless Chocolate Fudge Brownie",Veg
14302,"Chocolate Trifle Pudding",Non-veg
14304,"Mushroom Corn Puff",Veg
14305,"Chicken Envelope",Non-veg
14306,"Chili Cheese Puff",Veg
14307,"Aloo Mattar Puff",Veg
14308,"Egg Puff",Non-veg
14310,"Chicken Puff Roll",Non-veg
14313,"Roasted Chicken Sandwich",Non-veg
14314,"Chicken Double Decker Sandwich",Non-veg
14315,"Spicy Veg Sandwich",Veg
14316,"Chicken Keema Pav Sandwich",Non-veg
14317,"Spinach Corn Sandwich",Veg
14318,"Brown Spinach & Corn Sandwich",Veg
14320,"Cheese & Chutney Sandwich",Veg
14321,"Omelette Sandwich",Non-veg
14322,"Chicken Open Sandwich",Non-veg
14323,"Chicken Kati Roll",Non-veg
14324,"Paneer Kati Roll",Veg
14325,"Veg Submarine",Veg
14327,"Veg Hot dog",Veg
14328,"Chicken Submarine",Non-veg
14329,"8' Mushroom And Corn Pizza",Veg
14331,"Honey Chili Potato",Veg
14337,"Chicken Brown Garlic Soup",Non-veg
14343,"Veg Lemon Corinader Soup",Veg
14344,"Veg Brown Garlic Soup",Veg
14351,"Chilli Crispy Babycorn",Veg
14352,"Chilli Crispy American",Veg
14353,"Chilli Crispy Mushroom",Veg
14354,"Chilli Crispy Chana",Veg
14356,"Salt N Pepper Crispy Babycorn",Veg
14357,"Salt N Pepper Crispy American",Veg
14358,"Salt N Pepper Crispy Mushroom",Veg
14359,"Salt N Pepper Crispy Chana",Veg
14360,"Salt N Pepper Paneer",Veg
14361,"Veg Mancurian",Veg
14362,"Crispy Spicy Wings (8 Pic)",Non-veg
14363,"Boiled Chicken",Non-veg
14366,"Chicken Bang Bang",Non-veg
14367,"Chicken Smoked Barbecue",Non-veg
14369,"Chilli Prawn",Non-veg
14370,"Salt N Pepper Prawn",Non-veg
14372,"Chiken Drums Of Haven",Non-veg
14375,"Chicken Leg Fry",Non-veg
14376,"Veg in Hot Garlic Souce",Veg
14377,"Veg in Butter Garlic Souce",Veg
14378,"Veg in Barbecue Garlic Souce",Veg
14379,"Veg in Sweet & Sour",Veg
14380,"Veg in Oyster Souce",Veg
14381,"Chicken in Hot Garlic Souce",Non-veg
14382,"Chicken in Butter Garlic Souce",Non-veg
14383,"Chicken in Barbecue Garlic Souce",Non-veg
14384,"Chicken in Sweet & Sour",Non-veg
14387,"Veg Brown Garlic Fried Rice",Veg
14388,"Veg Ginger Garlic Fried Rice",Veg
14389,"Veg Singapuri Rice",Veg
14392,"Chicken Freid Rice",Non-veg
14395,"Chicken Brown Garlic Fried Rice",Non-veg
14396,"Chicken Ginger Garlic Fried Rice",Non-veg
14397,"Chicken Singapuri Rice",Non-veg
14398,"Veg Hakka Noddles",Veg
14399,"Chicken Hakka Noddles",Non-veg
14400,"Chicken Schezwan Noddles",Non-veg
14401,"Chicken Shanghai Noddles",Non-veg
14402,"Chicken Brown Garlic Noddles",Non-veg
14407,"Tandoori Biryani",Non-veg
14408,"Soya Chaap Butter Masala",Veg
14409,"Soya Chaap Punjabi Masala",Veg
14416,"Veg Jhalfreezi",Veg
14423,"Omlet Masala",Non-veg
14424,"Omlet Curry",Non-veg
14426,"Lasuni Chicken",Non-veg
14437,"Mutton Keema Matar",Non-veg
14440,"Veg Pasta Red Sauce",Veg
14441,"Veg Pasta White Sauce",Veg
14442,"Chicken Pasta Red Sauce",Non-veg
14443,"Chicken Pasta White Sauce",Non-veg
14449,Cappuccino,Veg
14450,"Irish Coffee",Veg
14453,"Ferrero Rocher Shake",Veg
14454,"Alfredo Penne Pasta",Veg
14458,"Kit Kat Waffles",Veg
14459,"Nutella Waffle",Veg
14460,"Chocolate Lava Lava",Veg
14461,"The Brownie Sundae",Veg
14463,"Tiramisu Cheesecake Eggless Pastry",Veg
14464,"Chocolate Walnut Eggless Brownie",Veg
14465,"Mango Eggless Pastry",Veg
14466,"Chocolate 3 Layer Eggless Pastry",Veg
14467,"The Chocolate Room Truffle Balls",Veg
14468,"Belgian Truffle Eggless Pastry",Veg
14469,"Coco Nutella Eggless Pastry",Veg
14470,"Chocolate Chips Eggless Pastry",Veg
14471,"Chocolate Truffle Eggless Pastry",Veg
14472,"Chocolate Walnut Brownie ( Pack Of 4)",Veg
14473,"Red Velvey Eggless Pastry",Veg
14474,"Fete Chocolate Bars",Veg
14475,"The Chocolate Room Chocolate Bars",Veg
14476,"Chocolate Heart + Couple Gift Hamper",Veg
14477,"Chocolate 3d Taj Mahal",Veg
14478,"Premium Chocolate Coated Almonds",Veg
14479,"Hot Chocolate Gift Hamper",Veg
14480,"Belgian Chocolate Packs",Veg
14481,"Assorted Cookie Box",Veg
14482,"Chocolate Wooden Gift Box",Veg
14483,"Chocolate Paper Gift Box",Veg
14484,"Nutella Hot Chocolate",Veg
14485,"Kitkat Hot Chocolate",Veg
14486,"Oreo Hot Chocolate",Veg
14487,"Brownie Hot Chocolate",Veg
14488,Classic,Veg
14489,Hazelnut,Veg
14490,Caramel,Veg
14491,Dark,Veg
14492,Tiramisu,Non-veg
14493,"Orange & Cinnamon Hot Chocolate",Veg
14494,"Mocha Hot Chocolate",Veg
14495,Mint,Veg
14497,"Hot Chocolate With Marshmallows",Veg
14498,"Nutella Cappuccino",Veg
14499,"Kitkat Cappuccino",Veg
14500,"Oreo Cappuccino",Veg
14501,"Brownie Cappuccino",Veg
14502,"Irish Cappuccino",Veg
14503,"Mint Cappuccino",Veg
14504,"Espresso Coffee",Veg
14505,Americano,Veg
14506,Macchiato,Veg
14508,Latte,Veg
14510,"Cookie Crumble",Veg
14512,"Flat White",Veg
14513,"Caramel Macchiato",Veg
14514,Mugguccino,Veg
14515,"Iced Cafe Americano",Veg
14516,"Iced Diet Coffee",Veg
14517,"Iced Cappuccino",Veg
14518,"Coffee Frappe",Veg
14520,"Almond Coffee",Veg
14521,"Triple Sec Coffee",Veg
14522,"TCRs Coffee",Veg
14523,"Iced Caramel Macchiato",Veg
14524,"Fusion Shake ( Kitkat + Oreo + Brownie)",Veg
14525,"Oreo Cookie Shake",Veg
14526,"Black Forest Shake",Veg
14527,"Cookie & Cream Shake",Veg
14528,"Dutch Truffle Cake Shake",Veg
14532,"M & M Shake",Veg
14533,"Toblerone Shake",Veg
14534,"Mars Bar Shake",Veg
14535,"Dark Chocolate Cake Shake",Veg
14537,"Lindt Dark Chocolate Shake",Veg
14538,"Classic Chocolate Choctail",Veg
14539,"Hazelnut Choctail",Veg
14540,"Caramel Choctail",Veg
14541,"Dark Choctail",Veg
14542,"Tiramisu Choctail",Non-veg
14543,"Coffee Nirvana",Veg
14544,"Mint Split Latte",Veg
14545,"Strawberry Choctail",Veg
14546,"Tiramisu Mocha Frappe",Non-veg
14547,"Oreo Mocha Frappe",Veg
14548,"Brownie Mocha Frappe",Veg
14549,"Double Choco Chips Frappe",Veg
14550,"Choco Crunch Mocha Frappe",Veg
14551,"Mocha Frappe",Veg
14552,"Nutella Frappe",Veg
14553,"Peanut Butter Almond Frappe",Veg
14555,Granita,Veg
14556,Mojito,Veg
14558,"Fruit Frappe",Veg
14559,"10' Fully Loaded Pizza",Veg
14560,"10' Alfredo Pizza",Veg
14561,"10' Pesto Pizza",Veg
14562,"10' Spinach Corn & Cottage Cheese Pizza",Veg
14563,"10' Margarita Pizza",Veg
14564,"10' Neapolitan Pizza",Veg
14565,"10' Veg Supreme Pizza",Veg
14566,"10' Veg Garden Fresh Pizza",Veg
14567,"10' Golden Delight Pizza",Veg
14569,"10' Classic Italian Pizza",Veg
14570,"10' Tandoori Paneer Pizza",Veg
14571,"10' Mexican Pizza",Veg
14572,"Pesto Panino",Veg
14573,"Russian Panino",Veg
14574,"Garden Fresh Panino",Veg
14575,"Cottage Cheese Panino",Veg
14576,"Spinach Corn & Cheese Panino",Veg
14577,"Philly Cheese & Chilly Panino",Veg
14578,"TCR Open House Panino",Veg
14579,"Cheese Tomato Chilli Sandwich",Veg
14582,"3 Tier Club Sandwich",Veg
14583,"Italian Pasta Sandwich",Veg
14584,"Burger-ish Sandwich",Veg
14585,"Pesto Layered Sandwich",Veg
14586,"Veg Junglee Sandwich",Veg
14587,"Grilled Jalapenos Sandwich",Veg
14588,"Peri Peri Cottage Cheese Sandwich",Veg
14589,"Garden Fresh Sandwich",Veg
14590,"Spicy Paneer Sandwich",Veg
14591,"Spinach Corn & Cheese Sandwich",Veg
14592,"Mexican Grilled Sandwich",Veg
14593,"Tandoori Paneer Grilled Sandwich",Veg
14594,"Baked Penne Pasta In Red Sauce",Veg
14595,"Mediterranean Penne Pasta",Veg
14596,"Al Fungi Penne Pasta",Veg
14598,"Pink Sauce Penne Pasta",Veg
14599,"TCR Sunday Mood Penne Pasta",Veg
14600,"Agilo Olio Spaghetti",Veg
14601,"Spaghetti Pomodoro",Veg
14602,"Spaghetti Alfredo",Veg
14603,"Baked Cannelloni Pasta",Veg
14604,"Baked Mac & Cheese",Veg
14605,"Creamy Mushroom Risotto",Veg
14606,"Tomato Risotto",Veg
14607,Ravioli,Veg
14608,"Baked Lasagna",Veg
14609,"Cheese Nachos",Veg
14611,"Nachos Grande",Veg
14612,"Mexican Quesadillas",Veg
14613,Fajitas,Veg
14614,Chilaquiles,Veg
14615,"Mexican Hot Pot",Veg
14616,"Veg Stroganoff",Veg
14617,"Mexican Enchiladas",Veg
14618,"Tex Mex Burger",Veg
14619,"TCR Classic Desi Burger",Veg
14620,"Chilli Cottage Cheese Steak Burger",Veg
14621,"Porto Bella Mushroom Burger",Veg
14622,"Spinach & Corn Cheese Burger",Veg
14624,"Italian Burger",Veg
14628,"Potato Wedges",Veg
14630,"Cheesy French Fries",Veg
14631,"Salsa Mexican Fries",Veg
14633,"Lebanese Falafel Wrap",Veg
14634,"Spicy Cottage Cheese Wrap",Veg
14635,"Caesar Salad Wrap",Veg
14636,"Traditional Indian Wrap",Veg
14637,"Mexicana Salsa Wrap",Veg
14638,"Kumbhi Crepes",Veg
14639,"Creamy Paneer & Capsicum Crepes",Veg
14640,"Mexican Crepes",Veg
14641,"Farmers Brunch",Veg
14642,"Tandoori Paneer Garlic Bread",Veg
14644,"Chilli And Corn Garlic Bread",Veg
14648,"Tandoori Paneer Salad",Veg
14649,"Garden Salad",Veg
14650,"Hasta La Pasta Salad",Veg
14651,"Onion & Capsicum Cheesy",Veg
14652,"Tomato & Onion Cheesy",Veg
14653,"Sweet Corn & Chilli Cheesy",Veg
14654,"Choco Date Chocizza",Veg
14655,"Choco Ecstasy Surprise Chocizza",Veg
14656,"Nutella Banana Chocizza",Veg
14657,"Brownie Fudge Chocizza",Veg
14658,"Peanut Butter & White Butter Chocizza",Veg
14659,"Banana Marshmallow Chocizza",Veg
14660,"Black Forest Crepes",Veg
14661,"Oreo Cream Crepes",Veg
14662,"Our Classic Crepes",Veg
14663,"Nutella Crepes",Veg
14664,"Banana Nutella Crepes",Veg
14665,"Hazelnut Sandwich",Veg
14666,"Caramel Sandwich",Veg
14667,"Nutella Sandwich",Veg
14668,"Choco O Block Pancake",Veg
14669,"Our Famous Pancake Stacks",Veg
14670,"Vanilla And Choc Surprise Double Delight",Veg
14671,"Death By Chocolate Pancake",Veg
14672,"Mr Cookies Chips Pancake",Veg
14673,"The Chunk Munk Pancake",Veg
14674,"Hey Fruity Pancake",Veg
14675,"Bananarama Pancake",Veg
14676,"Melting Marshmallow Pancake",Veg
14678,"Waffle Wonder With Of Waffle",Veg
14679,"Sugar Rush Waffle",Veg
14680,"Oreo Waffle",Veg
14681,"Honey Dew Waffle",Veg
14683,"Eskimo Waffle",Veg
14684,"Banana Caramel Waffle",Veg
14685,"Marsmallow Waffle",Veg
14686,"Banana Nutella Waffles",Veg
14687,"Molten Pudding Sundae",Veg
14688,"Ecstasy Sundae",Veg
14689,"Mousse Made Of Pure Chocolate Sundae",Veg
14690,"Chocolate Chocolate Sundae",Veg
14693,"Chocolate Mess",Veg
14694,"Chocolate Avalanche",Veg
14695,"Thank God Its Sundae",Veg
14696,"Dark Fondue",Veg
14697,"Milk Fondue",Veg
14698,"White Fondue",Veg
14699,"Nutella Fondue",Veg
14700,"Caramel Fondue",Veg
14701,"Peanut Butter Fondue",Veg
14702,"Fruit Fondue",Veg
14703,"Cheese Fondue Traditional Cheese Fondue",Veg
14704,"Bread Fondue",Veg
14705,"Curry Fondue",Veg
14706,"Mexican Cheese Fondue",Veg
14707,"Schezwan Potato",Veg
14712,"Veg Chowmein (Hakka)",Veg
14718,"Veg Butter Garlic Rice",Veg
14722,"Banoffee Pie Shake",Veg
14723,"Freaky Waffle Shake",Veg
14724,"Wild Chocolate Indulgence Shake",Veg
14725,"Magical Oreo Ice Cream Bowl",Veg
14726,"Blackforest Ice Cream Bowl",Veg
14727,"Lotus Biscoff Ice Cream Bowl",Veg
14728,"Mango Cake 1 Kgs",Veg
14729,"Vanilla Cake 1/2 Kgs",Veg
14730,"Pineapple Cake 1 kg",Veg
14731,"White Forest 1/2 Kgs",Veg
14732,"Black Forest Cake 1 Kgs",Veg
14734,"Fresh Lime Water",Veg
14735,"Black Lady Mocktail",Veg
14736,"Smoked Mushroom Soup",Veg
14738,"Veg Falafel Wrap",Veg
14740,"Chicken Kathi Roll",Non-veg
14741,"Chilli Chicken Sandwich",Non-veg
14743,"Peri Peri Chicken Wrap",Non-veg
14744,"Chicken Club Sandwich",Non-veg
14745,"Mushroom & Cheese Panini",Veg
14747,"Onion mushroom sauce burger",Veg
14748,"8' Veg Le Bon Special Pizza",Veg
14749,"8' Chicken Le Bon Special Pizza",Non-veg
14750,"Veg Mexican Tomato Rice",Veg
14751,"Veg Grilled Cottage Cheese Steak",Veg
14752,"Grilled Chicken Steak With Choice Of Sauce",Non-veg
14753,"Grilled Fish With Lemon Butter Garlic Sauce",Non-veg
14755,"Black Forest Pastry (Eggless)",Veg
14756,"Red Velvet Cupcake Pastry (Eggless)",Veg
14757,"Mud Pie Pastry (Egg)",Non-veg
14758,"Rum Ball Pastry (Egg)",Non-veg
14759,"French Hearts",Veg
14760,"Ajwain Cookies",Veg
14761,"Extra Choco Chip",Veg
14762,"Extra Chocolate Sauce",Veg
14763,"Extra Whipped Cream",Veg
14764,"Pesto Grilled Chicken Salad",Non-veg
14765,"Marble Sponge Cake",Veg
14766,"Dry Fruits Sponge Cake",Veg
14767,"Tutty Frutty Sponge Cake",Veg
14768,"Sponge Cake Choco Chip",Veg
14770,"Ajwain Khari",Veg
14771,"Plain Khari",Veg
14772,"Oats & Honey Cookies",Veg
14773,"Choco Almond Cookies",Veg
14774,"Choco Chip Cookies",Veg
14775,"Tutty Frutty Cookies",Veg
14776,"Marble Cookies",Veg
14777,"Salted Cookies",Veg
14778,"Coconut Cookies",Veg
14779,"Mocha Cake 1 Kgs",Veg
14780,"Mocha Cake 1/2 Kgs",Veg
14781,"Coffee Praline Cake 1 Kgs",Veg
14782,"Coffee Praline Cake 1/2 Kgs",Veg
14783,"Mocha Almond Fudge Cake 1 Kgs",Veg
14784,"Mocha Almond Fudge Cake 1/2 Kgs",Veg
14785,"Vanilla Orange Truffle Cake 1 Kgs",Veg
14786,"Vanilla Orange Truffle Cake 1/2 Kgs",Veg
14787,"Vanilla Caramel Cake 1/2 Kgs",Veg
14788,"Vanilla Caramel Cake 1 Kgs",Veg
14789,"Choco Vanilla 1 Kgs",Veg
14790,"Choco Vanilla 1/2 Kgs",Veg
14791,"Mango Cake 1/2 Kgs",Veg
14793,"Tiramisu 1 Kgs",Non-veg
14794,"Strawberry Cake 1 Kgs",Veg
14795,"Strawberry Cake 1/2 Kgs",Veg
14796,"Blueberry Cake 1 Kgs",Veg
14797,"Blueberry Cake 1/2 Kgs",Veg
14798,"Orange Chocolate 1 Kgs",Veg
14799,"Orange Chocolate 1/2 Kgs",Veg
14800,"Vanilla Cake 1 Kgs",Veg
14802,"Butterscotch Cake. 1kgs",Veg
14804,"Chocolate Cake 1 Kgs",Veg
14805,"Chocolate Cake 1/2 Kgs",Veg
14806,"Cookie & Cream 1 Kgs",Veg
14807,"Cookie & Cream 1/2 Kgs",Veg
14809,"White Forest Cake 1 Kgs",Veg
14811,"Black Forest Cake 1/2 Kgs",Veg
14812,"Choco Chip Cake 1 Kgs",Veg
14814,"Americano Coffee",Veg
14819,"Classic Hot Chocolate",Veg
14821,"Caramel Hot Chocolate",Veg
14822,"Cookies And Cream Hot Chocolate",Veg
14823,"Tiramisu Hot Chocolate",Veg
14824,"Masala Softdrink",Veg
14829,"Strawberry Bubblegum Shake",Veg
14830,"Ice Cream Soda",Veg
14831,"Aam Panna Mocktail",Veg
14832,"Jaljeera Mocktail",Veg
14833,"Mango Aqua Fresca Mocktail",Veg
14834,"Summer Fruit Punch Mocktail",Veg
14836,"Blue Ocean Mocktail",Veg
14837,"Mint Virgin Mojito",Veg
14838,"Cranberry Virgin Mojito",Veg
14839,"Strawberry Virgin Mojito",Veg
14840,"Strawberry Ice Cream Soda Mocktail",Veg
14841,"Green Apple Virgin Mojito",Veg
14842,"Pina Colada Mocktail",Veg
14843,"Lemon Mint Cooler",Veg
14844,"Passion Glow Mocktail",Veg
14845,"Kiwi And Strawberry",Veg
14846,"Veg Minestrone Soup",Veg
14848,"Veg Cream Of Tomato Soup",Veg
14850,"French Onion & Cheese Soup",Veg
14852,"Veg Russian Salad",Veg
14854,"Veg Caesar Salad",Veg
14857,"Veg Mexican Corn And Bean Salad",Veg
14858,"Chicken Mexican Corn And Bean Salad",Non-veg
14859,"Veg Fattoush Salad",Veg
14860,"Chicken Fattoush Salad",Non-veg
14861,"Grilled Prawn Salad",Non-veg
14862,"Crispy Fried Babycorn In Bbq Sauce",Veg
14863,"Herbs Garlic Cheese Toast",Veg
14864,"Vegetable Bruschetta",Veg
14866,"Cheesy Paprika Fries",Veg
14867,"Grilled Mushroom And Olive Bruschetta",Veg
14868,"Saute Vegetables In Olive Oil And Herbs",Veg
14870,"Sauteed Mushrooms With Herbs And Bell Peppers",Veg
14871,"Spaghetti Corn Cheese Balls",Veg
14872,"Jalapeno Cheese Fritters",Veg
14874,"Bbq Chicken Wings",Non-veg
14875,"Crispy Fried Chicken Wings",Non-veg
14876,"Chicken Croquets",Non-veg
14877,"Mac And Cheese",Veg
14878,"Chicken In Oyster Sauce",Non-veg
14879,"Saute Chicken With Herbs & Bell Pepper",Non-veg
14880,"Herbed Fish Finger",Non-veg
14881,"Prawn Tempura",Non-veg
14882,"Extra Toppings",Non-veg
14883,"Chicken Fritters",Non-veg
14884,"Aloo Tikki Sandwich",Veg
14885,"Veg Coleslaw Sandwich",Veg
14886,"Cheese & Vegetable Sandwich",Veg
14887,"Bombay Masala Sandwich",Veg
14888,"Crunchy Vegetable Sandwich",Veg
14896,"Veg Club Sandwich",Veg
14897,"Chilli Paneer Wrap",Veg
14898,"Chilli Chicken Wrap",Non-veg
14901,"Roasted Sandwich",Non-veg
14902,"Chicken Ham, Egg & Cheese Sandwich",Non-veg
14904,"Chicken Shawarma Wrap",Non-veg
14905,"Grilled Cottage Cheese Panini",Veg
14907,"Grilled Pesto Chicken And Cheese Panini",Non-veg
14908,"Rosemary Chicken And Mushroom Panini",Non-veg
14909,"Chicken Falafal Burger",Non-veg
14913,"Chicken Ham, Egg And Cheese Burger",Non-veg
14914,"Chicken Tikka Burger",Non-veg
14916,"Veg Falafal Burger",Veg
14917,"Mac N Cheese Burger",Veg
14919,"Chicken mac n cheese burger",Non-veg
14920,"8' Classic Margherita Pizza",Veg
14921,"8' Fantasia Pizza",Veg
14922,"8' Verdura Pizza",Veg
14923,"8' Four Cheese Pizza",Veg
14924,"8' Veg Fully Loaded Pizza",Veg
14925,"8' Chicken Fully Loaded Pizza",Non-veg
14926,"8' Veg Tandoori Pizza",Veg
14927,"8' Chicken Tandoori Pizza",Non-veg
14930,"8' Veg Chilli Paneer Pizza",Veg
14931,"8' Chilli Chicken Pizza",Non-veg
14932,"8' Veg Bbq Paneer Pizza",Veg
14933,"8' Bbq Chicken Pizza",Non-veg
14934,"8' Chicken Salami Pizza",Non-veg
14935,"8' Fish Pizza",Non-veg
14936,"8' Prawn Pizza",Non-veg
14937,"Jalapeneo, Capers, Olives, Corn , Mushroom",Veg
14939,"Veg Make Your Own Pasta",Veg
14940,"Veg Arrabbiata Pasta",Veg
14941,"Chicken Arrabbiata Pasta",Non-veg
14942,"Prawn Arrabbiata Pasta",Non-veg
14943,"Veg Spaghetti Aglio Olio Pasta",Veg
14944,"Spaghetti Bolognese Pasta",Non-veg
14945,"Spaghetti With Chicken Meatballs",Non-veg
14946,"Butter Chicken Da Pasta",Non-veg
14947,"Veg Lasagne Pasta",Veg
14948,"Chicken Lasagne Pasta",Non-veg
14949,"Veg Risotto",Veg
14950,"Chicken Risotto Pasta",Non-veg
14952,"Baked Meatballs Pasta",Non-veg
14953,"Pesto Rice With Cottage Cheese",Veg
14954,"Grilled Cottage Cheese Steak",Veg
14955,"Grilled Fish With Mustard Mayo Sauce",Non-veg
14956,"Chicken Schnitzel",Non-veg
14957,"Veg Au Gratin",Veg
14958,"Veg Quesadilla",Veg
14959,"Non Veg Quesadilla",Non-veg
14961,"Chicken Mexican Tomato Rice",Non-veg
14962,"Veg Fircasa",Veg
14964,"Baked Rice Casserole",Veg
14965,"Exotic Spanish Vegetables With Rice",Veg
14967,"Chicken Stroganoff",Non-veg
14969,"Fish And Chips",Non-veg
14970,"Grilled Prawns With Spicy Paprika Sauce",Non-veg
14972,"Tutty Frutty Large",Veg
14974,"Tutti Frutti Small",Veg
14975,"Fudge Sundae",Veg
14976,"Marble Cake 1 Kgs",Veg
14977,"Marble Cake 1/2 Kgs",Veg
14978,"Chocolate Pastry (Eggless)",Veg
14979,"Pineapple Pastry (Eggless)",Veg
14980,"Butterscotch Pastry (Eggless)",Veg
14982,"Choco Chip Pastry (Eggless)",Veg
14984,"Chocolate Cupcake Pastry (Eggless)",Veg
14985,"Cheesecake Pastry (Eggless)",Veg
14986,"Muffins Pastry (Eggless)",Veg
14987,"Mocha Pastry (Eggless)",Veg
14990,"Pineapple Upside Down Pastry (Egg)",Non-veg
14991,"Apple Cinnamon Cake Pastry (Egg)",Non-veg
14992,"Vanilla Cake 1 Kgs Eggless",Veg
14993,"Vanilla Cake Eggless 1/2 Kgs",Veg
14994,"Choco Chip Cake 1 Kgs Eggless",Veg
14995,"Choco Chip Cake 1/2 Kgs Eggless",Veg
14996,"Whiteforest Cake 1 Kgs",Veg
14997,"Whiteforest Eggless 1/2 Kgs",Veg
14998,"Butterscotch 1 Kgs",Veg
14999,"Butterscotch Cake 1/2 Kgs",Veg
15000,"Pineapple Cake 1 Kgs",Veg
15001,"Pineapple Cake 1/2 Kgs",Veg
15002,"Veg Hakka Noodle With Chilli Paneer",Veg
15003,"Veg Hakka Noodle With Veg Manchurian",Veg
15004,"Veg Hakka Noodle With Chilli Mushroom",Veg
15005,"Schezwan Noodle With Chilli Paneer",Veg
15006,"Schezwan Noodle With Veg Manchurian",Veg
15007,"Schezwan Noodle With Chilli Mushroom",Veg
15011,"Veg Fried Rice With Chilli Paneer",Veg
15012,"Veg Fried Rice With Veg Manchurian",Veg
15013,"Veg Fried Rice With Chilli Mushroom",Veg
15014,"Schezwan Rice With Chilli Paneer",Veg
15015,"Schezwan Rice With Veg Manchurian",Veg
15016,"Schezwan Rice With Chilli Mushroom",Veg
15017,"Veg Burger With French Fries",Veg
15018,"Cheese Burger With French Fries",Veg
15019,"Paneer Burger With French Fries",Veg
15024,"Chilli Paneer Dry Gravy",Veg
15025,"Veg Manchurian Dry Gravy",Veg
15026,"Chilli Mushroom Dry Gravy",Veg
15029,"Hot Mushroom Soup",Veg
15039,"Small Rasbhari",Veg
15042,"Cham Cham",Veg
15044,"Chhena Toast",Veg
15048,"Plain Laddu",Veg
15051,"Chana Samosa Chaat",Veg
15052,"Dahi Aloo Tikka  Chaat",Veg
15053,"Dahi Samosa Chaat",Veg
15054,"Dahi Papri Chaat",Veg
15056,"Idli (3 Pic )",Veg
15057,"Fried Idli",Veg
15063,"Butter Cheese Sada Dosa",Veg
15066,"Butter Cheese Masala Dosa",Veg
15073,"Chill Paneer Roll",Veg
15077,"Pao Bhaji",Veg
15092,"Veg Briyani",Veg
15097,"Chilli Mushroom  ( Dry)",Veg
15098,"Corn Balls",Veg
15100,"Veg Momo Steamed (6  Pcs)",Veg
15101,"Paneer Chilli  (Gravy)",Veg
15102,"Vegetable Hakka Noodles",Veg
15103,"Vegetable Pan Fried Hakka Noodles",Veg
15104,"Vegetable Schezwan Hakka Noodles",Veg
15105,"Vegetable Fried Rice",Veg
15111,"Dry Papri Chaat",Veg
15113,"Idli With Butter",Veg
15114,"Idli With Ghee",Veg
15115,"Kanchi Podi Idli",Veg
15116,"Floating Idli",Veg
15118,"Fried Idli With Curd",Veg
15119,"Idli Finger Chips",Veg
15120,"Idly Vada",Veg
15123,"Floating Vada",Veg
15129,"4 In 1 Uttapam",Veg
15131,"Chiili Paneer Cheese Uttapam",Veg
15132,"Mix Veg Uttapam",Veg
15133,"Paneer Schezwan Uttapam",Veg
15135,"Chilli Paneer Uttapam",Veg
15136,"Butter Cheese Onion Sada Dosa",Veg
15142,"Ghee Sada Dosa",Veg
15146,"Butter Cheese Onion Masala Dosa",Veg
15151,"Ghee Masala Dosa",Veg
15152,"Ghee Onion Masala Dosa",Veg
15155,"Butter Cheese Onion Rava Masala Dosa",Veg
15156,"Butter Cheese Onion Rava Sada Dosa",Veg
15157,"Butter Cheese Rava Masala Dosa",Veg
15158,"Butter Cheese Rava Sada Dosa",Veg
15162,"Cheese Onion Rava Masala Dosa",Veg
15163,"Cheese Onion Rava Sada Dosa",Veg
15166,"Ghee Onion Rava Masala Dosa",Veg
15167,"Ghee Onion Rava Sada Dosa",Veg
15168,"Ghee Rava Masala Dosa",Veg
15169,"Ghee Rava Sada Dosa",Veg
15171,"Onion Rava Sada Dosa",Veg
15174,"Children Soft Dosa",Veg
15175,"Diet Dosa",Veg
15176,"Green Butter Dosa",Veg
15178,"Pav Bhaji Dosa",Veg
15179,"Gun Powder Dosa",Veg
15180,"Garlic Dosa",Veg
15181,"Tropical Maxicana Pizza 8'",Veg
15182,"Hawaiian Goes Veg Pizza 8'",Veg
15183,"Timeout Exotica Pizza 8'",Veg
15184,"Queens Margherita Pizza 8'",Veg
15186,"Chilli Samosa Roll",Veg
15188,"Chilli Mushroom Roll",Veg
15194,"Aloo Gobi Matttar",Veg
15195,"Aloo Mattar Masala",Veg
15198,"Malai Kofta  (Sweet Dish)",Veg
15206,"Stuff Capsicum",Veg
15212,"Methi Mattar Malai",Veg
15219,"Pindi Chana",Veg
15223,"Lasuni Dal",Veg
15242,"Hyderabadi Biryani",Veg
15243,"Jeera Peas Pulao",Veg
15246,"Luckhnow Aloo Dum Biryani",Veg
15251,"Samber Rice",Veg
15253,"Bisi Bele Bath",Veg
15256,Butter,Veg
15257,Ghee,Veg
15258,Cheese,Veg
15260,Bhatura,Veg
15261,Bhaji,Veg
15265,"Indian Thali",Veg
15266,"Maharaja Thali",Veg
15272,"Talu Mein Soup",Veg
15273,"Vegetable Clear Soup",Veg
15275,"Babycorn Salt And Pepper",Veg
15281,"Gobi Manchurian  ( Dry)",Veg
15282,"Mushroom Salt & Paper",Veg
15283,"Vegetable Spring Roll (6 Pcs)",Veg
15285,"Veg Coin Manchurian Dry",Veg
15288,"Veg Momo Fry (6  Pcs)",Veg
15289,"Veg Momo Pan Fry (6  Pcs)",Veg
15291,"Fried Potato With American Corn",Veg
15292,"Gobi Manchrian  ( Gravy)",Veg
15295,"Veg Coin Manchurian Sauce",Veg
15296,"Vegetable Stir Fry",Veg
15297,"Sweet & Sour Veg",Veg
15299,"Indonesian Green Noodles",Veg
15301,"Vegetable Chilli Garlic Hakka Noodles",Veg
15302,"Vegetable Chopsuey",Veg
15306,"Vegetable Singapore Hakka Noodles",Veg
15307,"Burnt Ginger Fried Rice",Veg
15308,"Butter Garlic Rice",Veg
15310,"Corn & Coriander Rice",Veg
15312,"Ginger Cupsicum Rice",Veg
15313,"Ginger Wine Fried Rice",Veg
15314,"Schezwan Rice",Veg
15315,"Spring Fried Rice",Veg
15316,"Tripple Schezwan Rice",Veg
15320,"Chicken Butter Masala and Masala Kulcha",Non-veg
15321,"Chilli Chicken Fried Rice Combo",Non-veg
15324,"Egg Bhurjee",Non-veg
15333,"Ajwaini Fish Tikka Bhetki",Non-veg
15342,"Plain Masala Kulcha",Veg
15343,"Lacchedar Naan",Veg
15348,"Jeera Steamed Rice",Veg
15355,"Steamed Chicken Momos",Non-veg
15358,"Chicken Dim Sum",Non-veg
15362,"Tandoori Veg Momos",Veg
15363,"Veg Steamed Momos",Veg
15365,"Chicken Thai Curry Red",Non-veg
15368,"Chicken Thai Curry Green",Non-veg
15371,"Smoked Chicken Wings",Non-veg
15373,"Creamy Veg Risotto",Veg
15375,"Stuffed Grilled Chicken",Non-veg
15376,"Lasagne Chicken",Non-veg
15377,"Veg Alfredo Pasta",Veg
15379,"Red Bull Enery Drink",Veg
15381,"Indian Chicken Thali",Non-veg
15382,"Indian Veg Thali",Veg
15383,"Mushroom Chettinad And Malabari Paratha Combo",Veg
15384,"Pindi Chana Combo",Veg
15385,"Yellow Dal, Paneer Khurchan, Lachcha Paratha",Veg
15386,"Chicken Dak Bunglow With Lachcha Paratha",Non-veg
15388,"Chettinad Pepper Chicken With Malabari Paratha",Non-veg
15389,"Egg Curry, Jeera Rice, Lachcha Paratha",Non-veg
15390,"Manchurian Naan Combo",Veg
15391,"Manchurian Fried Rice Combo",Veg
15393,"Chilli Chicken Naan Combo",Non-veg
15396,"Chocolate Walnut Brownie",Veg
15400,"Chettinad Pepper Chicken",Non-veg
15401,"Chicken Dak Bunglow",Non-veg
15402,"Chicken Makhani",Non-veg
15403,"Paneer Subz Kofta",Veg
15404,"Mix Veg Jhalfrezi",Veg
15406,"Amritsari Chhole Masala",Veg
15409,"Kaju Matar Makhana",Veg
15412,"Amritsari Prawn Masala",Non-veg
15413,"Fish Tikka Lababdar (bhetki)",Non-veg
15417,"Hariyali Murgh",Non-veg
15421,"Mushroom Matar Masala",Veg
15422,"Mushroom Chettinad",Veg
15423,"Babri Aloo Kadhai Masala",Veg
15426,"Rajasthani Laal Maans",Veg
15429,"Tikka Platter Nonveg",Non-veg
15430,"Smoked Chicken Tikka",Non-veg
15433,"Peri Peri Chicken Tikka",Non-veg
15434,"Achari Chicken Tikka",Non-veg
15435,"Classic Chicken Tikka",Non-veg
15436,"Tandoori Malai Broccoli",Veg
15438,"Peri Peri Paneer Tikka",Veg
15440,"Classic Paneer Tikka",Veg
15441,"Mitti Ka Khazana",Veg
15442,"Babri Aloo",Veg
15443,"Kurkure Paneer",Veg
15445,"Paneer Makhmali Tikka",Veg
15447,"Tamatar Dhaniya Shorba",Veg
15448,"Murgh Dhaniya Shorba",Non-veg
15454,"Chilli Cheese Naan",Veg
15457,"Butter Masala Kulcha",Veg
15459,"Chicken Keema Kulcha",Non-veg
15460,"Mutton Keema Kulcha",Non-veg
15471,"Veg Tom Kha Soup",Veg
15472,"Chicken Tom Kha Soup",Non-veg
15473,"Veg Himalayan Thukpa",Veg
15474,"Chicken Himalayan Thukpa",Non-veg
15483,"Steamed Chicken Salad",Non-veg
15484,"Asparagus Chinese Salad",Veg
15485,"Tangra Style Chilli Chicken",Non-veg
15486,"Wok Tossed Paneer In Black-bean Sauce",Veg
15487,"Wok Tossed Paneer In Sichuan Sauce",Veg
15488,"Wok Tossed Paneer In Hot Garlic Sauce",Veg
15490,"Classic Manchurian Gravy",Veg
15491,"Classic Manchurian Dry",Veg
15492,"Exotic Chinese Greens",Veg
15493,"Stir Fried Cottage Cheese",Veg
15494,"Broccoli Mushroom & Potato",Veg
15495,"Wok Tossed Chicken",Non-veg
15496,"Bhetki Cantonese Style Fish",Non-veg
15497,"Bhetki Fish In Schezwan Sauce",Non-veg
15500,"Schezwan Chicken Dry",Non-veg
15501,"Green Chilli Chicken",Non-veg
15505,"Pan Fried Chilli Fish Dry",Non-veg
15506,"Chicken Takrai",Non-veg
15507,"Dry Chilli Prawn",Non-veg
15510,"Steamed Egg Chilli",Non-veg
15518,"Veg Pan Fried Momos",Veg
15521,"Dimsum Veg",Veg
15523,"Chicken Teriyaki Bao",Non-veg
15524,"Barbecue Cottage Cheese Bao",Veg
15525,"Cantonese Noodle Chicken",Non-veg
15526,"Cantonese Noodle Veg",Veg
15527,"Ginger Capsicum Rice (Chef Special)",Veg
15533,"Mushroom Schezwan Rice",Veg
15535,"Prawn Schezwan Rice",Non-veg
15536,"Mixed Schezwan Rice",Non-veg
15538,"Mushroom Burnt Garlic Rice",Veg
15540,"Prawn Burnt Garlic Rice",Non-veg
15541,"Mixed Burnt Garlic Rice",Non-veg
15542,"Veg Thai Curry Red",Veg
15544,"Prawn Thai Curry Red",Non-veg
15549,"Veg Tangra Noodles",Veg
15550,"Chicken Tangra Noodles",Non-veg
15551,"Prawn Tangra Noodles",Non-veg
15552,"Mixed Tangra Noodles",Non-veg
15553,"Veg Burnt Garlic Noodles",Veg
15554,"Mushroom Burnt Garlic Noodles",Veg
15555,"Chicken Burnt Garlic Noodles",Non-veg
15556,"Prawns Burnt Garlic Noodles",Non-veg
15557,"Mixed Burnt Garlic",Non-veg
15559,"Chicken  Pan Fried Noodles",Non-veg
15561,"Mixed Pan Fried Noodles",Non-veg
15562,"Veg Phad Thai",Veg
15563,"Chicken Phad Thai",Non-veg
15564,"Veg Burmese Khao Suey",Veg
15565,"Chicken Burmese Khao Suey",Non-veg
15566,"Veg Thai Curry Green",Veg
15567,"Veg Cantonese Noodles  (Chef Special)",Veg
15569,"Mushroom Cantonese Noodles  (Chef Special)",Veg
15570,"Prawn Thai Curry Green",Non-veg
15571,"Chicken Cantonese Noodles  (Chef Special)",Non-veg
15572,"Prawns Cantonese Noodles  (Chef Special)",Non-veg
15573,"Mixed Cantonese Noodles  (Chef Special)",Non-veg
15574,"Shaken Ice Tea",Veg
15575,"Pina Colada",Veg
15577,"Guava Mary",Veg
15578,Strobacana,Veg
15579,Fruitella,Veg
15584,"Cream Of Broccoli Soup",Veg
15587,"Fries With Trio Dip",Veg
15588,"Bruchetta Platter",Veg
15589,"Moroccan Cheese Cigars",Veg
15590,"Mushroom Aglio Olio",Veg
15591,"Papdi Chaat Nachos",Veg
15592,"Loaded Nachos",Veg
15596,"Chicken Crispers",Non-veg
15597,"Prawns Aglio Olio",Non-veg
15599,"Classic Ceaser Salad",Veg
15600,"Fresh Lettuce Salad",Veg
15601,"Egg Mimosa",Non-veg
15602,"Classic Tikka Salad",Non-veg
15603,"Grilled Minced Chicken Salad",Non-veg
15604,"Mexican Rice With Jacket Potato & Salsa",Veg
15606,"Cottage Cheese Steak",Veg
15607,"Mushroom Risotto",Veg
15608,Canneloni,Veg
15609,"Cottage Cheese Stroganoff",Veg
15610,"Grilled Fish In Lemon Butter Sauce",Non-veg
15611,"Baked Fish",Non-veg
15614,"Creamy Pesto Risotto",Non-veg
15615,"Chicken Risotto",Non-veg
15617,"Classic Chicken Steak",Non-veg
15618,"10' Lil'l Guava Pizza (Chef's Special)",Veg
15619,"10' Delhi Belly Pizza",Veg
15620,"10' Classic Margherita Pizza",Veg
15621,"10' Ei Chapo Pizza",Veg
15622,"10' Cheese Chilli Cilanttro Pizza",Veg
15623,"10' Rusttico Pizza",Veg
15624,"10' Butter Chicken Pizza",Non-veg
15625,"10' Senorita Mexicana Pizza",Non-veg
15626,"10' Upper East Side Pizza",Non-veg
15627,"10' Fire Me Up Pizza",Non-veg
15629,"Veg Del Borno Pasta",Veg
15630,"Chicken Del Borno Pasta",Non-veg
15631,"Veg Arrabiata Pasta",Veg
15632,"Chicken Arrabiata Pasta",Non-veg
15633,"Veg Fresh & Wild House (Chef Special)",Veg
15634,"Chicken  Fresh & Wild House (Chef Special)",Non-veg
15635,"Veg Spaghetti Aglio Olio",Veg
15636,"Chicken Spaghetti Aglio Olio",Non-veg
15637,"Chicken Wild Mushroom Pasta",Non-veg
15638,"Classic Chicken Lasagna",Non-veg
15639,"Classic Veg Lasagna",Veg
15640,"Bhuna Chicken Quesadilla",Non-veg
15641,"Bombay Masala Quesadilla",Veg
15643,"Masala Soft Drink",Veg
15645,"Egg Kolkata Biryani",Non-veg
15646,"Veg Kolkata Biryani",Veg
15647,"Chicken Kolkata Biryani with Egg",Non-veg
15648,"Aloo Biryani",Veg
15649,"Egg Hyderabadi Biryani",Non-veg
15650,"Paneer Hyderabadi Biryani",Veg
15653,"Egg biryani",Non-veg
15654,"Veg biryani",Veg
15655,"Chicken biryani",Non-veg
15656,"Fulka Roti",Veg
15657,"Desi Roti Thali Meal",Veg
15658,"Desi Rice Tadka Thali Meal",Veg
15659,"Bangali Fish Thali Meal",Non-veg
15660,"Desi Chicken Thali Meal",Non-veg
15661,"Desi Egg Thali Meal",Non-veg
15662,"Desi Fish Masala Fry",Non-veg
15663,"Desi Fish Curry",Non-veg
15664,"Desi Chicken Masala Fry",Non-veg
15665,"Desi Chicken Curry",Non-veg
15666,"Omlette Tandoori",Non-veg
15667,"Local Egg Tadka",Non-veg
15668,"Butter Fulka Roti",Veg
15670,"Puri Thali",Veg
15671,"Morning Roti Thali",Veg
15673,Shivaiya,Veg
15678,"Veg Schzewan Fried Rice",Veg
15691,"Mini Non Veg Thali",Non-veg
15692,"Mini Veg Thali",Veg
15693,"Chinese Non-veg Combo",Non-veg
15694,"Chinese Veg Combo",Veg
15695,"Mini Egg Thali",Non-veg
15696,"Mini Fish Thali",Non-veg
15698,"Meat Clear Soup",Non-veg
15701,"Meat Lemon Coriander Soup",Non-veg
15702,"Veg Lemon Garlic Soup",Veg
15703,"Meat Lemon Garlic Soup",Non-veg
15705,"Meat Sweet Corn Soup",Non-veg
15706,"Veg Babycorn Soup",Veg
15707,"Meat Babycorn Soup",Non-veg
15708,"Veg Mushroom Soup",Veg
15709,"Meat Mushroom Soup",Non-veg
15711,"Meat Manchow Soup",Non-veg
15713,"Meat Hot N Sour Soup",Non-veg
15714,"Veg Lung Fung Soup",Veg
15715,"Meat Lung Fung Soup",Non-veg
15716,"Vegetable Pakoda",Veg
15721,"Cheese Pakoda",Veg
15722,"Fish Fry 4Pcs",Non-veg
15723,"Chicken Fry 4Pcs",Non-veg
15725,"American Corn Salt N Pepper",Veg
15726,"Chicken Salt N Pepper",Non-veg
15728,"Meat Spring Roll",Non-veg
15730,"Meat White Sauce Pasta",Non-veg
15732,"Meat Red Sauce Pasta",Non-veg
15733,"Veg Mixed Sauce Pasta",Veg
15734,"Meat Mixed Sauce Pasta",Non-veg
15742,"Chinese Salad Veg",Veg
15750,"Chicken Lollipop 6Pcs",Non-veg
15752,"Prawn Salt N Pepper",Non-veg
15753,"Fish Pan Fry Chilli",Non-veg
15755,"Chicken Pan Fry Chilli",Non-veg
15756,"Golden Pranw 6Pcs",Non-veg
15762,"Paneer Lehsuni Tikka",Veg
15763,"Paneer Amritsari Tikka",Veg
15764,"Paneer Afgani Tikka",Veg
15767,"Chicken Achari Tikka",Non-veg
15768,"Chicken Lehsuni Tikka",Non-veg
15769,"Chicken Amritsari Tikka",Non-veg
15770,"Chicken Afgani Tikka",Non-veg
15771,"Chicken Hyderabadi Tikka",Non-veg
15775,"Chicken Reshmi Kabab",Non-veg
15777,"Fish Tikka 6Pcs",Non-veg
15778,"Fish Malai Tikka 6Pcs",Non-veg
15779,"Fish Achari Tikka",Non-veg
15780,"Fish Lehsuni Tikka",Non-veg
15781,"Veg Mushroom Chilli",Veg
15782,"Veg Mushroom Manchurian",Veg
15783,"Veg Mushroom Schzewan",Veg
15784,"Veg Mushroom Hot Garlic",Veg
15790,"Paneer Schzewan",Veg
15794,"Chicken Schzewan",Non-veg
15795,"Chicken Hot Garlic",Non-veg
15796,"Shredder Chilli Chicken",Non-veg
15797,"Chicken Coriander",Non-veg
15798,"Chicken Lime N Chilli",Non-veg
15801,"Fish Schzewan",Non-veg
15804,"Veg Manchurian In Schzewan Sauce",Veg
15805,"Veg Manchurian In Hot Garlic Sauce",Veg
15806,"Vegetable Noodles Dry",Veg
15807,"Vegetable Noodles Gravy",Veg
15808,"Vegetable Schzewan Noodles Dry",Veg
15809,"Vegetable Mixed Noodles Dry",Veg
15810,"Vegetable Mixed Noodles Gravy",Veg
15811,"Vegetable Chilli Garlic Noodles Dry",Veg
15812,"Vegetable Shanghai Noodles Dry",Veg
15813,"Chicken Noodles Dry",Non-veg
15814,"Chicken Noodles Gravy",Non-veg
15815,"Chicken Schzewan Noodles Dry",Non-veg
15816,"Chicken Schzewan Noodles Gravy",Non-veg
15817,"Chicken Shanghai Noodles Dry",Non-veg
15818,"Chicken Shanghai Noodles Gravy",Non-veg
15819,"Chicken Mix Noodles Dry",Non-veg
15820,"Chicken Mix Noodles Gravy",Non-veg
15821,"Chicken Garlic Noodles Dry",Non-veg
15822,"Prawn Noodles Dry",Non-veg
15823,"Egg Noodles Dry",Non-veg
15824,"Egg Noodles Gravy",Non-veg
15829,"Veg Garlic Fried Rice",Veg
15831,"Chicken Garlic Fried Rice",Non-veg
15832,"Chicken Schzewan Fried Rice",Non-veg
15838,"Veg Hyderabadio",Veg
15847,"Babycorn Masala",Veg
15848,"Babycorn Do Pyaza",Veg
15861,"Paneer Bhujia",Veg
15869,"Gobi Matar",Veg
15872,"Dal Fry Butter",Veg
15873,"Black Dal Tadka",Veg
15876,"Dal Panchmela",Veg
15882,"Omelet Curry",Non-veg
15894,"Chicken Kholapuri",Non-veg
15897,"Murg Musallam",Non-veg
15900,"Chicken Achari Masala",Non-veg
15901,"Chicken Kaju Curry",Non-veg
15904,"Boneless Mustard Fish Curry",Non-veg
15907,"Fish Punjabi",Non-veg
15908,"Fish Malai Curry",Non-veg
15909,"Fish Butter Masala",Non-veg
15932,"Masala Naan",Veg
15938,"Chicken Keema Naan",Non-veg
15939,"Tandoori Basket",Veg
15941,"Cucumebr Salad",Veg
15949,"Plain Butter Milk",Veg
15950,"Masala Butter Milk",Veg
15951,"Mint Butter Milk",Veg
15954,"Virgin Mint Mojito",Veg
15955,"Watermelon Virgin Mojito",Veg
15957,"Orange Mojito",Veg
15961,"Plum Ice Tea",Veg
15962,"Watermelon Kiwi Affair",Veg
15963,"Sunset With Guava",Veg
15964,"Sex On The Beach",Veg
15967,Pinacolada,Veg
15968,"Fruity Delight",Veg
15969,"Strawberry Thing Shake",Veg
15970,"Mango Tango Shake",Veg
15971,"Buttterscotch Shake",Veg
15974,"Regular Tea",Veg
15976,"Masala Tea",Veg
15977,"Hot Chocolate",Veg
15978,"Regular Coffee",Veg
15979,"BBQ Chicken",Non-veg
15980,"Chicken Taipei",Non-veg
15982,"Chicken Momos( Fried/steam)",Non-veg
15985,"Veg Momos( steam/ fried)",Veg
15989,"Veg Clear Soups",Veg
15992,"Hunan Fish",Non-veg
15993,"Chilli Pork",Non-veg
15994,"Manchurian Chicken",Non-veg
15995,"Devils Sauce Chicken",Non-veg
15996,"Hot Garlic Chicken",Non-veg
16001,"Crispy Fried Chilli Chicken",Non-veg
16003,"Crispy Honey Chicken",Non-veg
16005,"Chicken Lat Me Kai",Non-veg
16008,"Gold Coin Chicken",Non-veg
16009,"Chicken Balls",Non-veg
16010,"Dargon Chicken",Non-veg
16011,"Chicken with Green & Red Pepper",Non-veg
16012,"Gold Coin Prawns",Non-veg
16013,"Gold Fried Prawns",Non-veg
16014,"Salt & Pepeer Prawns Fan",Non-veg
16015,"Spicy Pepeer Prawn Garlic (Dry)",Non-veg
16016,"Cruchy Prawn (Sapray Sauce)",Non-veg
16017,"Prawn Balls (Sapray Sauce)",Non-veg
16018,"Panfried Chilli Prawn",Non-veg
16019,"Spicy Prawn Taipei",Non-veg
16020,"Prawn BBQ",Non-veg
16021,"Pan Fired Chilli Fish",Non-veg
16022,"Konjee Lamb",Non-veg
16023,"Shredded Lamb Pepper Salt",Non-veg
16024,"Lamb Ginger Chilli",Non-veg
16025,"Mangolian Lamb",Non-veg
16027,"Veg Chinese Salad",Veg
16029,"Baby corn Mushroom Pepeer Salt",Veg
16033,"Crispy Fried Veg in Taipei Sauce",Veg
16034,"Crispy Potato Pepper Salt",Veg
16037,"Chicken Lemon Garlic Soup",Non-veg
16039,"Chicken Talu Mein Soup",Non-veg
16040,"Chicken Hot & Soup",Non-veg
16043,"Mushoom Sweet corn Soup",Veg
16044,"Veg Talu Mein Soup",Veg
16046,"Broccoli Sweet corn Soup",Veg
16048,"Veg Coriander Soup",Veg
16051,"Veg Hong Kong Special Soup",Veg
16054,"Hot Ginger Seasonal Vegetables",Veg
16055,"Diced Potato with American Corn",Veg
16056,"Devils Choice",Veg
16057,"Vegetables Manchurian",Veg
16058,"Potato in Hot Garlic Sauce",Veg
16060,"Tsing Hoi Paneer",Veg
16061,"Exotic Vegetables Stir Fry",Veg
16062,"Hong Kong Style Veg",Veg
16063,"Veg in Honey Lemon Sauce",Veg
16064,"Stir Fried",Veg
16065,Ginger,Veg
16066,Chilli,Veg
16067,"Sweet & Sour",Veg
16069,Schezwan,Veg
16070,Cantonese,Veg
16071,Hunan,Veg
16072,"Chilli Mustard Prawn",Non-veg
16073,"Chilli Mustard Fish",Non-veg
16074,"Singapore Prawn",Non-veg
16075,"Singapore Fish",Non-veg
16076,"Garlic Prawn",Non-veg
16078,"Manchurian Prawn",Non-veg
16079,"Manchurian Fish",Non-veg
16080,"Schezwan Prawn",Non-veg
16082,"Cashew with Dry Chillies Prawns",Non-veg
16083,"Cashew with Dry Chillies Fish",Non-veg
16084,"Hunan Prawn",Non-veg
16088,"Chilli Wine Sauce Sauce Prawns",Non-veg
16089,"Chilli Wine Sauce Sauce Fish",Non-veg
16090,"Sweet & Sour with Pia Prawns",Non-veg
16091,"Sweet & Sour with Pia Fish",Non-veg
16092,"Oyster & Wine Sauce Prawns",Non-veg
16093,"Oyster & Wine Sauce Fish",Non-veg
16094,"Double Fried Pork",Non-veg
16095,"Sweet & Sour Pork",Non-veg
16096,"Pork Ginger Spring Onion",Non-veg
16098,"Schezwan Pork",Non-veg
16099,"Pepper Pork",Non-veg
16100,"Hunan Pork",Non-veg
16101,"Devils Pork",Non-veg
16102,"Shredded Chilli Garlic",Non-veg
16103,"Shredded Hongkong Style",Non-veg
16104,"Shredded Lamb Hunan Style",Non-veg
16105,"Shredded Lamb Chilli Oyster",Non-veg
16106,"Tangra Chilli Chicken",Non-veg
16111,"Sweets & Sour Honey Chicken",Non-veg
16112,"Bang Bang Chicken",Non-veg
16113,"Konjee Chicken",Non-veg
16115,"Shredded Chicken Mush Chilli Garlic Chicken",Non-veg
16116,"Tsing Hoi Chicken",Non-veg
16117,"Chilli Oyster Sauce",Non-veg
16118,"Tai Chicken",Non-veg
16120,"Shredded Pepper Chicken",Non-veg
16121,"Cashew with Dry Chillies Chicken",Non-veg
16124,"Chicken Mandarin",Non-veg
16125,"Cantonese Fried Chicken with Gravy Veg",Non-veg
16126,"Sliced Chicken Pineapple Schezwan Sauce",Non-veg
16127,"Diced Chicken in Black Pep Sauce",Non-veg
16128,"Sliced Chicken in Coriander Suace",Non-veg
16129,"Mangolian Chicken",Non-veg
16132,"Mixed American Chop suey( with pork /without pork)",Non-veg
16133,"Veg Chinese Chop suey",Veg
16134,"Chicken Chinese Chop suey",Non-veg
16135,"Mixed Chinese Chop suey( with pork/without pork)",Non-veg
16139,"Mixed Hakka Noodles( with pork/without pork)",Non-veg
16140,"Veg Pan Fried Chow mein",Veg
16141,"Chicken Fried Chow mein",Non-veg
16142,"Prawn Fried Chow mein",Non-veg
16143,"Mixed Pan Fried Chow mein(with pork/without pork)",Non-veg
16144,"Veg Tangra Chow mein",Veg
16145,"Chicken Tangra Chow mein",Non-veg
16146,"Prawn Tangra Chow mein",Non-veg
16147,"Mixed Tangra Chow mein( with pork/ without pork)",Non-veg
16148,"Veg Mandarin Chow mein",Veg
16149,"Chicken Mandarin Chow mein",Non-veg
16150,"Prawn Mandarin Chow mein",Non-veg
16151,"Mixed Mandarin Chow mein(with pork/without pork)",Non-veg
16152,"Plain Chilli Garlic Noodles",Veg
16155,"Prawn Chilli Garlic Noodles",Non-veg
16158,"Prawn Spring Fried Rice",Non-veg
16159,"Mixed Spring Fried Rice( with pork/without pork)",Non-veg
16160,"Veg Triple Schezwan Fried Rice",Veg
16161,"Chicken Triple Schezwan Fried Rice",Non-veg
16162,"Prawn Triple Schezwan Fried Rice",Non-veg
16163,"Mixed Triple Schezwan Fried Rice( with pork/without pork)",Non-veg
16164,"Veg Burnt Giner Fried Rice",Veg
16165,"Chicken Burnt Giner Fried Rice",Non-veg
16166,"Prawn Burnt Giner Fried Rice",Non-veg
16167,"Mixed Burnt Giner Fried Rice( with pork/without pork)",Non-veg
16168,"Veg Hong Kong Special Fried Rice",Veg
16169,"Chicken Hong Kong Special Fried Rice",Non-veg
16170,"Prawn Hong Kong Special Fried Rice",Non-veg
16171,"Mixed Hong Kong Special Fried Rice( with pork/without pork)",Non-veg
16174,"Prawn Chilli Garlic Fried Rice",Non-veg
16175,"Mixed Chilli Garlic Fried Rice(with pork/without pork)",Non-veg
16176,"Veg Hawaian Fried Rice",Veg
16177,"Chicken Hawaian Fried Rice",Non-veg
16178,"Prawn Hawaian Fried Rice",Non-veg
16179,"Mixed Hawaian Fried Rice( with pork/without pork)",Non-veg
16182,"Prawn Singapore Fried Rice",Non-veg
16183,"Mixed Singapore Fried Rice(with pork/without pork)",Non-veg
16184,"Phad Phak Ruam Chup Phen Thod",Veg
16185,"Pia Lard Prik",Veg
16186,"Veg Tom Yam",Veg
16187,"Chicken Tom Yam",Non-veg
16188,"Prawn Tom Yam",Non-veg
16189,"Veg Tam Kha",Veg
16190,"Chicken Tam Kha",Non-veg
16191,"Prawn Tam Kha",Non-veg
16192,"Phad Phak Ruam Mit",Veg
16193,"Broccolli Kub Het Hom Phad Tao Chiao",Veg
16194,"Veg Kaeng Kiew Wan",Veg
16195,"Chicken Kaeng Kiew Wan",Non-veg
16196,"Prawn Kaeng Kiew Wan",Non-veg
16197,"Veg Kaeng Phed",Veg
16198,"Chicken Kaeng Phed",Non-veg
16199,"Fish Kaeng Phed",Non-veg
16200,"Lamb Kaeng Phed",Non-veg
16201,"Prawn Kaeng Phed",Non-veg
16202,"Chicken Kai Rue Moo Rue Koong Kratium Prik Thai",Non-veg
16203,"Prawn Kai Rue Moo Rue Koong Kratium Prik Thai",Non-veg
16204,"Kai Phed Met Mamauang",Non-veg
16205,Patani,Non-veg
16206,"Phed Phed Pet Yang",Veg
16207,"Prink Khing Koong Yang ( Sizzler)",Non-veg
16208,"Panaeng Koong Mangkorn",Non-veg
16209,"Veg Jhad Thai",Veg
16210,"Chicken Jhad Thai",Non-veg
16211,"Prawn Jhad Thai",Non-veg
16212,"Veg Baa Mee",Veg
16213,"Chicken Baa Mee",Non-veg
16214,"Prawn Baa Mee",Non-veg
16215,"Veg Khaophad",Veg
16216,"Chicken Khaophad",Non-veg
16217,"Prawn Khaophad",Non-veg
16220,"Prawn Phad Thai",Non-veg
16221,"Black Forest Cake",Veg
16222,"Casatta Cake",Veg
16223,"Choco Chip Cake",Veg
16224,"Chocolate Truffle Cake",Veg
16232,"Casatta Pastry",Veg
16233,"Chocolate Truffle Pastry",Veg
16234,"Honey Almond Pastry",Veg
16236,"Rasmalai Pastry",Veg
16237,"Rainbow Cake",Veg
16238,"Honey Almond Cake",Veg
16255,"Marble Pastry",Veg
16263,"Extra Pav",Veg
16269,"Chill Chana",Veg
16273,"Veg Jal Frezi",Veg
16280,"Lemon Juice",Veg
16281,"Any Way",Veg
16282,Water,Veg
16283,"Chola Bhature",Veg
16284,"Kachori Pic",Veg
16285,"Jalebi Pic",Veg
16291,"Special Tea",Veg
16292,Tea,Veg
16296,"Alu Bonda",Veg
16298,"Bhel Puri",Veg
16299,"Bata Puri",Veg
16302,"Paneer Pepper Fry",Veg
16305,"Malai Soya Chaap",Veg
16307,"Soya Chaap Tandoori",Veg
16311,"Chicken Pepper Fry",Non-veg
16313,"Chicken Chips",Non-veg
16316,"Healthy Grilled Chicken",Non-veg
16319,"Roasted Leg(tangdi Khaas)",Non-veg
16320,"Chicken Cheese Ball",Non-veg
16321,"Lahsooni Chicken Tikka",Non-veg
16322,"Afgani Murgh Ki Seekh",Non-veg
16330,Chhole,Veg
16331,"Makkhan Wali Kali Dal",Veg
16332,"Soya Tikka Masala",Veg
16333,"Paneer Desi Bidesi",Veg
16334,"Dal Miloni",Veg
16335,"Paneer Malai Kastoori",Veg
16338,"Butter Checken Boneless",Non-veg
16340,"Desi Mutton Curry",Non-veg
16343,"Methi Murgh",Non-veg
16344,"Chicken Kadhai Tikka Masala",Non-veg
16346,"Subzi Dal Roti",Veg
16347,"Butte Paneer & Roti",Veg
16348,"Masala Khichdi",Veg
16349,"Butter Paneer  & Lachha Paratha",Veg
16350,"Subz Dal Chawal",Veg
16351,"Chicken Curry Rice",Non-veg
16352,"Chicken Curry Roti",Non-veg
16353,"Mutton Curry Rice",Non-veg
16354,"Mutton Curry Roti",Non-veg
16355,"Egg Curry Rice",Non-veg
16356,"Egg Curry Roti",Non-veg
16371,"Egg Chicken Noodles",Non-veg
16378,"Schezwan Egg Chicken Fried Rice",Non-veg
16395,"Special Egg Tadka",Non-veg
16397,"Chicken Kadi",Non-veg
16399,"Pott Kalegi ( Half )",Non-veg
16400,"Pott Kalegi ( Full )",Non-veg
16402,"Tawa Roti (Per Pc)",Veg
16405,"Plain Tadka",Veg
16406,"Kabli Chana Masala",Veg
16409,"Chicken Egg Biryani",Non-veg
16410,"Chicken Leg Pcs (2 Pcs)",Non-veg
16415,"Bhawani Ghee Roti",Veg
16417,"Tadka & Roti",Veg
16419,"Plain Rice (Per Plate)",Veg
16420,"Basmati Jeera Rice",Veg
16423,"Mutton Biriyani",Non-veg
16426,"Veg Hayderabadi",Veg
16429,"Salted Peanut",Veg
16430,"Masala Peanut",Veg
16432,"Cheese Cubes",Veg
16433,"Cashewnut Fry",Veg
16435,"Papad Masala Dry",Veg
16436,"Papad Masala Fry",Veg
16437,"Cheese Cherry P A Stick",Veg
16438,"Onion Jhura Pakoda",Veg
16439,"Mix Veg Pakoda",Veg
16440,"Soute Veg",Veg
16443,"Veg Green Salad",Veg
16444,"Veg Stick Salad",Veg
16449,"Chicken Pakoda Boneless",Non-veg
16450,"Mutton Dry Fry [4 Pcs]",Non-veg
16451,"Prawn Pakoda[8 Pcs]",Non-veg
16452,"Cheese Omlet",Non-veg
16453,"Chicken Dry Fry Full",Non-veg
16455,"Athe Mutton",Non-veg
16456,"Murg Handi New",Non-veg
16457,"Liver Potchilly",Non-veg
16462,"Americal Corn Chilly",Veg
16463,"Americal Corn Salt And Papper",Veg
16464,"Baby Corn Mashroom",Veg
16465,"Chana[chilly,salt And Papper]",Veg
16467,"Chispy Baby Corn Chilly",Veg
16468,"Chispy Baby Corn Salt And Papper",Veg
16469,"Chispy Chilly Veg",Veg
16470,"Dragon Veg",Veg
16471,"Manchurian Dry Gobi",Veg
16472,"Manchurian Dry Veg",Veg
16473,"Mashroom Dry Chilly",Veg
16474,"Mashroom Dry Salt And Papper",Veg
16475,"Paneer Dry Manchurian",Veg
16476,"Paneer Dry Chilly,salt And Papper",Veg
16479,"Dragon Chicken",Non-veg
16480,"Dragon Fish",Non-veg
16482,"Chicken Chilly,salt And Papper,manchurian",Non-veg
16483,"Chicken Lollypop[6pcs]",Non-veg
16484,"Chicken Singapuri [8 Pcs]",Non-veg
16485,"Crispy Chilly Chicken",Non-veg
16487,"Drums Of Heaven  [8 Pcs]",Non-veg
16488,"Fish Chilly Dry",Non-veg
16489,"Fish Salt And Papper",Non-veg
16490,"Prawn Chilly Dry",Non-veg
16491,"Prawn Golden Fry",Non-veg
16493,"Prawn Salt And Pepper",Non-veg
16494,"American Corn Boil",Veg
16495,"Spring Rice (n/v)",Veg
16496,"Chicken Lung Fung Full",Non-veg
16499,"Paneer Tikka [ 8 Pcs]",Veg
16500,"Tandoori Mashroom[8 Pcs]",Veg
16501,"Veg Harabhara Kabab",Veg
16502,"Veg Tandoori Platter[16 Pcs]",Veg
16503,"Fish Tikka Amritsari",Non-veg
16504,"Fish Tikka Ajwoni",Non-veg
16505,"Murg Abu Chilly Kebab",Non-veg
16506,"Murg Lasooni Tikka",Non-veg
16507,"Murg Masatana Kebab",Non-veg
16508,"Murg Reshmi Kebab",Non-veg
16509,"Murg Tikka",Non-veg
16510,"Murg Tikka Afgani",Non-veg
16511,"Mutton Bharra Kebab[6 Pcs]",Non-veg
16512,"Mutton Boti Kebab [6 Pcs]",Non-veg
16513,"Non Veg Tandoori Platter[16 Pcs]",Non-veg
16515,"Chuza Afghani (f)",Veg
16516,"Murg Malai Tikka",Non-veg
16517,"Murg Arbi Kabab",Non-veg
16522,"Non Veg Hot And Sour",Non-veg
16523,"Non Veg Lemon Coriander Soup",Non-veg
16526,"Non Veg Talumain Soup",Non-veg
16527,"Veg Hot And Sour",Veg
16529,"Veg Talumain Soup",Veg
16532,"Paneer Shahi",Veg
16535,"Paneer Lapeta",Veg
16537,"Paneer Butter Lababdar",Veg
16544,"Vagetable Kofta",Veg
16545,"Veg Haryali Kofta",Veg
16549,"Dal Tadka Black",Veg
16550,"Dal Tadka Yellow",Veg
16551,"Dal Egg Tadka Black",Non-veg
16552,"Dal Egg Tadka Yellow",Non-veg
16553,"Chicken Lapeta Half",Non-veg
16554,"Lapeta Chicken",Non-veg
16555,"Chicken Pakiza Half",Non-veg
16556,"Chicken Pakiza",Non-veg
16557,"Murg Anarkali Boneless",Non-veg
16558,"Murg Anarkali Half",Non-veg
16559,"Murg Mussallom Bone",Non-veg
16560,"Murg Mussallom Bone Half",Non-veg
16569,"Keema Kulcha",Veg
16570,"Assorted Roti Ki Tokri",Veg
16579,"Egg Briyani",Non-veg
16582,"Veg Novratan Pulao",Veg
16591,"Non Veg American Chopsuey",Non-veg
16592,"Chicken Szechwan Noodles",Non-veg
16593,"Egg Szechwan Noodles",Non-veg
16594,"Mix Chilli Garlic Noodles",Veg
16595,"Mix Szechwan Noodles",Veg
16596,"Veg Szechwan Noodles",Veg
16597,"Veg Chowmein (gravy)",Veg
16602,"Chicken Sanghai Fried Rice",Non-veg
16603,"Chicken Szechwan Fried  Rice",Non-veg
16604,"Egg Sanghai Fried Rice",Non-veg
16605,"Egg Szechwan Fried Rice",Non-veg
16606,"Mix Sanghai Fried Rice",Veg
16607,"Mix Szechwan Fried  Rice",Veg
16608,"Veg Sanghai Fried Rice",Veg
16609,"Veg Szechwan Fried  Rice",Veg
16611,"Milk Shake",Veg
16612,"Chees Corn Ball Sp",Veg
16614,"Stick Salad",Veg
16617,"Kachumar Salad",Veg
16618,"Mix Vegetables",Veg
16619,"Veg Jhal Frezy",Veg
16620,"Tawa Veg",Veg
16622,"Veg Pakiza",Veg
16635,"Veg Novaratan Korma",Veg
16636,"Murg Tikka Butter Masala",Non-veg
16638,"Murg Butter Masala",Non-veg
16639,"Dhaba Murg",Non-veg
16642,"Rara Mutton",Non-veg
16644,"Chicken Tangdi (f)",Non-veg
16645,"Chicken Tangdi (h)",Non-veg
16649,"Fish Curry [2 Pcs]",Non-veg
16650,"Fish Do Pyaza [2 Pcs]",Non-veg
16651,"Fish Masala [2 Pcs]",Non-veg
16652,"Fish Tikka Butter Masala (6 Pcs B/l)",Non-veg
16655,"Murg Handi",Non-veg
16656,"Murg Hydrabadi",Non-veg
16657,"Murg Kadai",Non-veg
16658,"Murg Kassa",Non-veg
16659,"Murg Kolhapuri",Non-veg
16660,"Murg Muglai",Non-veg
16661,"Murg Mussllom (half)",Non-veg
16662,"Murg Patiyala Boneless",Non-veg
16663,"Murg Punjabi",Non-veg
16664,"Murg Takatak",Non-veg
16665,"Mutton Curry [4 Pcs]",Non-veg
16666,"Mutton Do-piyaza[4 Pcs]",Non-veg
16668,"Mutton Kassa [4 Pcs]",Non-veg
16669,"Mutton Masala [4 Pcs]",Non-veg
16670,"Mutton Rogan Josh[ 4 Pcs]",Non-veg
16671,"Prawn Curry [8 Pcs]",Non-veg
16672,"Prawns Do Pyaza [8 Pcs]",Non-veg
16673,"Prawns Masala [8 Pcs]",Non-veg
16674,"Tangri Bhuna Masala [2 Pcs]",Non-veg
16675,"Tawa Murg",Non-veg
16678,"Chingri Chop Sp",Veg
16679,"Fish Ball Sp",Veg
16680,"Chicken Samosa Sp",Non-veg
16681,"Fish Cutlet Sp",Non-veg
16682,"Tangri Bhuna Masala (full)",Non-veg
16683,"Mutton Cuttlet Sp",Non-veg
16685,"Mc Dowel Whisky (2:1)",Veg
16686,"Chicken Tikka Pizza",Non-veg
16691,"Adrak Elaichi Chai Flask ( Serves 4-5,500 ml)",Veg
16692,"Kesar Chai Flask ( Serves 4-5,500 ml)",Veg
16693,"Royal Chai Flask ( Serves 4-5,500 ml)",Veg
16694,"Masala Chai Flask ( Serves 4-5,500 ml)",Veg
16695,"Dalchini Adrak Chai Flask ( Serves 4-5,500 ml)",Veg
16696,"Four Topping Pizza",Veg
16698,"Veg Peri Peri Pizza",Veg
16699,"Paprika Pizza",Veg
16700,"Four Cheese Pizza",Veg
16702,"Funghi Di Bosco Pizza",Veg
16705,"BBQ Chicken Pizza",Non-veg
16706,"Mixed Sauce Pasta",Veg
16707,"Spaghetti Aglio Olio",Veg
16708,"Alfredo Pasta",Veg
16709,"Arrabiata Pasta",Veg
16710,"Al Funghi Pasta",Veg
16711,"Pasta in Pesto Sauce",Veg
16712,"Homemade Ravioli in Mixed Sauce",Veg
16713,"Homemade Ravioli in Pesto Sauce",Veg
16714,"Al Funghi Risotto",Veg
16715,"Al Fredo Risotto",Veg
16716,"Grilled Vegetables with Mixed Sauce Risotto",Veg
16717,"Pesto Sauce Risotto",Veg
16720,"Bhatti Da Murg",Non-veg
16721,"Fish Hakka Style",Non-veg
16722,"Louisiana Chicken Wings",Non-veg
16723,"BBQ Chilli Paneer",Veg
16726,"Italian Papad",Veg
16727,"Sauteed Vegetables",Veg
16728,"Shanghai Paneer",Veg
16729,"BBQ Chilli Chicken",Non-veg
16730,"Shanghai Chicken",Non-veg
16731,"Kung Pao Chicken",Non-veg
16732,"Falafel with Pita and Hummus",Veg
16733,"Lemon Honey Chicken",Non-veg
16734,"Chicken In Black Pepper Sauce",Non-veg
16736,"Chicken Pahadi Tikka",Non-veg
16738,"Achari Fish Tikka",Non-veg
16739,"House Special Cheese Garlic Bread",Veg
16742,"House Special Garlic Bread",Veg
16746,"Vegetable Jhalfrezi",Veg
16754,"Veg Shammi Kebab",Veg
16756,"Bharwan Mushroom",Veg
16759,"Potato & Onion Kulcha",Veg
16761,"Chilli Garlic Naan",Veg
16766,"Murgh Dum Biryani",Non-veg
16769,"Plain Roasted Papad",Veg
16770,"Vegetable Manchurian",Veg
16771,"Hot Garlic Sauce with Paneer",Veg
16772,"Hot Garlic Sauce with Vegetables",Veg
16773,"Hot Garlic Sauce with Potato",Veg
16774,"Schezwan Sauce with Paneer",Veg
16775,"Schezwan Sauce with Potato",Veg
16780,"Thai Green Curry with Rice",Veg
16782,"Green Noodles",Veg
16788,"Oreo Cold Coffee",Veg
16790,"Mint Iced Tea",Veg
16791,"Green Apple Iced Tea",Veg
16793,"Roasted Tomato & Basil Soup",Veg
16796,"Chocolate Lassi",Veg
16798,"Vanilla Ice Cream Lassi",Veg
16799,"Butter Scoth Ice Cream Lassi",Veg
16800,"Chocolate Ice Cream Lassi",Veg
16801,"Rooh Afza Lassi250 ml",Veg
16802,"Plain Lassi 250 ml",Veg
16809,"Egg Biryani [half Kilo]",Non-veg
16810,"Egg Biryani [1 Kilo]",Non-veg
16811,"Veg Biryani [half Kilo]",Veg
16812,"Veg Biryani [ 1 Kilo]",Veg
16813,"Chicken Biryani [half Kilo]",Non-veg
16814,"Chicken Biryani [1 Kilo]",Non-veg
16816,"Mutton Shami Roll",Non-veg
16817,"Chicken Malai Tikka Roll",Non-veg
16818,"Chicken Special Tikka Roll",Non-veg
16820,"Chicken Keema Samosa [2 Pieces]",Non-veg
16821,"Cheese Corn Samosa [2 Pieces]",Veg
16822,"Bombay Chicken Keema Pav",Non-veg
16823,"Chicken Keema Paratha (2 Parathas)",Non-veg
16824,"Achari Soya Chaap",Veg
16825,"Roasted Soya Chaap",Veg
16826,"Honey Mustard Chicken Kebab (8 Pieces)",Non-veg
16827,"Chicken Cheese Chili Kebab",Non-veg
16828,"Kebab Special Chicken Tikka (8 pieces)",Non-veg
16829,"Chicken Achari Tangdi Kebab",Non-veg
16830,"Classic Tandoori Chicken Tangdi",Non-veg
16831,"Murg Kali Mirch Tikka (8 Pieces)",Non-veg
16832,"Murg Malai Tikka (8 Pieces)",Non-veg
16835,"Chicken Dum Biryani with Raita",Non-veg
16836,"Chicken Special Tikka Biryani with Raita",Non-veg
16837,"Shami Kebab",Non-veg
16838,"Tangy Beetroot",Veg
16839,"Margeritta Cheese Corn Pizza",Veg
16842,"P2 Deluxe Pizza",Veg
16844,"Paneer Makhani Pizza",Veg
16845,"Peddler Special Pizza",Veg
16846,"Sweet Baby Corn Pizza",Veg
16848,"Chicken Sheekh Kebaab Pizza",Non-veg
16849,"Tripple Chicken Cheese Pizza",Non-veg
16850,"Chicken Surprise Burger",Non-veg
16851,"Double Chicken Burger",Non-veg
16852,"Veg Surprise Burger + Fries + Coke(200 Ml)",Veg
16853,"Veg Makhani Burger + Fries + Coke(200 Ml)",Veg
16854,"Crunchy Corn Burger + Fries + Coke(200 Ml)",Veg
16855,"Maharaja Burger + Fries + Coke(200 Ml)",Veg
16856,"Premium Paneer Burger + Fries + Coke (200 Ml)",Veg
16858,"Peri Peri Masala Fries",Veg
16860,"Italian Chicken Sandwich",Non-veg
16863,"Blue Cooler Mojito",Veg
16866,"Bubble Gum Mojito",Veg
16871,"Veg Jumbo Pack 1",Veg
16872,"Veg Jumbo Pack 2",Veg
16873,"Non Veg Jumbo Pack 1",Non-veg
16874,"Non Veg Jumbo Pack 2",Non-veg
16875,"Veg Meal Combo 1",Veg
16876,"Veg Meal Combo 2",Veg
16877,"Veg Meal Combo 3",Veg
16878,"Non Veg Meal Combo 1",Non-veg
16879,"Non Veg Meal Combo 2",Non-veg
16880,"Non Veg Meal Combo 3",Non-veg
16882,"Veggie Delight Pizza",Veg
16887,"Desi Masala Pizza",Veg
16890,"Vegloaded Supreme Cheese Pizza",Veg
16892,"Mexican Peppy Paneer Pizza",Veg
16893,"Chicken Delight Pizza",Non-veg
16894,"Chicken Golden Delight Pizza",Non-veg
16896,"Spicy Chicken Pizza",Non-veg
16897,"Chciken Sausage Pizza",Non-veg
16898,"P2 Deluxe Chicken Pizza",Non-veg
16899,"Chicken Keema Masala Pizza",Non-veg
16901,"Chicken Cheese Burst Pizza",Non-veg
16903,"Peddler Special Chicken Pizza",Non-veg
16905,"Classic Special Chicken Pizza",Non-veg
16906,"Schezwan Prime Chicken Pizza",Non-veg
16908,"Veg Surprise Burger",Veg
16910,"Veg Makhani Burger",Veg
16911,"Crunchy Corn  Burger",Veg
16912,"Maharaja Burger",Veg
16913,"Peddler Special Burger",Veg
16914,"Premium Paneer Burger",Veg
16915,"Fried Chicken Burger",Non-veg
16918,"Makhani Chicken Burger",Non-veg
16920,"Peddler Special Chicken Burger",Non-veg
16921,"Primium Chicken Burger",Non-veg
16922,"Aloo Tikki Burger + Fries + Coke(200 Ml)",Veg
16924,"Spicy Veg Burger + Fries + Coke(200 Ml)",Veg
16928,"Peddler Special Burger + Fries + Coke (200 Ml)",Veg
16930,"Fried Chicken Burger + Fries + Coke(200 Ml)",Non-veg
16931,"Chicken Surprise Burger + Fries + Coke(200 Ml)",Non-veg
16932,"Spicy Chicken Burger + Fries + Coke(200 Ml)",Non-veg
16933,"Makhani Chicken Burger + Fries + Coke(200 Ml)",Non-veg
16934,"Double Chicken Burger + Fries + Coke(200 Ml)",Non-veg
16935,"Peddler Special Chicken Burger + Fries + Coke (200 Ml)",Non-veg
16936,"Premium Chicken Burger + Fries + Coke(200 Ml)",Non-veg
16940,"Paneer Pops (8 Pcs)",Veg
16942,"Chicken Popcorn Fries",Non-veg
16943,"Italian Veg Sandwich",Veg
16945,"Veggi Cheese Sandwich",Veg
16948,"Chicken Keema Sandwich",Non-veg
16950,"Mint Blast Mojito",Veg
16951,"Iced Tea Mojito",Veg
16952,"Spicy Mango Cooler Mojito",Veg
16953,"Banaras Paan Twist Mojito",Veg
16965,"Peddler Special Shake",Veg
16966,"Hot Chocolate Fudge",Veg
16967,"Chicken Cheese Chizza",Non-veg
16968,"Cheese Chicken Supreeme Chizza",Non-veg
16974,"Idly Sambar",Veg
16978,"Sada Plain Roast Dosa",Veg
16981,"Roasted Plum Tomato Soup",Veg
16986,"Paneer Chatpata Sandwich With Fries",Veg
16987,"Corn And Spinach Sandwich With Fries",Veg
16988,"Veg And Cheese Sandwich With Fries",Veg
16990,"Special Cheese Butter Pav Bhaji",Veg
16994,Bruschetta,Veg
16996,"Mexican Corn Chaat",Veg
16999,"Kadai Paneer Lasange",Veg
17000,"Baked Vegetable Lasange",Veg
17001,"Baked Corn Spinach Au Gratin",Veg
17003,"Sada Mini Idly",Veg
17004,"Sada Idly",Veg
17005,"Masala Upma",Veg
17006,"Sewai Upma",Veg
17007,"Spicy Vegetable Upma",Veg
17008,"Spiced Mini Uttapam Platter",Veg
17009,"Mini Uttapam Platter",Veg
17011,"Cheese Chilli Uttapam",Veg
17012,"Spicy Mix Veg Uttapam",Veg
17013,"Onion Tomato Uttapam",Veg
17014,"Cheese Paneer Mysore Masala Dosa",Veg
17015,"Paneer Mysore Masala Dosa",Veg
17018,"Gun Powder Masala Dosa",Veg
17021,"Banglorian Set Sada Dosa",Veg
17022,"Cheese Chilli Plain Roast Dosa",Veg
17023,"Ghee Gun Powder Sada Dosa",Veg
17025,"Mysore Plain Roast Dosa",Veg
17027,"Ghee Or Butter Paper Plain Dosa",Veg
17029,"Mac And Cheese Rava Dosa",Veg
17030,"Vegetable Rava Dosa",Veg
17031,"Sada Rava Dosa",Veg
17032,"Paneer Makhani Dosa",Veg
17034,"Daba Style Paneer Bhurji Dosa",Veg
17036,"Spring Roll Dosa",Veg
17037,"Spicy Manchurian Dosa",Veg
17039,"Penne Tre Cheese Sauce",Veg
17040,"Fussili Affreda Pasta",Veg
17041,"Penne Masala Mafia",Veg
17042,"Penne Ala Rasa",Veg
17043,"Penne Arrabiata",Veg
17044,"Penne Marca Pola",Veg
17045,"Penne Ala Ramana",Veg
17046,"Spaghetti Aglia Olia Pepperancina",Veg
17047,"Penne Mamma Rassa",Veg
17048,"Spaghetti Putanesca Pasta",Veg
17049,"Make On Own Pizza [6 Inches]",Veg
17050,"Make On Own Pizza [10 Inches]",Veg
17051,"Peppy Paneer Pizza [6 Inches]",Veg
17052,"Peppy Paneer Pizza [10 Inches]",Veg
17053,"Exotica Pizza [6 Inches]",Veg
17054,"Exotica Pizza [10 Inches]",Veg
17055,"Pizza Al Fungi [6 Inches]",Veg
17056,"Pizza Al Fungi [10 Inches]",Veg
17057,"Piccante Pizza [6 Inches]",Veg
17058,"Piccante Pizza [10 Inches]",Veg
17059,"Calabrese Pizza [6 Inches]",Veg
17060,"Calabrese Pizza [10 Inches]",Veg
17061,"Pizza Hawaiian [6 Inches]",Veg
17062,"Pizza Hawaiian [10 Inches]",Veg
17063,"Pizza Indian [6 Inches]",Veg
17064,"Pizza Indian [10 Inches]",Veg
17065,"Classic Margarita Pizza [6 Inches]",Veg
17066,"Classic Margarita Pizza [10 Inches]",Veg
17067,"Mexican Spicy Tortilla Beans Soup",Veg
17069,"Cream Of Vegetable Soup",Veg
17075,"Chocolate Walnut Brownie With Hot Chocolate Sauce",Veg
17076,"Texas Cheese Poppers",Veg
17079,"Mac And Cheese Balls",Veg
17083,"Spicy Broccoli Poppers",Veg
17084,"Spinach Corn Canapes",Veg
17085,"Cheese Baked Potato Poutine",Veg
17086,"Chilli Garlic Noodles With Sweet And Sour Vegetables",Veg
17087,"Ginger Coriander Fried Rice With Potato In Hot Garlic Sauce",Veg
17088,"Veg Hakka Noodle Or Fried Rice With Veg Balls In Manchurian Sauce",Veg
17089,"Manchurian Noodle Or Rice With Spring Roll",Veg
17090,"Mongolian Noodle Or Fried Rice With Crispy Chilli Baby Corn",Veg
17091,"Veg Hakka Noodle Or Fried Rice With Chilli Paneer",Veg
17092,"Highway Combo",Veg
17093,"Makhani Combo",Veg
17094,"Khichdi Combo",Veg
17095,"Ghar Ka Tiffin",Veg
17097,"Mix Veg Rava Sada Dosa+2pcs Idly+2pcs Vada+uttapam Pizza",Veg
17098,"Green Butter Dosa+chinese Dosa+paneer Dosa+bangalore Dosa",Veg
17099,"2pcs Idly+2pcs Vada+cheese Masala Dosa+mix Veg Uttapam",Veg
17100,"4pcs Dhokla Idly+3pcs Paneer Pakoda+4pcs Fried Idly With Curd",Veg
17101,"1pc Idly+1pc Vada+upma+dahi Vada",Veg
17102,"1pc Idly+1pc Vada+upma+idly Finger+masala Dosa",Veg
17106,"Idli Vada",Veg
17109,"Dhokla Idli",Veg
17113,"Floating Idli Vada",Veg
17115,"Fried Idli with Curd",Veg
17118,"Snacks Platter",Veg
17119,"Chola Bhatura",Veg
17120,"Plain Sada Dosa",Veg
17126,"Ghee Butter Sada Dosa",Veg
17127,"Ghee Butter Cheese Dosa",Veg
17133,"Ghee Butter Masala Dosa",Veg
17134,"Ghee Butter Cheese Masala Dosa",Veg
17135,"Deluxe Platter",Veg
17136,"Bangalore Dosa",Veg
17137,"Ghee Gun Powder Dosa",Veg
17140,"Paneer Butter Dosa",Veg
17142,"Children's Soft Dosa",Veg
17145,"4 in 1 Dosa",Veg
17148,"Veg Rava Sada Dosa",Veg
17151,"Ghee Rava Dosa",Veg
17154,"Cheese Rava Dosa",Veg
17155,"Ghee Butter Rava Dosa",Veg
17156,"Mixed Veg Rava Dosa",Veg
17160,"Mixed Vegetable Uttapam",Veg
17161,"4 in 1 Uttapam",Veg
17162,"Special Chutney",Veg
17163,"Special Sambhar",Veg
17164,"Ghee Chilli Powder",Veg
17165,"Andhra Spicy Chutney",Veg
17166,"Crispy Chilli Idli",Veg
17167,"Crispy Baby corn Sweet Chilli Sauce",Veg
17168,"Burger with Double Cheese",Veg
17169,"Aloo Masala",Veg
17173,Pav,Veg
17174,"Thandai Special Milkshake",Veg
17175,"Thandai Plain Milkshake",Veg
17176,"KitKat Milkshake",Veg
17177,"Pista Special Milkshake",Veg
17178,"Pista Plain Milkshake",Veg
17179,"Mango Special Milkshake",Veg
17180,"Mango Plain Milkshake",Veg
17181,"Pineapple Special Milkshake",Veg
17182,"Chocolate Milkshake",Veg
17184,"David Off Cold Coffee",Veg
17185,"Butterscotch Milkshake",Veg
17186,"Strawberry Milkshake",Veg
17187,"Kewra Milkshake",Veg
17188,"Chikoo Milkshake",Veg
17189,"Custard Apple Milkshake",Veg
17190,"Mango Butterscotch Milkshake",Veg
17191,"Raspberry Milkshake",Veg
17192,"Mixed Fruit Milkshake",Veg
17193,"Apricot Milkshake",Veg
17194,"Fig Milkshake",Veg
17195,"Mango Dates Milkshake",Veg
17196,"Rose Milkshake",Veg
17197,"Apple Milkshake",Veg
17198,"Khus Milkshake",Veg
17199,"Litchi Milkshake",Veg
17200,"Orange Milkshake",Veg
17201,"Blackcurrant Milkshake",Veg
17202,"Vanilla Milkshake",Veg
17203,"Pineapple Plain Milkshake (Sugar Free)",Veg
17204,"Guava Milkshake",Veg
17207,"Starbucks Bottled Coffee",Veg
17208,"Starbucks Bottlled Coffee [250 Ml]",Veg
17210,"Pineapple Syrup [1 Litre]",Veg
17211,"Chocolate Syrup [1 Litre]",Veg
17212,"Rose Syrup [1 Litre]",Veg
17213,"Khus Syrup [1 Litre]",Veg
17214,"Orange Syrup [1 Litre]",Veg
17215,"Vanilla Syrup [1 Litre]",Veg
17216,"Strawberry Syrup [1 Litre]",Veg
17217,"Butterscotch Syrup [1 Litre]",Veg
17218,"Green Mint Syrup [1 Litre]",Veg
17219,"Blue Mint Syrup [1 Litre]",Veg
17220,"Mango Panna Squash [1 Litre]",Veg
17221,"Starbucks Bottled Coffee [250 Ml]",Veg
17222,"Rich Aroma [100 Gm]",Veg
17223,"Fine Aroma [100 Gm]",Veg
17224,"Espressoo [100 Gm]",Veg
17227,"Tandoori Pomfret",Non-veg
17228,"Chilly Mushroom (veg)",Veg
17231,"Green Chilly Chicken",Non-veg
17233,"Dhaba Style Chicken Curry",Non-veg
17236,"Chilly Mushroom",Veg
17240,"Chilly Garlic Noodles",Veg
17244,"Haryali Paneer Tikka",Veg
17245,"Veg Balls",Veg
17246,"Peneer Kurkure",Veg
17248,"Murgh Pahadi Kebab",Non-veg
17250,"Losooni  Kebab",Non-veg
17251,"Murgh Afghani Tikka",Non-veg
17254,"Murgh Malai Kabab",Non-veg
17255,"Honey Chilly Potatoes",Veg
17256,"American Corn Chilly",Veg
17257,"American Salt N Pepper",Veg
17258,"Burnt Garlic Mushroom",Veg
17259,"Chana Salt N Pepper",Veg
17260,"Chilly Baby Corn",Veg
17265,"Chicken Sanghai",Non-veg
17266,"Chilly Prawns",Non-veg
17275,"Kadhai Subz",Veg
17288,"Fish Tikka Masala",Non-veg
17290,"Murgh  Musallam",Non-veg
17291,"Hot N Sour Paneer",Veg
17294,"Paneer Sanghai",Veg
17299,"Chicken Sweet N Sour",Non-veg
17306,"Jhuri Aloo Bhaja",Veg
17308,Luchi,Veg
17310,"Sonar Mong Dal",Veg
17311,"Basonti Pulao",Veg
17312,"Din Kosha",Non-veg
17313,"Machar Kali",Non-veg
17314,"Chicken Kosha",Non-veg
17315,"Pomfret Jhal",Non-veg
17316,"Chingri Malai Curry",Non-veg
17317,"Chingri Masala",Non-veg
17323,"Mushroom Tikka Biryani",Veg
17326,"Kolkata Dum Biryani",Non-veg
17330,"Mixed Noodles",Veg
17338,"Hakka Noodles + Chilli Manchurian",Veg
17341,"Masala Omellete",Non-veg
17342,"Cheese Omellet",Non-veg
17404,"Lazeez Chicken",Non-veg
17450,"Egg Keema Masala + Kulcha",Non-veg
17456,"Chicken Pakhtooni Kebab",Non-veg
17458,"Qaiser E Pukhtan",Veg
17463,"Thukpa Vegetable",Veg
17464,"Grilled Prawns",Non-veg
17465,"Chili Fish Fingers",Non-veg
17467,"Exotic Mushroom",Veg
17470,"Vegetable Noodles",Veg
17475,"Pan Fried Chicken Noodles",Non-veg
17476,"Pan Fried Veg Noodles",Veg
17485,"Gulab Jamun With Rabri",Veg
17486,"Spicy Mayo Chicken Tikka",Non-veg
17488,"Murg Tikka Mirza Hasnoo",Non-veg
17492,"Ajwaini Basa Tikka",Non-veg
17493,"Ajwaini Beckti Tikka",Non-veg
17495,"Panch Phoron Jhinga Kebab",Non-veg
17496,"Makai Methi Seekh",Veg
17498,"Bharwan Tandoori Mushroom",Veg
17499,"Panchphoran Paneer Tikka",Veg
17500,"Tawa Basa",Non-veg
17501,"Tawa Beckti",Non-veg
17502,"Beckti Tawa Machhali",Non-veg
17505,"Dilliwali Tikki",Veg
17507,"Murg Hari Mirch",Non-veg
17509,"Teen Mirch Ka Jhinga",Non-veg
17510,"Hingwali Aloo",Veg
17511,"Masaledar Kofta",Veg
17512,"Mushroom Matar Tamatar",Veg
17515,"Mawa Paneer Pasanda",Veg
17516,"Patiala Lacchedar Paneer",Veg
17517,"Manchow Chicken",Non-veg
17518,"Manchow Vegetable",Veg
17519,"Hot & Sour Chicken",Non-veg
17520,"Hot & Sour Vegetable",Veg
17521,"Sweet Corn Chicken",Non-veg
17522,"Sweet Corn Vegetable",Veg
17523,"Tom Yum Prawns",Non-veg
17525,"Tom Yum Vegetable",Veg
17526,"Thukpa Chicken",Non-veg
17527,"Thukpa Prawns",Non-veg
17529,"Grilled Chili Mustard Basa",Non-veg
17530,"Grilled Chili Mustard Beckti",Non-veg
17532,"Paneer Skewers",Veg
17533,"Beijing Chicken Roll",Non-veg
17535,"Golden Fried Babycorn",Veg
17537,"Buddha’s Delight",Veg
17538,"Stir Fried Sliced Lamb",Non-veg
17539,"Double Cooked Pork",Non-veg
17540,"Chicken Wings In Korean Chili Glaze",Non-veg
17544,"Stir Fried Chicken",Non-veg
17545,"Basa Stir Fried Fish With Bok Choy, Chili & Lemon Sauce",Non-veg
17546,"Basa Fish In Chilli Black Bean Sauce",Non-veg
17547,"Steamed Basa With Sichuan Bean Sauce",Non-veg
17549,"Beckti Stir Fried Fish With Bok Choy, Chili & Lemon Sauce",Non-veg
17550,"Beckti Fish In Chilli Black Bean Sauce",Non-veg
17551,"Prawns In Hot Garlic Sauce",Non-veg
17552,"Exotic Vegetable",Veg
17553,"Vegetable Dumplings",Veg
17554,"Mapo Tofu With Minced Vegetable",Veg
17557,"Green Curry Chicken Pho",Non-veg
17558,"Chicken With Soft -Boiled Egg With Spicy Red – Chili Broth",Non-veg
17559,"Chicken Via Malaysia",Non-veg
17560,"Green Curry Vegetable Pho",Veg
17561,"Vegetable Spicy Red",Veg
17562,"Vegetable Via Malaysia",Veg
17571,"Vegetable Chinese Chopsuey",Veg
17573,"Vegetable American Chopsuey",Veg
17577,"Chooze Ki Dum Biryani",Non-veg
17581,"Kadhai Subz Pulao",Veg
17582,"Subz Dum Biryani",Veg
17584,"Sonnet Dal",Veg
17590,"Italian Naan",Veg
17595,"Darsaan With Vanilla Ice Cream",Veg
17596,"Baked Anguri Gulab Jamun",Veg
17597,"Matka Cheese Cake",Veg
17598,"Mud Pot",Veg
17599,"Bull's Eye",Veg
17600,"Black Current Cake",Veg
17602,"Blue Berry Cake",Veg
17603,"Brownie Chocolate",Veg
17604,"Butter Scotch Cake",Veg
17606,"Choco Vanila",Veg
17607,"Chocochip Cake",Veg
17608,"Chocolate Truffle",Veg
17609,"Coffee Cake",Veg
17610,"Coffee Walnut Cake",Veg
17611,"Crunchy Chocolate",Veg
17612,"Fresh Fruit Cake",Veg
17613,"Gulab Jamun Cake",Veg
17614,"Hazelnut Cake",Veg
17615,"Hazelnut Cheese",Veg
17617,"Kiwi Cake",Veg
17618,"Light Chocolate",Veg
17619,"Mango Cake",Veg
17621,"Chocolate Cheese",Veg
17622,"Red Velvet Cheese",Veg
17623,"Pineapple Cheese",Veg
17624,"Mud Cake",Veg
17625,"Oreo Cake",Veg
17630,"Ferrero Rocher Cake",Veg
17633,"Walnut Cake",Veg
17634,"White Forest Cake",Veg
17635,"Kit Kat Cake",Veg
17636,"Hammer Cake",Veg
17639,"Choco Truffle Pastry",Veg
17640,"Butter Scotch Pastry",Veg
17642,"Fresh Fruit Pastry",Veg
17643,"Choco Flakes Pastry",Veg
17647,"Mango Pastry",Veg
17648,"Strawberry Pastry",Veg
17654,"Plain Veg Sandwhich",Veg
17655,"Veg Cheese Sandwhich",Veg
17656,"Brown Bread Veg Sandwhich",Veg
17657,"Brown Bread Cheese Sandwhich",Veg
17658,"Brown Bread Paneer Sandwhich",Veg
17659,"Spinach Paneer Cheese Corn Sandwhich",Veg
17662,"Dark Chocolate Cake",Veg
17663,"Dark Forest Cake",Veg
17667,"Mango Flavour Cake",Veg
17670,"Gulabjamun Cake",Veg
17671,"Alphonso Mango (500gms)",Veg
17672,"Alphonso Mango (250gms)",Veg
17673,"Alphonso Mango (1 Scoop)",Veg
17674,"Kesar Pista (500gms)",Veg
17675,"Kesar Pista (250gms)",Veg
17676,"Kesar Pista (1 Scoop)",Veg
17677,"Anjeer (500gms)",Veg
17678,"Anjeer (250gms)",Veg
17679,"Anjeer (1 Scoop)",Veg
17683,"Malai (250gms)",Veg
17684,"Malai (1 Scoop)",Veg
17685,"Malai Kulfi (500gms)",Veg
17686,"Malai Kulfi (250gms)",Veg
17687,"Malai Kulfi (1 Scoop)",Veg
17688,"Butterscotch (1 Scoop)",Veg
17689,"Real Bean Vanilla (500gms)",Veg
17690,"Real Bean Vanilla (250gms)",Veg
17691,"Real Bean Vanilla (1 Scoop)",Veg
17692,"Paan (500gms)",Veg
17693,"Paan (250gms)",Veg
17694,"Paan (1 Scoop)",Veg
17695,"Butterscotch (500gms)",Veg
17696,"Butterscotch (250gms)",Veg
17697,"Sugerfree Kesar Pista (1 Scoop)",Veg
17698,"Chocochips (500gms)",Veg
17699,"Chocochips (250gms)",Veg
17700,"Chocochips (1 Scoop)",Veg
17701,"Oreo White (500gms)",Veg
17702,"Oreo White (250gms)",Veg
17703,"Oreo White (1 Scoop)",Veg
17704,"Belgian Chips (500gms)",Veg
17705,"Belgian Almond (500gms)",Veg
17706,"Belgian Almond (1 Scoop)",Veg
17707,"Belgian Dark Chocolate (500gms)",Veg
17708,"Cuttack Special Dahi Bara Aloo Dum",Veg
17711,"Chilly Gobi",Veg
17713,"Paneer Chilly",Veg
17714,"Chilly Paneer with Baby Corn",Veg
17716,"Hot Garlic Paneer",Veg
17717,"Manchurian With Baby Corn",Veg
17718,"Baby Corn Chilly",Veg
17727,"Veg Mix Noodles",Veg
17730,"Veg & Cheese Grilled Sandwich",Veg
17732,"Plain Cheese Sandwich",Veg
17735,"Soda Sikanji",Veg
17736,"Rose Soda",Veg
17738,"Khus Soda",Veg
17747,"Sechzwan Masala Dosa",Veg
17749,"Rava Plain Dosa",Veg
17751,"Rava Butter Masala Dosa",Veg
17753,"Rava Cheese Dosa",Veg
17757,"Maya Ram Special Dosa",Veg
17759,"Chilly Paneer Dosa",Veg
17762,"Onion Tamato Uttapam",Veg
17764,"Kaju Uttapam",Veg
17765,"Coconut Uttapam",Veg
17767,"Idly (3 Pcs)",Veg
17768,"Fry Idly",Veg
17770,"Special Half Pav Bhaji",Veg
17771,"Join Special Pav Bhaji",Veg
17772,"Ordinary Pav Bhaji",Veg
17773,"Masala Pav",Veg
17774,"Extra Bread",Veg
17775,Chilla,Veg
17779,"Veg Mix Sechzwan Rice",Veg
17780,"Bamboo Chicken Biryani",Non-veg
17781,"Bamboo Veg Biryani",Veg
17782,"Egg Curry + Rice",Non-veg
17783,"Chicken Curry + Rice",Non-veg
17784,"Chicken Sanwich + Cold Drink 250 Ml",Non-veg
17785,"Chicken Kasa + 2 Roti",Non-veg
17786,"Kolkata Biryani + Cold Drink",Non-veg
17787,"Paneer Grill Sanwich + Cold Drink [ 250ml]",Veg
17788,"Bread Omelette + Cold Drink [ 250ml]",Non-veg
17811,"Egg Dopyaza",Non-veg
17831,"Tawa Roti [4 Pcs]",Veg
17832,"Butter Tawa Roti [4 Pcs]",Veg
17845,"Chicken Reshmi Kebab",Non-veg
17846,"Chicken Tikka Kebab",Non-veg
17856,"Murgh Curry",Non-veg
17861,"Gosht Rogan Josh",Non-veg
17873,"VEGETABLE FRIED RICE",Veg
17874,"Coriander Chilli Mushroom Soup",Veg
17878,"Coriander Soup",Veg
17880,"Burnt Garlic Soup",Veg
17881,"Chicken Coriander Chilli Soup",Non-veg
17884,"Chicken Coriander Soup",Non-veg
17886,"Chicken Burnt Garlic Soup",Non-veg
17890,"Three Pepper Paneer",Veg
17891,"Taipai Chilli Paneer",Veg
17892,"Tandoori Chilli Paneer",Veg
17893,"Paneer Ching Pong",Veg
17895,"Corn Chilli Ball",Veg
17899,"Oriental Chilli Cottage Cheese",Veg
17906,"Lahori Paneer Tikka",Veg
17907,"Paneer Pudina Tikka",Veg
17908,"Paneer Makhmali",Veg
17911,"Chicken Taipai",Non-veg
17912,"Red Chilli Chicken",Non-veg
17914,"Chicken Green Vegetable",Non-veg
17915,"Three Pepper Chicken",Non-veg
17918,"Olympian Chicken",Non-veg
17920,"Olympian Fish",Non-veg
17921,"Fish Green Vegetable",Non-veg
17922,"Fish Salt Pepper",Non-veg
17923,"Pan Fried Chilli Prawns",Non-veg
17925,"Olympian Prawns",Non-veg
17926,"Prawns Salt & Pepper",Non-veg
17932,"Pahari Murgh Tikka",Non-veg
17933,"Murgh Mastana Kebab",Non-veg
17934,"Murgh Lehsuni Kebab",Non-veg
17935,"Hyderabadi Murgh Tikka",Non-veg
17936,"Stuff Tangdi Kebab",Non-veg
17938,"Dhania Fish Tikka",Non-veg
17939,"DRUMS OF HEAVENS",Non-veg
17944,"Paneer Kashmiri",Veg
17948,"Aloo Dum Bemisal",Veg
17952,"Makai Mattar ki Jugalbandi",Veg
17955,"Vegetable Kofta",Veg
17958,"Sabji Rogan Josh",Veg
17959,"Vegetable Kohlapuri",Veg
17960,"Veg Nizami Handi",Veg
17963,"Kadai Vegetable",Veg
17964,"Vegetable Pakiza",Veg
17965,"Sabji Awadhi Korma",Veg
17967,"Gobi Aloo",Veg
17971,"Dal Laziz",Veg
17972,"Sarso ka sag",Veg
17975,"Pahari Murgh",Non-veg
17976,"Murgh Tangdi Masala",Non-veg
17977,"Murgh Hariyali",Non-veg
17980,"Murgh Kali Mirch",Non-veg
17981,"Murgh Hari Mirch",Non-veg
17983,"Murgh Tikka Butter Masla",Non-veg
17985,"Kadai Murgh (Boneless)",Non-veg
17986,"Murgh Handi",Non-veg
17988,"Dhaniya Murgh",Non-veg
17990,"Dehati Murgh",Non-veg
17992,"Gosht Do Pyaza",Non-veg
17993,"Gosht Rara",Non-veg
17994,"Gosht Bhuna",Non-veg
17995,"Gosht Hariyali",Non-veg
17998,"Fish Sarsonwala",Non-veg
17999,"Prawns Butter Masala",Non-veg
18000,"Prawns Malai Curry",Non-veg
18001,"Kadai Jhinga",Non-veg
18022,"Makki Di Roti",Veg
18024,"Tawa Laccha Paratha",Veg
18029,"Mughlai Dum Biryani",Non-veg
18031,"Vegetable Dum Biryani",Veg
18037,"Paneer in Choice of Sauce",Veg
18038,"Vegetable Sweet & Sour",Veg
18039,"Veg Green",Veg
18044,"Seasonal Veg in Hot Garlic Sauce",Veg
18045,"Exotic Veg in Butter Garlic Sauce",Veg
18046,"Chicken Green Veg",Non-veg
18048,"Chicken in Oyster Sauce",Non-veg
18049,"Chicken in Lemon Sauce",Non-veg
18050,"Chicken in Hong Kong Sauce",Non-veg
18057,"Chicken Hunan",Non-veg
18058,"Chicken in BBQ Sauce",Non-veg
18060,"Sweet & Sour Chicken",Non-veg
18061,"Fish Sweet & Sour",Non-veg
18062,"Fish Green Veg",Non-veg
18063,"Fish in Hong Kong Sauce",Non-veg
18064,"Fish in Oyster Sauce",Non-veg
18065,"Fish in BBQ Sauce",Non-veg
18066,"Fish in Hunan Sauce",Non-veg
18067,"Garlic Prawns",Non-veg
18068,"Sweet & Sour Prawns",Non-veg
18069,"Prawns in Oyster Sauce",Non-veg
18070,"Prawns in Hong Kong Sauce",Non-veg
18071,"Prawns in Lemon Sauce",Non-veg
18072,"Prawns in Schezwan Sauce",Non-veg
18073,"Prawns in Hunan Sauce",Non-veg
18076,"Vegetable Chop suey",Veg
18077,"Mongolian Fried Rice",Veg
18083,"Egg Gravy",Non-veg
18085,"Prawns Hakka",Non-veg
18086,"Prawns Gravy",Non-veg
18088,"Chicken Mongolian Fried Rice",Non-veg
18089,"Chicken Chop suey",Non-veg
18094,"Mixed Hakka with Prawns",Non-veg
18096,"Mixed Fried Rice with Prawns",Non-veg
18098,"Mixed Mongolian Fried Rice with Prawns",Non-veg
18099,"Mixed Shanghai Fried Rice with Prawns",Non-veg
18100,"Prawns Mongolian Fried Rice",Non-veg
18101,"Prawns Spring Rice",Non-veg
18102,"Prawns Shanghai Fried Rice",Non-veg
18103,"VEG CHOW MEIN GRAVY",Veg
18105,"Vanilla Ice cream",Veg
18106,"Chocolate Ice cream",Veg
18107,"Butterscotch Ice cream",Veg
18110,"Mineral Water & Services (1 ltr)",Veg
18111,"Channa Chlli",Veg
18118,"Veg manhurian Gravy",Veg
18133,"Egg+Chicken hakka Noodles",Non-veg
18134,"Chilli Chicken Hakka Noodles",Non-veg
18135,"Egg Hakka Noodles (H) + Cold Drink(250 Ml) + Chilli Chicken",Non-veg
18136,"Egg Fried Rice + Chilli Chicken(",Non-veg
18137,"Chicken Fried Rice [H] + Veg Manchurian [H]",Non-veg
18138,"Veg Fried Rice [Half] + Paneer chilli",Veg
18139,"Veg Fried Rice [Half] + Paneer Manchurian",Veg
18140,"Veg Fried Rice[Half] + Chicken Chilli [Half]",Non-veg
18149,"Crispy Noodle Salad",Veg
18162,"Veg Shanghai Soup with Noodles",Veg
18163,"Chicken Shanghai Soup with Noodles",Non-veg
18166,"Veg Tom Yum",Veg
18167,"Chicken Tom Yum",Non-veg
18168,"Prawn Tom Yum",Non-veg
18169,"Veg Tom Kha",Veg
18170,"Chicken Tom Kha",Non-veg
18171,"Prawn Tom Kha",Non-veg
18173,"Crispy Corn Chilli Pepper",Veg
18174,"Golden Fried Veg in Tai Chin Sauce",Veg
18176,"Salt & Pepper Crispy Shreded Potato",Veg
18177,"Chilli Honey Crispy Shreded Potato",Veg
18178,"Tangy Crispy Shreded Potato",Veg
18181,"Quick Fried Water Chestnut & Crispy Rice",Veg
18184,"Crispy Fried Chicken with BBQ Sauce",Non-veg
18185,"Chilli Chicken (Authentic)",Non-veg
18187,"Stir Fried Chicken with Bell Peppers",Non-veg
18189,"Hot Garlic Coriander Chicken",Non-veg
18191,"Crispy Ginger Chicken",Non-veg
18192,"Chicken Teppanyaki",Non-veg
18193,"Crispy Fried Shanghai Chicken Wings",Non-veg
18195,"Hot Garlic Fish",Non-veg
18197,"Schezuan Fish",Non-veg
18199,"Golden Fried Prawn (Tiger)",Non-veg
18200,"Dragon Prawn (Tiger)",Non-veg
18201,"Tiger Prawn Salt & Pepper",Non-veg
18202,"Tiger Prawn in Hot Garlic Sauce",Non-veg
18204,"Kadai Prawn",Non-veg
18206,"Karnataka Fish Curry",Non-veg
18207,"Malabar Fish Curry",Non-veg
18209,"Sahi Dahi ke Kebab",Veg
18210,"Eden Garden Aloo",Veg
18212,"Murgh Reshmi Seekh",Non-veg
18213,"Tandoori Chooza",Non-veg
18215,"Non Veg Tandoori Tray",Non-veg
18216,"Muton Seekh E Lazeez (Minced Mutton Skewer)",Non-veg
18217,"Amritsari Fish Tikka",Non-veg
18219,"Crispy Fried Cheese Finger",Veg
18220,"Chicken Seekh Cigar Roll",Non-veg
18224,"Hot Garlic Sauce Cottage Cheese",Veg
18225,"Coriander Sauce Cottage Cheese",Veg
18226,"Schezwan Sauce Cottage Cheese",Veg
18227,"Baby corn & Mushroom in Manchurian Sauce",Veg
18228,"Exotic Veg in Chilli Basil Sauce",Veg
18229,"Stir Fried Vegetable",Veg
18230,"Oriental Chicken",Non-veg
18232,"Hot Garlic Coriander Chicken Gravy",Non-veg
18235,"Sliced Chicken in Black Bean Sauce & Mushroom",Non-veg
18236,"Chicken in Thai Red Curry",Non-veg
18237,"Chicken Green Curry",Non-veg
18238,"Fish in Thai Red Curry",Non-veg
18239,"Fish Green Curry",Non-veg
18240,"Fish Chilli Garlic Sauce Gravy",Non-veg
18241,"Fish Chilli Soya Sauce Gravy",Non-veg
18242,"Fish Hot Garlic Sauce Gravy",Non-veg
18243,"Fish Schezuan Sauce Gravy",Non-veg
18244,"Schezuan Sauce Tiger Prawn",Non-veg
18245,"Chilli Soya Sauce Tiger Prawn",Non-veg
18246,"Butter Garlic Tiger Prawn",Non-veg
18247,"Prawn in Thai Hot Red Curry",Non-veg
18251,"Sukhi Aloo Gobi Matar",Veg
18253,"Paneer Bon Appetit",Veg
18254,"Handi Paneer",Veg
18257,"Paneer Tikka Makhani",Veg
18260,"Makhmali Veg Kofta Curry",Veg
18262,"Changezi Murgh",Non-veg
18263,"Lahori Murgh",Non-veg
18266,"Murgh Tikka Makhan Masala",Non-veg
18269,"Egg Curry Dhaba Style",Non-veg
18273,"Thai Veg in green curry",Veg
18274,"Tausi Chicken",Non-veg
18276,"Fish In Oyster Sauce",Non-veg
18277,"Dum Aloo Lakhnavi",Veg
18278,"Chicken Noorjhan",Non-veg
18279,"Chicken Maratha",Non-veg
18280,"Methi Murgh Malai",Non-veg
18281,"Vegetable American Chop suey",Veg
18283,"Prawn American Chop suey",Non-veg
18284,"Mixed American Chop suey",Non-veg
18285,"Vegetable Pan Fried Noodles",Veg
18287,"Prawn Pan Fried Noodles",Non-veg
18293,"Vegetable Saute Noodles",Veg
18295,"Chicken Saute Noodles",Non-veg
18296,"Prawn Saute Noodles",Non-veg
18297,"Mixed Saute Noodles",Non-veg
18298,"Vegetable Chilli Garlic Noodles",Veg
18300,"Mixed Chilli Garlic Noodles",Non-veg
18301,"Chicken Soya Ramen Noodles",Non-veg
18302,"Thai Yellow Curry Chicken Reman Noodles",Non-veg
18303,"Mixed Thai Yellow Curry Curry Ramen Noodles",Non-veg
18304,"Veg Soya Ramen Noodles",Veg
18305,"Veg Thai Yellow Curry Ramen Noodles",Veg
18307,"Vegetable Triple Schezwanfried Rice",Veg
18308,"Chicken Triple Schezwanfried Rice",Non-veg
18309,"Prawn Triple Schezwanfried Rice",Non-veg
18310,"Mixed Triple Schezwanfried Rice",Non-veg
18315,"Vegetable Chilli Garlic Fried Rice",Veg
18318,"Mixed Chilli Garlic Fried Rice",Non-veg
18319,"Vegetable Burnt Ginger Capsicum Fried Rice",Veg
18320,"Chicken Burnt Ginger Capsicum Fried Rice",Non-veg
18321,"Prawn Burnt Ginger Capsicum Fried Rice",Non-veg
18322,"Mixed Burnt Ginger Capsicum Fried Rice",Non-veg
18323,"Vegetable Schezwan Fried Rice",Veg
18325,"Prawn Schezwan Fried Rice",Non-veg
18326,"Mixed Schezwan Fried Rice",Non-veg
18327,"Vegetable Mongolian Rice",Veg
18329,"Prawn Mongolian Rice",Non-veg
18330,"Mixed Mongolian Rice",Non-veg
18331,"Steamed Basmati Rice",Veg
18333,"Jeera Pea Pulao",Veg
18336,"Paneer Chettinad Biryani",Veg
18337,"Lahori Murgh Biryani",Non-veg
18340,"Vegetable Mongolian Noodles",Veg
18341,"Chicken Mongolian Noodles",Non-veg
18342,"Prawn Mongolian Noodles",Non-veg
18343,"Mixed Mongolian Noodles",Non-veg
18348,"Naan Tomato Basil Chilli Garlic",Veg
18350,"Plain Chilli Garlic Naan",Veg
18353,"Laccha Pudina Paratha",Veg
18354,"Cheese Onion Paratha",Veg
18357,"Hot & Sour",Veg
18360,"Cream Of Tomato",Veg
18364,"Veg Manchurians",Veg
18367,"Chicken Lollipop (8 Piece)",Non-veg
18371,"Aloo Tikka Burger",Veg
18373,"Chicken Ceaser Salad",Non-veg
18374,"Hakka Noddles",Veg
18376,"Egg Hakka Noddles",Non-veg
18383,"Plain Omelette",Non-veg
18385,"Mushroom Kathi Roll",Veg
18387,"Chicken Tikka Kathi Roll",Non-veg
18388,"Egg Chicken Tikka Kathi Roll",Non-veg
18389,"Egg Kathi Roll",Non-veg
18390,"Double Egg Kathi Roll",Non-veg
18391,"Double Egg Chicken Kathi Roll",Non-veg
18392,"Chilly Chicken Kathi Roll",Non-veg
18400,"Gulab Jamun (2 Piece)",Veg
18401,"Veg Platter",Veg
18402,"Non-veg Platter",Non-veg
18403,"Chuza Afghani",Non-veg
18404,"Paneer Dahi Kabab [6 Pieces]",Veg
18405,"Paneer Achari Tikka [6 Pieces]",Veg
18406,"Aloo Achari Tikka [6 Pieces]",Veg
18407,"Tandoori Baby Corn [8 Pieces]",Veg
18408,"Tandoori Mushroom [8 Pieces]",Veg
18409,"Paneer Shahi Tikka [6 Pieces]",Veg
18410,"Paneer Chutney Wala [6 Pieces]",Veg
18411,"Murgh Achari Kabab [6 Pieces]",Non-veg
18412,"Murgh Lasooni Kebab [6 Pieces]",Non-veg
18413,"Murgh Anarkali Kabab [6 Pieces]",Non-veg
18414,"Murgh Malai Kabab [6 Pieces]",Non-veg
18415,"Murgh Shabnam Kabab [6 Pieces]",Non-veg
18416,"Murgh Dilruba Kabab [6 Pieces]",Non-veg
18418,"Chicken Tandoor",Non-veg
18420,"Masala Chai",Veg
18421,"Tandoori Chai",Veg
18422,"Chocolate Chai",Veg
18424,"Chocolate Coffee",Veg
18425,"Chocolate Coffee Chai",Veg
18426,"Strong Coffee",Veg
18428,"Strong Chai",Veg
18430,"Mac & Cheese French Fries",Veg
18432,"Chilli Garlic Toast",Veg
18433,"Cheese Chilli Garlic Toast",Veg
18437,Talumein,Veg
18441,"Cream Of Mushrooms",Veg
18442,"Lemon & Coriander",Veg
18447,"Chicken Talumien",Non-veg
18449,"Cream Of Chicken",Non-veg
18450,"Cream Of Mushroom",Non-veg
18451,"Chicken Lemon & Coriander",Non-veg
18453,"Mushroom With Buffalo Sauce",Veg
18454,"Paneeer With Buffalo Sauce",Veg
18455,"Honey Potato",Veg
18463,"Schezwan Mushroom",Veg
18464,"Green Chilli Paneer",Veg
18465,"Corny Crispy Veg",Veg
18470,"Buddha Delite",Veg
18471,"Veg Gold Corn",Veg
18474,"Chilly Corn Ball",Veg
18477,"Bbq Chicken Wings (8 Piece)",Non-veg
18478,"Chicken Buffalo Wings (8 Piece)",Non-veg
18479,"Honey Chicken",Non-veg
18480,"Honey Chicken Wings",Non-veg
18481,"Sausage Fry (Choice Of Sauce) Dry",Non-veg
18482,"Chilli Chickens",Non-veg
18483,"Chicken Manchurians",Non-veg
18492,"Chicken In Chilli Oyster Sauce",Non-veg
18493,"Fried Lollipop (Deep Fried) Kfc (2 Pieces)",Non-veg
18494,"Greeen Chilli Chicken",Non-veg
18495,"Chicken Latmeikai",Non-veg
18496,"Black Pepper Chicken",Non-veg
18497,"Tai Chen Chicken ( 8 Pieces)",Non-veg
18498,"Chicken Satay",Non-veg
18499,"Chicken In Red Curry Thai Basil Sauce",Non-veg
18501,"Crispy Fried Chilly Chicken (Fried)",Non-veg
18502,"Chickens In Oyster Sauce",Non-veg
18503,"Dynamite Chicken",Non-veg
18504,"Schezwan Chickens",Non-veg
18505,"Chilly Garlic Chicken",Non-veg
18506,"Bamboo Chicken",Non-veg
18507,"Malaysian Chicken",Non-veg
18510,"Veg Club Sandwich (Grilled)",Veg
18511,"Cheese Club Sandwich (Grilled)",Veg
18513,"Grilled Cheese Corn Sandwich",Veg
18514,"Jho5 Special Sandwich (Grilled)",Veg
18515,"Cheese Sandwich (Grilled)",Veg
18516,"Veg Cheese Grilledsandwich",Veg
18518,"Paneer Tikka Cheese Sandwich (Grilled)",Veg
18519,"Chily Mushroom Sandwich",Veg
18520,"Chill Mushroom Cheese Sandwich (G)",Veg
18521,"Bombay Sandwich (Grilled)",Veg
18522,"Peri Peri Veg Sandwich",Veg
18525,"Grilled Chicken Sandwich",Non-veg
18526,"Chicken Cheese Sandwich",Non-veg
18528,"Chilli Chicken Cheese Sandwich (g)",Non-veg
18529,"Chicken Tikka Cheese Sandwich (g)",Non-veg
18530,"Chicken Junglee Sandwich(g)",Non-veg
18531,"Bombay Chicken Sandwich (g)",Non-veg
18532,"Jh05 Special Chicken Sandwich (g)",Non-veg
18533,"Peri Peri Chicken Sandwich",Non-veg
18536,"Paneer Chilli Burger",Veg
18537,"Mushroom Chilli Burger",Veg
18539,"Double Cheese Veg Burger",Veg
18540,"Jh05 Special Veg Burger",Veg
18541,"Fried Burger (Choice Of Guest)",Veg
18545,"Egg Burger",Non-veg
18546,"Egg Chicken Burger",Non-veg
18547,"Egg Cheese Burger",Non-veg
18548,"Egg Chicken Cheese Burger",Non-veg
18549,"Chilli Chicken Cheese Burger",Non-veg
18550,"Jh05 Special Burger",Non-veg
18551,"Veg Ceaser Salad",Veg
18552,"Tossed Salad",Veg
18553,"Russain Salad",Veg
18555,"Chinese Salad",Veg
18557,"Chicken Salad With 3 Pepper",Non-veg
18559,"Chicken Cold Salad",Non-veg
18563,"Burnt Garlic Noodles",Veg
18564,"Manchurian Noodles (Gravy)",Veg
18566,"Pad Thai Noodles",Veg
18568,"Singapoori Noodles",Veg
18570,"Veg Thai Noodles",Veg
18574,"Chicken Schezwan Noodels",Non-veg
18575,"Chicken Pan Fried Noodels",Non-veg
18578,"Chicken Shanghai Noodles",Non-veg
18579,"Egg Burnt Garlic Nooodels",Non-veg
18580,"Chillli Garlic Noodles (Chicken)",Non-veg
18581,"Chicken Singapuri Noodels",Non-veg
18582,"Egg Singapuri Noodles",Non-veg
18584,"Chicken Pan Fried Choices Of Sauce",Non-veg
18585,"Prawn Hakka Noddles",Non-veg
18586,"Mix Hakka Noddles (Egg, Chicken&Prawn)",Non-veg
18587,"Chicken Thai Noddels",Non-veg
18588,"Chicken Pad Thai Noddles",Non-veg
18595,"Hong Kong Fried Rice",Veg
18596,"Yancow Fried Rice",Veg
18597,"Singapuri Fried Rice",Veg
18604,"Spring Chicken Fried Rice",Non-veg
18605,"Burnt Garlic Fried Rice (Chicken)",Non-veg
18606,"Burnt Ginger Fried Rice (Chicken)",Non-veg
18607,"Hongkong Fried Rice (Chicken)",Non-veg
18608,"Yancow Fried Rice (Chicken)",Non-veg
18609,"Singapuri Chicken Fried Rice",Non-veg
18611,"Mix Fried Rice (Egg, Chicken, Prawn)",Non-veg
18612,"Veg Butter Garlic",Veg
18613,"Hot Garlic Veg",Veg
18614,"Veg In Black Pepper Sauce",Veg
18615,"Veg In Oyster Sauce",Veg
18616,"Veg Thai Red Curry",Veg
18617,"Veg Thai Green Curry",Veg
18618,"Vge Kungpao",Veg
18619,"Veg In Schezwan Sauce",Veg
18624,"Butter Garlic Chicken",Non-veg
18625,"Chicken In Hot Garlic Veg",Non-veg
18626,"Chicken In Black Pepper",Non-veg
18631,"Sweet & Sour Honey Chicken",Non-veg
18632,"Chicken In Red Curry",Non-veg
18633,"Chicken In Green Curry",Non-veg
18635,"Masala Omelette",Non-veg
18636,"Sunny Side Up (Fry Poach)",Non-veg
18637,"Chicken Omelette",Non-veg
18638,"Cheese Omelette",Non-veg
18639,"Chicken Cheese Omlette",Non-veg
18640,"Mushroom Omelette",Non-veg
18641,"Jho5 Special",Non-veg
18646,"Mushroom Chilli Roll",Veg
18648,"Cottage Cheese Corn Roll",Veg
18649,"Chimichanga Roll",Veg
18656,"Schezwan Chicken Roll",Non-veg
18662,"Egg Chicken Maggi",Non-veg
18663,"Soupy Maggi",Veg
18664,"Veg Fried Maggi",Veg
18665,"Egg Fried Maggi",Non-veg
18666,"Chicken Fried Maggi",Non-veg
18667,"Egg Chicken Fried Maggi",Non-veg
18669,"Cheese Masala Maggi",Veg
18670,"Egg Cheese Masala Maggi",Non-veg
18671,"Egg Chicken Cheese Masala Maggi",Non-veg
18672,"Chicken Cheese Masala Maggi",Non-veg
18673,"Extra Veg Cheese Masala Maggi",Veg
18679,"Chocolate Brownie Shake",Veg
18685,"Classic Mojito",Veg
18686,"Masala Soda",Veg
18688,"Vanilla (2 Scoop)",Veg
18689,"Chocolate (2 Scoop)",Veg
18690,"Strawberry (2 Scoop)",Veg
18692,"Gulab Jamun With Ice Cream",Veg
18694,"Tom Kha Soup",Veg
18695,"Lemon & Coriander Soup",Veg
18696,"Tibetan Thukpa Bowl",Veg
18698,"Cream Of Peas",Veg
18700,"Prawn Chicken",Non-veg
18703,"Tom Yum Soup",Veg
18704,"Tomato Egg Drop",Non-veg
18709,"Aloo Angara",Veg
18710,"Mini Burger",Veg
18712,"Rajasthani Paneer Tikka",Veg
18715,"Dragon Rolls",Veg
18716,"Basil Garlic Paneer",Veg
18717,"Mexican Potato Skins",Veg
18719,"Corn Cheese Trangle",Veg
18721,"Kolkata Khati Roll",Veg
18722,"Mushroom A La Olio",Veg
18724,"Paneer Lollypop",Veg
18725,"Paneer Tikka Chutney",Veg
18726,"Paneer Tikka Malai",Veg
18727,"Piccino Pizzas",Veg
18728,Quesadilla,Veg
18729,"San Francisco Rolls",Veg
18731,"Tandoori Stuffed Mushroom",Veg
18732,"Tandoori Veg Platter",Veg
18733,"Veg Shredded Drums",Veg
18735,"Buffalo Chicken Wings",Non-veg
18738,"Chicken Kung Pao",Non-veg
18741,"Murgh Abu Chilly Kebab",Non-veg
18744,"Pan Fried Chilly Fish",Non-veg
18745,"Dragon Prawn",Non-veg
18746,"Golden Fried Prawn",Non-veg
18747,"Prawn Satay",Non-veg
18748,"Chicken Croquettes",Non-veg
18749,"Chermoula Chicken",Non-veg
18752,"Kaffir Lime Fried Chicken",Non-veg
18753,"Stuffed Tangri Kebab",Non-veg
18754,"Beer Battered Fish",Non-veg
18755,"Ajaini Fish Tikka",Non-veg
18756,"Chicken Nachos",Non-veg
18759,"Fish Piccata",Non-veg
18760,"Tadke Wali Murgh Tikka",Non-veg
18762,"Tandoori Chilly Chicken",Non-veg
18763,"Tandoori Non-veg Platter",Non-veg
18768,"Crispy Chilly Chana",Veg
18770,"Popcorn Chicken",Non-veg
18771,"American Corn With Butter & Garlic",Veg
18773,"Chakhna Box",Veg
18775,"Chilly Toast",Veg
18776,"Kolkata-chinese Bhel",Veg
18777,"Onion Rings",Veg
18778,"Roasted Cashew",Veg
18780,"Paneer Chilly Pizza",Veg
18781,"Spicy Chicken Tikka Pizza",Non-veg
18782,"Achari Chicken Pizza",Non-veg
18783,"Balado Chicken Pizza",Non-veg
18784,"Chicken Hot Max Pizza",Non-veg
18785,"Classic Margherita",Veg
18786,"Crispy American Corn Pizza",Veg
18787,"Rarm House Pizza",Veg
18788,"Hawaiian Pizza",Veg
18789,"Pesto Chicken Pizza",Non-veg
18790,"Pizza Indiano",Veg
18791,"Pizza Pugliese",Veg
18792,"Non-veg Pasta",Non-veg
18794,"Pav Bhaji Fondue",Veg
18799,"Veg Picassa",Veg
18800,"Paneer Steak With Bbq Sauce",Non-veg
18801,"Cottage Cheese Steak With Mushroom Sauce",Non-veg
18802,"Prawn Skewers With Lemon Butter Sauce",Non-veg
18803,"Chicken Skewers With Barbeque Sauce",Non-veg
18804,"Chicken Au Gratin",Non-veg
18805,"Chicken Lasagne",Non-veg
18806,"Chicken Stick",Non-veg
18807,"Fajita Chicken Bowl",Non-veg
18808,"Green Veg With Cheest & Creamy Sauce",Veg
18809,"Grilled Chicken In Choice Of Sauce",Non-veg
18810,"Grilled Fish With Lemon Capers Sauce",Non-veg
18811,"Sauteed Exotic Vegetables",Veg
18812,"Veg Lasagne",Veg
18814,"Exotic Veg",Veg
18815,Mushroom,Veg
18819,Fish,Non-veg
18820,Prawn,Non-veg
18821,"Firangi Vegetable",Veg
18829,"Subz Lagan Ka Mela",Veg
18831,"Veg Darbari",Veg
18836,"Murgh Musallam",Non-veg
18837,"Dhaba Murgh Curry",Non-veg
18838,"Murgh Lababdar",Non-veg
18842,"Fish Kaliya",Non-veg
18843,"Sarson Fish Curry",Non-veg
18847,"Kadhai Prawn",Non-veg
18848,"Machali [fish]",Non-veg
18849,"Mughlai Malai Prawn  Curry",Non-veg
18853,"Dhaba Dal Tadka",Veg
18855,"Haryali Dal Tadka",Veg
18858,"Peshawari Naan",Veg
18864,"Roti Ki Tokari",Veg
18866,"Tawa Phulka",Veg
18870,"Sofiyani Veg Pulao",Veg
18874,"Anda Biryani",Non-veg
18876,"Cantonese Fried Rice",Veg
18877,"Chilly Garlic Fried Rice",Veg
18881,"Manchurian Fried Rice",Veg
18882,"Mangolian Noodles",Veg
18883,"Mix Hakka Noodle",Non-veg
18887,"Singapore Fried Rice",Veg
18888,"All American Cheese Burger",Veg
18890,"Classic Veggie Burger",Veg
18891,"Paneer Steak Burger",Non-veg
18893,"Mexican Chicken Burger",Non-veg
18895,"Chicken Steak Burger",Non-veg
18903,"Browne Fudge",Veg
18904,"Browne With Ice Cream",Veg
18905,"Choice Of Ice Cream",Veg
18906,"Hot Gulab Jamun With Ice Cream",Veg
18907,"Pista Special Thick Shake",Veg
18908,"AADD Mild Choco Shake",Veg
18909,"AADD Bitter Choco Shake",Veg
18910,"AADD Oreo Choco Shake",Veg
18911,"AADD Ferrero Choco Shake",Veg
18912,"AADD Tender Coconut Choco Shake",Veg
18913,"Butter Scotch ThickShake",Veg
18914,"Custard Apple Thick Shake",Veg
18916,"Strawberry Thick shake",Veg
18918,"Anjeer Special Thick Shake",Veg
18919,"Raspberry Thick Shake",Veg
18920,"Rasmalai Thick Shake",Veg
18923,"Pineapple Special Thick Shake",Veg
18924,"Vanilla Thick shake",Veg
18927,"Kiwi Thick Shake + vanilla ice cream",Veg
18928,"Mix Fruit Thick Shake",Veg
18929,"Blueberry ThickShake",Veg
18930,"Rasmalai Shake + Rajbhog Ice Cream",Veg
18931,"Banana ThickShake + Strawberry Ice Cream",Veg
18932,"Guava Shake + Tuitty Fruity",Veg
18933,"Vanilla Shake + Chocolate Ice Cream",Veg
18934,"Vanilla Shake + Vanilla Ice Cream",Veg
18935,"Butter Scotch Shake + Butter Scotch Ice Cream",Veg
18936,"Mango Shake + Mango Ice Cream",Veg
18937,"Litchi Shake+Vanilla Ice Cream",Veg
18938,"Litchi Shake+Strawberry Ice Cream",Veg
18939,"Pineapple Shake + Strawberry Ice Cream",Veg
18940,"Mix Fruity Shake + Tutty Fruity Ice Cream",Veg
18941,"Strawberry Shake + Strawberry Ice Cream",Veg
18942,"Kesar Pista Shake + Kesar Pista Ice Cream",Veg
18943,"Rose Shake + Strawberry Ice Cream",Veg
18944,"Blueberry Berry Shake+ Black Current Ice",Veg
18945,"Kiwi Shake + Customise Ice Cream",Veg
18946,"Custard Apple Shake + Vanilla Ice Cream",Veg
18947,"Anjeer ThickShake + butter scotch Ice Cream",Veg
18948,"Raspberry Thick Shake + Rajbhog icecream",Veg
18949,"Raspberry Shake + Strawberry Ice Cream",Veg
18952,"AADD White Choco Shake Special",Veg
18953,"AADD Day & Night Choco Shake",Veg
18954,"AADD Snicker Choco Shake",Veg
18957,"AADD Kitkat Choco Shake",Veg
18959,"AADD Dry Fruit Choco Shake",Veg
18960,"AADD Cold Coffee Regular",Veg
18961,"AADD Cold Coffee Strong",Veg
18962,"Hershey's Kisses Caramel Ice cream",Veg
18963,"Gold Medal Ribbon Ice cream",Veg
18964,"Fresh Very Berry Strawberry Ice cream",Veg
18965,"Red Velvet Roll Cake",Veg
18966,"My Mom is an Alien",Veg
18968,"Bavarian Chocolate Ice cream",Veg
18969,"Mint Milk Chocolate Chips Ice cream",Veg
18970,"Three cheers chocolate Ice cream",Veg
18972,"Winter Tiramisu",Veg
18973,"Honey Nut Crunch Ice cream",Veg
18974,"Splish Splash Ice cream",Veg
18975,"Pralines 'N Cream Ice cream",Veg
18976,"Fresh Fruit Very Berry Strawberry Ice cream",Veg
18988,"Chicken Manchow Soups",Non-veg
18989,"Soyabean Chilli",Veg
18990,"Crispy Chilly Baby Corn",Veg
18991,"Paner '65'",Veg
19001,"Peas Pulao (basmati)",Veg
19002,"Jeera Rice (basmati)",Veg
19003,"Plain Rice (basmati )",Veg
19005,"Vegetable Biryani",Veg
19011,"Jeera Alu",Veg
19014,"Paneer Tkka Lababdaar",Veg
19018,"Chicken Kadahi",Non-veg
19021,"Matka Chicken",Non-veg
19026,"Plain Naaan",Veg
19028,"Manchow Soups",Veg
19029,"Sweet Corn Soups",Veg
19030,"Hot N Sour Soups",Veg
19032,"Chicken Sweet Corn Soups",Non-veg
19033,"Chicken Hot N Sour Soups",Non-veg
19035,"Babycorn With Mushroom Chilly",Veg
19037,"American Corn Salt-n-paper",Veg
19040,"Fish Fry (bone 4 Pcs)",Non-veg
19043,"Crunchy Crispy Chicken",Non-veg
19046,"Paneer Haryali Tikka",Veg
19048,"Paneer Garliic",Veg
19052,"Mushroom Schezuan (gravy)",Veg
19053,"Mushroom Manchurian (gravy)",Veg
19054,"Mushroom Manchurian (dry)",Veg
19055,"Mushroom Chilly (gravy)",Veg
19056,"Mushroom Chilly (dry)",Veg
19059,"Chicken Schezuan",Non-veg
19060,"Chicken Garliic",Non-veg
19061,"Chicken Ginger",Non-veg
19063,"Chilly Chicken (boneless)",Non-veg
19065,"Vegetable Schezuan Fried Rice",Veg
19066,"Vegetable Spring Rice",Veg
19067,"Vegetable Mixed Fried Rice",Veg
19069,"Chicken Schezuan Rice",Non-veg
19071,"Egg Fry Rice",Non-veg
19075,"Paneer Hakka",Veg
19076,"Veg Mixed Hakka",Veg
19077,"Veg Schezuan Hakka",Veg
19079,"Chicken Choupsey",Non-veg
19080,"Chicken Schezuan Hakka",Non-veg
19084,"Vegetable Pulao (basmati)",Veg
19090,"Egg Biryaani",Non-veg
19094,"Dal Hydrabadi",Veg
19096,"Mixed Dal Tadka",Veg
19098,"Daal Makhani",Veg
19099,"Daal Makhani (sapphire Special)",Veg
19100,"Vegetable Diwani Handi",Veg
19101,"Matka Veg",Veg
19104,"Veg Jhal Frazy",Veg
19110,"Dum Alu",Veg
19121,"Paneer Khumbh Lazizz",Veg
19122,Mushroom-do-pyaaza,Veg
19126,"Punjabi Murg Musallam",Non-veg
19128,Chicken-do-pyaza,Non-veg
19139,"Egg - Do- Pyaaza",Non-veg
19143,"Tandori Alu Paratha",Veg
19144,"Butter Naaan",Veg
19146,"Butter Tandori Roti",Veg
19147,"Plain Tandori Roti",Veg
19150,"Pine Apple Raita",Veg
19152,"Salad Onion",Veg
19153,"Green Salaad",Veg
19157,"Handi Chicken Biryani",Non-veg
19158,"Handi Veg Biryani",Veg
19164,"Butter Cheese Omlete",Non-veg
19166,"Boiled Egg [2pcs]",Non-veg
19170,"Channa Chilli",Veg
19174,"Veggies Pakora",Veg
19184,"Veg Hot and Sour Soup",Veg
19186,"Sweet Corn Veg Soup",Veg
19187,"Sweet Corn Non Veg Soup",Non-veg
19190,"Cheesy Veg Maggi",Veg
19192,"Cheese Chicken Maggi",Non-veg
19193,"Schezwan Veg Maggi",Veg
19194,"Schezwan Chicken Maggi",Non-veg
19198,"Chicken Dopyaaza",Non-veg
19200,"Egg Dopyaaza",Non-veg
19204,"Chicken Bhuna Masala",Non-veg
19208,"American Corn Masala",Veg
19210,"Paneer Dopyaaza",Veg
19212,"Mushroom Dopyaaza",Veg
19214,"Aloo Dopyaaza",Veg
19217,"Dum Aloo Masala",Veg
19222,"Aloo Bhujiya Dry",Veg
19231,"Chicken Hyd Dum Biryani",Non-veg
19241,"Mixed Fried Rice Non Veg",Non-veg
19243,"Veg Paneer Sandwich",Veg
19246,"Tawa Butter Roti",Veg
19247,"Pain Paratha",Veg
19249,"Abu Chilly Soya Chap",Veg
19250,"Malai Soya Chap",Veg
19251,"Tandoori Soya Chap",Veg
19253,"Chicken Cutlet",Non-veg
19263,"B B Q Chicken Roll",Non-veg
19272,"Chicken Momo Malai Tikka",Non-veg
19273,"Chicken Momo Creamy",Non-veg
19274,"Chicken Momo Crunchy",Non-veg
19275,"Chicken Momo Tandoori",Non-veg
19276,"Veg Momo Platter",Veg
19277,"Veg Momo Malai Tikka",Veg
19278,"Veg Momo Crunchy",Veg
19279,"Chicken Lemon Coriender Soup",Non-veg
19280,"Chicken Taliemun Soup",Non-veg
19286,"Hot &Sour Veg",Veg
19292,"Lemon Coriender Veg",Veg
19293,"Prawn Butter Garlic",Non-veg
19297,"Sechzwan Fish",Non-veg
19299,"Fish Hot Garlic Corriender",Non-veg
19300,"B B Q Fish",Non-veg
19301,"Fish Hot Garlic",Non-veg
19302,"Fish Ginger Dry / Gravy",Non-veg
19303,"Fish Manchurian Dry/gravy",Non-veg
19305,"Pan Fried Chily Chicken",Non-veg
19307,"Crispy Honey Chilly Chicken",Non-veg
19312,"Chicken Butter Garlic Gravy",Non-veg
19313,"Shanghai Chicken Dry",Non-veg
19314,"Sechzwan Chicken",Non-veg
19315,"Chicken Hot Garlic Corriender",Non-veg
19316,"Chicken B B Q",Non-veg
19319,"Chicken Garlic Manchurian Dry/gravy",Non-veg
19321,"Channa Chilly Salt & Pepper",Veg
19322,"Channa Chilly",Veg
19323,"Baby Corn & Mushroom Salt & Pepper",Veg
19324,"Baby Corn & Mushroom Chilly",Veg
19327,"Roasted Paneer Chilly Dry",Veg
19332,"Sechzwan Paneer",Veg
19333,"Paneer Hot Garlic Corriender Dry",Veg
19334,"Paneer Bbq",Veg
19335,"Dragon Paneer Dry",Veg
19337,"Paneer Machurian",Veg
19339,"Paneer Chilly Dry",Veg
19340,"Paneer Chilly Gravy",Veg
19343,"Chicken Chilly Gravy",Non-veg
19346,"Mushroom Salt  & Pepper",Veg
19351,"Soya Chilly Dry",Veg
19352,"Soya Chilly Gravy",Veg
19353,"Honey Roasted Chilly Chicken",Non-veg
19355,"Chicken Ginger Dry / Gravy",Non-veg
19361,"Butter Dal Fry Yellow",Veg
19364,"Veg  Kofta",Veg
19367,"Navratan Karma",Veg
19376,"Paneer Kolaprui",Veg
19377,"Butter Paneer Original",Veg
19382,"Paneer Do Pyazaa",Veg
19393,"Mutter Mushroom Masala",Veg
19394,"Paneer Tikka Butter Masala (6 Pcs)",Veg
19397,"Fish Kalimirch Tikka",Non-veg
19398,"Fish Kasundi Tikka",Non-veg
19399,"Fish Malai Tikka",Non-veg
19400,"Murg Chandani Kabab",Non-veg
19401,"Tangri Kabab 2 Pcs",Non-veg
19402,"Stuff Tangri Kabab 2 Pcs",Non-veg
19404,"Murg Mastana Kabab",Non-veg
19405,"Lasuni Tikka",Non-veg
19407,"Chicken Hydrabadi Tikka",Non-veg
19409,"Abu Chilly Kabab",Non-veg
19411,"Chicken Sholay Kabab",Non-veg
19412,"Chicken Hari Mirch Bone",Non-veg
19413,"Boti Kabab",Non-veg
19415,"Veg Seekh Kabab",Veg
19416,"Harabhara Cheese Kabab",Veg
19417,"Veg Sammi Kabab",Veg
19418,"Paneer Khas Tikka",Veg
19419,"Paneer Pudina",Veg
19421,"Paneer Bharua Tikka",Veg
19422,"Paneer Tikka Hydrabadi",Veg
19425,"Paneer Ajwani Tikka",Veg
19429,"Murg Achari Tikka",Non-veg
19431,"Chicken Patiyala Seek Kabab",Non-veg
19435,"Bt Chicken Original",Non-veg
19439,"Chicken Kolapuri",Non-veg
19443,"Chicken Chingari Extra Spicy",Non-veg
19454,"Chicken Butter Masala (Bone)",Non-veg
19461,"Egg Kadai",Non-veg
19462,"Tandoor Roti Butter",Veg
19463,"Naan Plain",Veg
19464,"Naan Butter",Veg
19468,"Stuff Naan Butter",Veg
19479,"Egg Chilly Garlic Fried Rice",Non-veg
19480,"Egg Sechzwan Fried Rice",Non-veg
19483,"Chicken Sechzwan Fried Rice",Non-veg
19484,"Chicken Chilly Garlic Fried Rice",Non-veg
19488,"Veg Sechzwan Rice",Veg
19489,"Veg Chilly Garlic Rice",Veg
19491,"Egg Chowmine Gravy",Non-veg
19493,"Egg Chilly Garlic Noodles",Non-veg
19495,"Chicken Chowmine Gravy",Non-veg
19496,"Chicken Sechzwan Noodles",Non-veg
19497,"Chicken Chilly Hakka Noodles",Non-veg
19498,"Mix Chicken Hakka Noodles",Non-veg
19500,"Veg Chowmine Gravy",Veg
19501,"Veg Sechzwan Noodles",Veg
19512,"Chicken Mix Fried Rice",Non-veg
19515,"Chicken Tikka Dum Biryani",Non-veg
19518,"Veg Chopsi",Veg
19519,"Chicken Chopsi",Non-veg
19520,"American Chicken Chopsi",Non-veg
19521,"Mix American Chopsi( Liver,Prawn,Chicken)",Non-veg
19528,"Strawbeery Lassi",Veg
19529,"Vanilla Ice Cream Lassi [Scoop Ice Cream1]",Veg
19530,"Vanilla Ice Cream Lassi  [ 2 Scoop Ice Cream]",Veg
19531,"Butter Scoth Ice Cream Lassi [1 Scoop Ice Cream]",Veg
19532,"Butter Scoth Ice Cream Lassi  [2 Scoop Ice Cream]",Veg
19533,"Chocolate Ice Cream Lassi [1 Scoop Ice Cream]",Veg
19534,"Chocolate Ice Cream Lassi [ 2 Scoop Ice Cream]",Veg
19535,"Rooh Afza Lassi ][250ml]",Veg
19536,"Masala Chanachur (1 Kg)",Veg
19537,"Sada Chanachur (1 Kg)",Veg
19539,"Mixed Chanachur (1 Kg)",Veg
19540,"Dalmot Chanachur (1 Kg)",Veg
19541,"Sev (1 Kg)",Veg
19542,"Gathia (1 Kg)",Veg
19550,"Mini Singara (1 Kg)",Veg
19551,"Mini Kachori (1 Kg)",Veg
19552,"Badam Pakora (1 Kg)",Veg
19553,"Moongdal (1 Kg)",Veg
19554,"Sonpapri (1 Kg)",Veg
19555,"Chana Chatpati (1 Kg)",Veg
19556,"Soyastick (1 Kg)",Veg
19557,"Kaju Biscuit (1 Kg)",Veg
19558,"Nimki (1 Kg)",Veg
19559,"Methi Mathi (1 Kg)",Veg
19560,"Bundi (1 Kg)",Veg
19561,"Shakar Palla (1 Kg)",Veg
19562,"Chura (1 Kg)",Veg
19563,"Banana Chips (1 Kg)",Veg
19564,"Masala Chips (1 Kg)",Veg
19565,"Potato Chips (1 Kg)",Veg
19566,"Salted Cashew (1 Kg)",Veg
19567,"Salted Kaju (500 grams)",Veg
19569,"Banana chips (500 Grams)",Veg
19571,"Nimki (500 Grams )",Veg
19572,"Soya Stick (400 Grams)",Veg
19574,"Badam Pakoda (500 Grams)",Veg
19575,"Masala Roll (500 Grams)",Veg
19576,"Mini Kachori",Veg
19580,"Dalmot Chanchur (500 Grams)",Veg
19582,"Sweet Chanachur",Veg
19583,"Sada Chanachur",Veg
19584,"Chanachur Masala (500 Grams)",Veg
19588,"Chura (250 Grams)",Veg
19589,"Nimki (250 Grams)",Veg
19591,"Moong Dal  (250 gm)",Veg
19594,"Mini Singhara (250 Grams)",Veg
19597,"Dalmot Chanachur (250 Grams)",Veg
19598,"Mix Chanachur (250 Grams)",Veg
19599,"Sweet Chanachur (250 Grams)",Veg
19600,"Sada Chanachur (250 Grams)",Veg
19601,"Chanachur Masala (250 Grams)",Veg
19602,"Veg Paprika",Veg
19603,"Paneer Shah Jahani",Veg
19604,"Chicken Onkhano",Non-veg
19605,"Alpha Chicken",Non-veg
19606,"Chicken Creamy Tango",Non-veg
19607,"Chicken Involtini",Non-veg
19611,"Tuscany Grilled Chicken With Rice",Non-veg
19615,"Chicken Marasha",Non-veg
19616,"Chicken Paprika",Non-veg
19617,"Chicken Steak With Herb Rice And Sauteed Veggies",Non-veg
19619,"Chicken Tex Mex",Non-veg
19620,"Continental Rice With Creamy Chicken Casserole",Non-veg
19621,"Grilled Chicken Breast With Coriander Rice",Non-veg
19622,"Grilled Chicken Parmesan",Non-veg
19625,"Grilled Basha With Cilantro And Savtedveggie And Herb Rice",Non-veg
19629,"Veg Nachos",Veg
19630,"Pesto Grilled Chicken",Non-veg
19634,"Grilled Fish With Roquefort Sauce",Non-veg
19635,"Harissa Grilled Chicken",Non-veg
19636,"Lemon Chicken Piccata",Non-veg
19637,"Scampi Chicken",Non-veg
19638,"Spaghetti Corn Balls",Veg
19643,"Spinach Cottage Cheese Pizza",Veg
19647,"Paneer Lollipop",Veg
19648,"Oriental Chilli Paneer",Veg
19655,"Pan Fried Chicken",Non-veg
19658,"Mushroom Crostini",Veg
19662,"Barbecue Paneer",Veg
19664,"Chicken In Barbecue Sauce",Non-veg
19673,"Paneer Shashlik",Veg
19674,"Roasted Lamb With Cheese Pepper Sauce",Non-veg
19675,"Smoked Steak Chicken",Non-veg
19676,"Tai Pai Chilli Chicken",Non-veg
19681,"Lemon Chicken Gravy",Non-veg
19683,"Chicken In Hot Garlic Sauce Gravy",Non-veg
19685,"Exotic Veg In Chilli Garlic Sauce",Veg
19686,"Mushroom Gravy",Veg
19688,"Schezwan Chilli Chicken Gravy",Non-veg
19696,"Chicken Mix Spring Rice",Non-veg
19710,"Chicken Cantonese Noodles",Non-veg
19712,"Veg Mongolian Noodles",Veg
19714,"Mixed Gravy Noodles",Veg
19720,"Chicken Alfredo Pasta",Non-veg
19721,"Chicken Nepoletana Pasta",Non-veg
19722,"Chicken Pink Sauce Pasta",Non-veg
19723,"Pasta Di Nero",Veg
19724,"Pink Sauce Pasta",Veg
19725,"Spaghetti Bolognese",Veg
19727,"Nepoletana Pasta (red)",Veg
19728,"All Veggie Madness Pizza",Veg
19729,"Barbecue Chicken Pizza",Non-veg
19731,"Chicken Crowded Pizza",Non-veg
19732,"Chicken Extravaganza Pizza",Non-veg
19733,"Double Cheese Margherita Pizza",Veg
19734,"Farmers Market Pizza",Veg
19735,"Magic Mushroom Pizza",Veg
19737,"Classic Veg Burger",Veg
19739,"Veg Schezwan Burger",Veg
19740,"Classic Chicken Burger",Non-veg
19741,"Double Cheese Chicken Burger",Non-veg
19742,"Chicken Schezwan Burger",Non-veg
19744,"Cheese Veg Sandwich",Veg
19745,"Cheese Chicken Sandwich",Non-veg
19746,"Chicken Chilli Sandwich",Non-veg
19747,"Special Italian Sandwich",Veg
19748,"Classic Veg Sandwich",Veg
19749,"Paneer And Corn Sandwich",Veg
19757,"Chicken Hot And Sour Soup",Non-veg
19762,"Veg Burnt Garlic Soup",Veg
19763,"Non Veg Caesar Salad",Non-veg
19764,"Non Veg Mexican Corn And Bean Salad",Non-veg
19769,"The Food Circus Special Chicken Maggi",Non-veg
19770,"The Food Circus Special Veg Maggi",Veg
19776,"Black Coke",Veg
19778,"The Food Circus Special Masala Cold Beverage",Veg
19779,"White Coke",Veg
19780,"Classic Cold Coffe",Veg
19781,"Aam Panna",Veg
19784,"Orange Soda",Veg
19786,"Choco Pie Shake",Veg
19788,"Caramel Shake",Veg
19789,"The Food Circus Special Oreo Shake",Veg
19790,"Kitkat Shakes",Veg
19791,"Chicken Burrito",Non-veg
19792,"Chicken Enchiladas",Non-veg
19793,"Chicken Quesadilla",Non-veg
19794,"Veg Burrito",Veg
19795,"Veg Enchiladas",Veg
19798,"Cauliflower Bites",Veg
19799,"Cilantro Chicken Fillets",Non-veg
19800,"Cottage Cheese Shaslik",Veg
19801,"Jalepeno Poppers",Veg
19802,"Spicy Sambal Mushroom",Veg
19803,"Veg Chilli Garlic Noodles With Chilli Paneer",Veg
19804,"Veg Chilli Garlic Noodles With Veg Manchurian",Veg
19805,"Veg Fried Rice With Chilli Paneer Gravy",Veg
19806,"Veg Fried Rice With Schezwan Paneer Gravy",Veg
19808,"Veg Hakka Noodles With Chilli Paneer Gravy",Veg
19809,"Veg Hakka Noodles With Veg Manchurian",Veg
19810,"Chicken Chilli Garlic Noodles With Chilli Chicken",Non-veg
19811,"Chicken Fried Rice With Chicken Manchurian",Non-veg
19812,"Chicken Fried Rice With Chilli Chicken Gravy",Non-veg
19813,"Chicken Hakka Noodles With Chicken Manchurian",Non-veg
19814,"Chicken Hakka Noodles With Chilli Chicken Gravy",Non-veg
19815,"Mixed Fried Rice With Chilli Prawns",Non-veg
19816,"Mixed Hakka Noodles With Chilli Prawns",Non-veg
19817,"Mixed Hakka Noodles With Fish Chilli",Non-veg
19818,"Crunchy Veg Burger",Veg
19819,"Crunchy Veg Tandoori Burger",Veg
19820,"Crunchy Veg Hot Chilly Burger",Veg
19821,"Crunchy Chicken Burger",Non-veg
19822,"Crunchy Chicken Tandoori Burger",Non-veg
19823,"Crunchy Chicken Hot Chilly Burger",Non-veg
19824,"Chicken tikka",Non-veg
19825,"Tandoori chicken",Non-veg
19826,"Paneer butter masala",Veg
19827,"Kadhai paneer",Veg
19828,"Paneer do pyaza",Veg
19829,"Amritsari chicken masala",Non-veg
19830,"Chicken keema masala (full)",Non-veg
19831,"Chicken tikka curry",Non-veg
19832,"Chicken kasa",Non-veg
19833,"Paneer chilli",Veg
19834,"Veg manchurian",Veg
19835,"Chicken tikka chilli",Non-veg
19836,"Chicken chilli bone",Non-veg
19837,"Chicken chilli boneless",Non-veg
19838,"Chicken manchurian",Non-veg
19839,"Plain rice (full)",Veg
19840,"Jeera rice (full)",Veg
19841,"Veg fried rice (full)",Veg
19842,"Chicken fried rice (full)",Non-veg
19843,"Egg fried rice (full)",Non-veg
19844,"Plain paratha (full)",Veg
19845,"Egg paratha (single)",Non-veg
19846,"Egg paratha (double)",Non-veg
19847,"Amul Chocalate Barfi",Veg
19848,"Anjeer Dry Barfi",Veg
19849,"Basanti Bhog",Veg
19850,"Besan Dry Fruit Laddu",Veg
19851,"Bhell Patisha",Veg
19852,"Bombay Roll",Veg
19853,Bundi,Veg
19854,"Chandra Kala",Veg
19855,"Chena Apple",Veg
19856,"Chena Ch. Roll",Veg
19857,"Chena Dil",Veg
19858,"Chena Jelabi",Veg
19859,"Chena Murgi",Veg
19860,"Chena Toast",Veg
19861,"Chocolate Disco",Veg
19862,"Chocolate Fruit Roll",Veg
19863,"Chocolate Khajur Roll",Veg
19864,Chokori,Veg
19865,"Chowmin Roll",Veg
19866,"Cream Kalajamun",Veg
19867,"Cream Lemcha",Veg
19868,"Cream Pakija",Veg
19869,"Cut Chop",Veg
19870,Danadar,Veg
19871,Decoration,Veg
19872,"Dhai Bada",Veg
19873,Dhai,Veg
19875,Disco,Veg
19876,"Dry Cham Cham",Veg
19877,"Dry Gulab Jamun",Veg
19878,Frooti,Veg
19879,"Ghee Besan Laddu",Veg
19880,"Ghee Gulab Jamun",Veg
19883,"Gond Laddu",Veg
19884,Gujia,Veg
19885,"Irani Barfi",Veg
19888,"Kaju Dimond",Veg
19889,"Kaju Roll",Veg
19890,"Kaju Sweet Corn",Veg
19891,Kalajamun,Veg
19893,"Kamla Bhog",Veg
19894,"Kesar Bati",Veg
19895,"Kesar Peda",Veg
19896,"Kesar Special Cham Cham",Veg
19897,"Khejur Roll",Veg
19898,"Khir Kadam",Veg
19899,"Khowa Apple",Veg
19900,"Khowa Bati",Veg
19901,"Khowa Chocolate Barfi",Veg
19902,"Khowa Chocolate Roll",Veg
19903,"Khowa Dil",Veg
19904,"Khowa Fruirt Roll",Veg
19905,"Khowa Fruit Barfi",Veg
19906,"Khowa Hina",Veg
19907,"Khowa Kesar Pista Cake",Veg
19908,"Khowa Kulfi",Veg
19909,"Khowa Mango Barfi",Veg
19910,"Khowa Pan",Veg
19911,"Khowa Roll",Veg
19912,Khowa,Veg
19913,Laddu,Veg
19914,"Lal Peda",Veg
19916,Lemcha,Veg
19917,"Malai Chop",Veg
19918,"Man Pasand",Veg
19919,"Mawa Laddu",Veg
19921,"Milk Masoor Pak",Veg
19922,"Mini Danadar",Veg
19923,"Mini Gulabjamun",Veg
19924,"Mini Matthi",Veg
19925,"Mini Peda",Veg
19926,"Normal Besan Laddu",Veg
19928,Patal,Veg
19929,Patisha,Veg
19930,"Petha Laddu",Veg
19931,"Pista Cake",Veg
19933,"Ras Kadam",Veg
19936,Rasmalai,Veg
19937,"Sada Peda",Veg
19939,Sandesh,Veg
19940,Sonpapdi,Veg
19941,"Special Barfi",Veg
19942,"Spl. Cham Cham",Veg
19943,"Sugar Free",Veg
19944,"Veg Chop",Veg
19945,"Veg Pattis",Veg
19947,"Subz Seekh Kebab",Veg
19948,"Tandoori Chatpatte Aloo",Veg
19951,"Saffron Paneer Tikka",Veg
19952,"Tiranga Paneer Tikka",Veg
19955,"Lasuni Murgh Tikka",Non-veg
19958,"Murgh Seekh Kebab",Non-veg
19960,"Murhg Zafrani Kebab",Non-veg
19961,"Murgh Banjara Kebab",Non-veg
19962,"Murgh Kasturi Kebab",Non-veg
19963,"Abu Chili Kebab",Non-veg
19964,"Haryali Mahi Tikka",Non-veg
19965,"Fish Ajwaini Tikka",Non-veg
19966,"Lasuni Fish Tikka",Non-veg
19967,"Malai Jhinga",Non-veg
19968,"Haryali Jhinga",Non-veg
19969,"Hydrabadi Tandoori Jhinga",Non-veg
19973,"Seafood Tom Kha Soup",Non-veg
19974,"Seafood Talumien Soup",Non-veg
19975,"Seafood Tom Yum Soup",Non-veg
19976,"Seafood Clear Soup",Non-veg
19977,"Seafood Lemon Coriander Soup",Non-veg
19978,"Seafood Sweet Corn Soup",Non-veg
19979,"Seafood Manchow Soup",Non-veg
19980,"Seafood Hot & Sour Soup",Non-veg
19982,"Chicken Talumien Soup",Non-veg
19983,"Chicken Tom Yum Soup",Non-veg
19984,"Garlic Pepper Soya Soup",Veg
19986,"Talumien Soup",Veg
19988,"Mushroom And Burnt Garlic Soup",Veg
19989,"Raosted Tomato Soup",Veg
20000,"Pan Fried Chili Fish",Non-veg
20002,"Fish Chili",Non-veg
20003,"Shredded Chicken",Non-veg
20005,"Tandoori Chili Chicken",Non-veg
20006,"Green Chili Chicken",Non-veg
20007,"Assorted Veg In Chili Soya Sauce",Veg
20008,"Assorted Veg Salt & Pepper",Veg
20009,"Crispy Mushroom & Baby Corn",Veg
20010,"Roasted Chili Paneer",Veg
20017,"Veg Balls In Manchurian Sauce",Veg
20019,"Chili Chicken Dry",Non-veg
20025,"Yellow Dal Lasooni Tadka",Veg
20027,"Fish Kalia",Non-veg
20028,"Aloo  Posto",Veg
20030,"Murgh Bemisal",Non-veg
20034,"Murgh Tangri Masala",Non-veg
20035,"Home Style Fish Curry",Non-veg
20036,"Fish Sarso Wala",Non-veg
20040,"Chingri Posto",Non-veg
20041,"Murgh Mussallam (half)",Non-veg
20042,"Murgh Mussallam (full)",Non-veg
20044,"Mutton Bhuna Masala",Non-veg
20045,"Mutton Dak Bunglow",Non-veg
20052,"Paneer Rimjhim",Veg
20054,"Paneer Tikka Amritsari",Veg
20055,"Amritsari Paneer",Veg
20056,"Kadhai Mushroom",Veg
20057,"Shahi Mushroom",Veg
20063,"Mix Veg Home Style",Veg
20064,"Aloo Gobhi Mutter",Veg
20073,"Egg Curry/ Masala/ Do Pyaza",Non-veg
20080,"Posto Bora",Veg
20081,"Fish Honey Chili",Non-veg
20082,"Fish In Choice Of Sause",Non-veg
20083,"Fish In Hot Coriander Sauce",Non-veg
20084,"Fish In Hot Ginger Wine Sauce",Non-veg
20085,"Cantonese Fish",Non-veg
20086,"Prawn Chili Gravy",Non-veg
20088,"Prawn In Choice Of Sause",Non-veg
20089,"Prawn In Chili Oyster Sauce",Non-veg
20090,"Prawn In Sweet Chili Sauce",Non-veg
20091,"Prawn In Thai Red Curry",Non-veg
20092,"Prawn In Thai Green Curry",Non-veg
20093,"Chicken In Thai Red Curry",Non-veg
20094,"Chicken In Thai Green Curry",Non-veg
20095,"Chicken In Chili Oyster Sauce",Non-veg
20096,"Slice Chicken In Hot Spicy Green Sauce",Non-veg
20097,"Shredded Chicken In Choice Of Sause",Non-veg
20098,"Cantonese Chicken",Non-veg
20099,"Exotic Veg In Thai Red Curry",Veg
20100,"Exotic Veg In Thai Green Curry",Veg
20101,"Baby Potato In Hot Garlic Sauce",Veg
20102,"Paneer In Choice Of Sauce",Veg
20103,"Babycorn & Mushroom In Choice Of Sauce",Veg
20105,"Exotic Vegetable In Choice Of Sauce",Veg
20106,"Potato & Corn In Choice Of Sauce",Veg
20107,"Stir Fried Veg With Asian Greens",Veg
20109,"Chili Chicken",Non-veg
20111,"Chicken In Choice Of Sauce",Non-veg
20112,"Stir Fried Chicken With Asian Greens",Non-veg
20118,"Tandoori Laccha Paratha",Veg
20123,"Plain Tawa Paratha",Veg
20124,"Butter Tawa Paratha",Veg
20127,"Pyaz Hari Mirch Ki Roti",Veg
20128,"Prawn Biryani",Non-veg
20129,"Gosht Dum Biryani",Non-veg
20130,"Tangri Kebab Biryani",Non-veg
20132,"Nataraj Special Veg Khichdi",Veg
20138,"Vegetable Pulao",Veg
20141,"Egg Biryan",Non-veg
20142,"Murg Dum Biryani",Non-veg
20143,"Mixed Cantonese Noodles",Non-veg
20144,"Mixed Schezwan Noodles",Non-veg
20145,"Mixed Chili Garlic Noodles",Non-veg
20147,"Mixed Cantonise Fried Rice",Non-veg
20149,"Mixed Chili Garlic Fried Rice",Non-veg
20151,"Prawn Cantonese Noodles",Non-veg
20152,"Prawn Chili Garlic Noodles",Non-veg
20154,"Prawn Mangolian Fried Rice",Non-veg
20156,"Prawn Chili Garlic Fried Rice",Non-veg
20158,"American Chopsuey Chicken",Non-veg
20162,"Veg Chili Garlic Fried Rice",Veg
20164,"Ginger Coriander Corn Fried Rice",Veg
20166,"Veg Chili Garlic Noodles",Veg
20167,"Veg Cantonese Noodles",Veg
20170,"Egg Chili Garlic Fried Rice",Non-veg
20172,"Egg Mongolian Fried Rice",Non-veg
20174,"Egg Chili Garlic Noodles",Non-veg
20175,"Egg Cantonese Noodles",Non-veg
20177,"Chicken Chili Garlic Fried Rice",Non-veg
20183,"Garden Green Salad",Veg
20186,"Five Star Walnut Brownie With Warm Chocolate Sauce",Veg
20187,"Manchow Soup [Veg]",Veg
20188,"Manchow Soup [Chicken]",Non-veg
20189,"Hot & Sour Soup [Veg]",Veg
20190,"Hot & Sour Soup [Chicken]",Non-veg
20191,"Tomato Dhaniya Shopra",Veg
20192,"Sweet Corn [Veg]",Veg
20193,"Sweet Corn Chicken [Chicken]",Non-veg
20194,"Chana Chilly",Veg
20196,"American Chilly",Veg
20197,"American Salt & Pepper",Veg
20217,"Tandoori Salt & Pepper Chicken",Non-veg
20218,"Prawn Fish Chilly",Non-veg
20219,"Prawn Fish Salt & Pepper",Non-veg
20220,"Crispy Fried Chicken",Non-veg
20221,"Kasturi Murgh Tikka",Non-veg
20222,"Mug Afghani Kebab",Non-veg
20223,"Zafrani Murg Tikka",Non-veg
20225,"Murg Hazarvi Kebab",Non-veg
20226,"Tadke Wali Murg Tikka",Non-veg
20227,"Murg Resmi Kebab",Non-veg
20228,"Murg Lassoni Kebab",Non-veg
20229,"Tandoori Non Veg Platter",Non-veg
20233,"Kasturi Paneer Tikka",Veg
20237,"Subz Tilwani Gilafi Seekh Kebab",Veg
20238,"Veg Tandoori Platter",Veg
20242,"Sprout Salad",Veg
20243,"Chi Salad",Veg
20244,"Chinese Chicken Salad",Non-veg
20245,"Paneer Hakka Salad",Veg
20246,"Exotic Grilled Chi Salad",Veg
20247,"Stair Fried Chinese Green",Veg
20248,"Three Treasurer Vegetable",Veg
20251,"Slice Chicken in A Singapore Chilly Sauce",Non-veg
20252,"Chilly Chicken [Hot Garlic]",Non-veg
20253,"Chilly Chicken [Szechwan]",Non-veg
20254,"Chilly Chicken [Manchurian]",Non-veg
20255,"Chilly Chicken Coriander",Non-veg
20256,"Fish Chilly [Chilly]",Non-veg
20257,"Fish Chilly [Mustard Chilly]",Non-veg
20258,"Fish Chilly Spicy Black",Non-veg
20259,"Paneer Chilly [Gravy]",Veg
20260,"Mushroom Chilly [Gravy]",Veg
20261,"Hakka Noodles [Veg]",Veg
20262,"Hakka Noodles [Von Veg]",Non-veg
20263,"Hakka Noodles [Mix]",Non-veg
20264,"Fried Rice [Veg]",Veg
20265,"Fried Rice [Non Veg]",Non-veg
20266,"Fried Rice [Mix]",Non-veg
20267,"Chilly Garlic Noodles [Veg]",Veg
20268,"Chilly Garlic Noodles [Non Veg]",Non-veg
20269,"Chilly Garlic Noodles [Mix]",Non-veg
20270,"Schewan Fried Rice [Veg]",Veg
20271,"Schewan Fried Rice [Non Veg]",Non-veg
20272,"Schewan Fried Rice [Mix]",Non-veg
20273,"Lions Fried Special Fried Rice [Veg]",Veg
20274,"Lions Fried Special Fried Rice [Non Veg]",Non-veg
20275,"Nasi Goreng [Veg]",Veg
20276,"Nasi Goreng [Non Veg]",Non-veg
20277,"American Chopsy [Veg]",Veg
20278,"American Chopsy [Non Veg]",Non-veg
20279,"American Chopsy [Mix]",Non-veg
20280,"Chinese Chopsy [Veg]",Veg
20281,"Chinese Chopsy [Non Veg]",Non-veg
20282,"Chinese Chopsy [Mix]",Non-veg
20286,"Baharasi Kofta",Veg
20287,"Paneer Bhuna Mircha",Veg
20292,"Vegetable Kadhai",Veg
20293,"Vegetable Subz Milloni",Veg
20294,"Vegetable Subz Sangam",Veg
20297,"Vegetable Veg Firangi",Veg
20301,"Mushroom Matar Malai",Veg
20302,"Makhani Khumb Lazeez",Veg
20303,"Kadhai Khumab Kaju",Veg
20304,"Linons Pride Special Mushroom",Veg
20307,"Dal Lazeez",Veg
20308,"Dal Tadka Dhabewali",Veg
20310,"Dal Bukhara",Veg
20314,"Hydrabadi Chicken",Non-veg
20315,"Begum Bahar",Non-veg
20316,"Korma Masala",Non-veg
20317,"Chicken Tawa Masala",Non-veg
20319,"Murg Patiyala",Non-veg
20320,"Murg Korma Masala",Non-veg
20321,"Murg Bhuna Masala",Non-veg
20323,"Murg Dehati",Non-veg
20326,"Fish Sarasowali",Non-veg
20329,"Tandoori Khinga Masala",Non-veg
20330,"Mutton Rogan Juice",Non-veg
20331,"Keema Masala",Non-veg
20333,"Egg Aap ki Pasand",Non-veg
20335,"Veg Hydrabadi Biryani",Veg
20337,"Tandoori Chicken Bviryani",Non-veg
20340,"Samundri Biryani",Non-veg
20345,"Ghee Rice",Veg
20349,"Tandoori Roti [Plain]",Veg
20350,"Tandoori Roti [Butter]",Veg
20359,"Bread Aap ki Pasand",Veg
20360,"Roti ki Tokari",Veg
20362,"Dal Shorba",Veg
20363,"Chicken Shorba",Non-veg
20370,"Chicken Pakodadehati",Non-veg
20375,"Spice Murgh Tikka",Non-veg
20376,"Ajwani Fish Tikka",Non-veg
20377,"Irani Fish Tikka",Non-veg
20385,"Mix Veg Garden Surprise",Veg
20389,"Home Style anda Curry",Non-veg
20395,"Mutton Roganjosh",Non-veg
20398,"Mughlai Anda Dal",Non-veg
20416,"Jeera Rice Baby Naan with Dal Makhani",Veg
20417,"Jeera Rice Lachcha Paratha with Palak Paneer",Veg
20418,"Butter Naan with Paneer Butter Masala [2pcs]",Veg
20419,"Jeera Rice Baby Naan with Chicken Bharta",Non-veg
20420,"Jeera Rice Lachcha Paratha with Kadhai Chicken",Non-veg
20421,"Butter Naan with Chicken Butter Masala [2pcs]",Non-veg
20431,"Chicken Clear",Non-veg
20438,"Chilli Babycorn",Veg
20447,"Crispy shreddedChicken",Non-veg
20453,"Exotic Veg in Hot Garlic Sauce",Veg
20454,Chillipaneer,Veg
20459,"Veg Kung Pao",Veg
20469,"Shanghai Noodles",Veg
20476,"Honey Lemon Green Tea",Veg
20478,"Vegetarian Penne Pasta",Veg
20479,"Chicken Penne Pasta",Non-veg
20483,"Scrambled Eggs",Non-veg
20487,"Spagetti Aglio E Olio",Non-veg
20490,"Fish N Chips",Non-veg
20492,"Cheese Domes",Veg
20493,"Cheese Triangles",Veg
20494,"Cec Sandwich",Veg
20496,"Tandoori chicken Sandwich",Non-veg
20499,"Mix Veg Sandwich",Veg
20501,"Tandoori paneer Sandwich",Veg
20502,"Chilli Cheese Toast Rs",Veg
20503,"Garlic Cheese Toast Rs",Veg
20504,"Chocolate Sandwich Rs",Veg
20505,Vegetarian,Veg
20509,"Strawberry Lemon Ice Tea Rs",Veg
20510,"Mint Lemon Ice Tea Rs",Veg
20511,"Regal Milkshake",Veg
20512,"Mixed Berry",Veg
20513,Chocloate,Veg
20518,"Green Apple Soda",Veg
20519,"Blue Lagoon Soda",Veg
20524,"Chocolate Syrup",Veg
20525,"Darjeeling Tea",Veg
20526,"English Breakfast Tea",Veg
20527,"Earl Grey Tea",Veg
20528,"Green Tea Lemon Honey",Veg
20529,"Green Tea Mint",Veg
20530,Peppermint,Veg
20531,Chamommile,Veg
20532,"Lady Earl Grey",Veg
20533,"Green Tea Lemon",Veg
20534,"Lemon Flavored Tea",Veg
20536,"Darjeeling green whole Leaf Tea",Veg
20537,"White Tea",Veg
20538,"Jasmine Tea",Veg
20540,"Fried Eggs",Non-veg
20543,"Tomato Omelette",Non-veg
20546,"Egg Benedict",Non-veg
20547,"Plate Of Toast",Veg
20549,"Fried Sliced Tomatoes",Veg
20550,"Chhicken Sausages",Veg
20551,"Roasted Peanuts",Veg
20557,"Chilli Baby corn",Veg
20558,"Vegetable Sandwich",Veg
20576,"Chicken Lababdar (boneless)",Non-veg
20584,"Egg Chowmein",Non-veg
20585,"Chicken Chowmein",Non-veg
20597,"Mutton Kasha",Non-veg
20604,"Masala Peanuts",Veg
20605,"Wafer Chips",Veg
20607,"Cheese-Pineapple Sticks",Veg
20611,"Devilled Eggs",Non-veg
20612,"Potato - Egg Croquettes",Non-veg
20613,"Chicken - Egg Croquettes",Non-veg
20620,"Batter Fried Prawn & Chips",Non-veg
20621,"Salt and Pepper Corn",Veg
20626,"Fish Sizzler",Non-veg
20627,"Mixed Sizzler",Non-veg
20628,"Chicken Sizzler",Non-veg
20629,"Paneer Sizzler",Veg
20630,"Veg. Sizzler",Veg
20632,"Veg Stew",Veg
20633,"Roast Chicken",Non-veg
20634,"Chicken Steak",Non-veg
20635,"Baked Chicken in White Sauce",Non-veg
20636,"Chicken Stroganoff & Butter Rice",Non-veg
20637,"Mutton Cutlet",Non-veg
20638,"Pork Chops",Non-veg
20639,"Chicken Vindaloo",Non-veg
20641,"Vegetable Cutlet",Veg
20642,"Pork Vindaloo",Non-veg
20643,"Chicken Xacuti (With Bread)",Non-veg
20644,"Mutton Xacuti (With Bread)",Non-veg
20645,"Fish (basa) & Chips",Non-veg
20646,"Batter Fried Prawns & Chips",Non-veg
20647,"Goan Prawn Curry",Non-veg
20648,"Mutton Keema Potato Chops",Non-veg
20649,"Chicken Keema Potato Chops",Non-veg
20650,"Fish Reshad",Non-veg
20651,"Grilled Fish With Lemon Butter Sauce",Non-veg
20652,"Goa Prawn Curry",Non-veg
20653,"Goa Fish Curry",Non-veg
20655,"Chutney Sandwich",Veg
20659,"Club Sandwich Cheese",Veg
20660,"Club Sandwich Egg",Non-veg
20661,"Club Sandwich Chicken",Non-veg
20667,"Veg Sweet corn",Veg
20668,"Veg Wonton",Veg
20672,"Veg Talumein Coriander Soup",Veg
20674,"Chicken Sweet corn",Non-veg
20677,"Chicken Wonton",Non-veg
20678,"Chicken Talumein Coriander Soup",Non-veg
20681,"Crispy Chinese Vegetables",Veg
20682,"Veg Sweet & Sour",Veg
20683,"Salt & Pepper Vegetables",Veg
20688,"Sweet & Sour Paneer",Veg
20689,"Extra Chutney",Veg
20690,"Plan Paratha",Veg
20691,"Onion Chilli Paratha",Veg
20692,"Onion And Tomato Paratha",Veg
20695,"Sattu Paratha",Veg
20696,"Onion & Tomato Paratha",Veg
20698,"Gobhi Paratha",Veg
20699,"Mooli Paratha",Veg
20702,"Aloo Chokha",Veg
20703,"Dal Yellow Butter",Veg
20704,"Chana Dal (Bengali Style)",Veg
20706,"Mixed Dal Vegetable",Veg
20712,"Shahi Dum Aloo",Veg
20713,"Aloo Posto (Poppy Seeds)",Veg
20715,"Vegetable Malai Kofta",Veg
20717,"Mixed Vegetables",Veg
20722,"Paneer Pasinda",Veg
20727,"Tandoori Chicken - Full",Non-veg
20735,"Chicken Posto (Poppy Seeds)",Non-veg
20736,"Sarso (Mustard) Chicken",Non-veg
20739,"Chicken Do-Pyaza",Non-veg
20740,"Kerala Chicken Dry",Non-veg
20741,"Capsicum Curd Chicken",Non-veg
20744,"Chicken Hara Dhania",Non-veg
20746,"Tandoori Chicken - Half",Non-veg
20754,"Masala Fish",Non-veg
20755,"Mustard Fish (Bengali Style)",Non-veg
20758,"Prawn Chilli Fry",Non-veg
20759,"Irish Stew In A Pie",Non-veg
20760,"Shepherd's Pie (chicken)",Non-veg
20761,"Shepherd's Pie (mutton)",Non-veg
20762,"Veg. Lasagna & Garlic Bread",Veg
20763,"Chicken Lasagne & Garlic Bread",Non-veg
20764,"Bread & Butter Pudding",Non-veg
20765,"Lemon Tart",Non-veg
20766,"Chocolate Tart",Veg
20768,"Caramel Custard",Non-veg
20769,"Butter Naan , Shahi Paneer.",Veg
20770,"Fry Kulcha , Kadhai Paneer.",Veg
20771,"Fry Kulcha , Veg Malai Kofta.",Veg
20772,"Fry Kulcha , Shahi Paneer.",Veg
20773,"Butter Naan , Kadhai Paneer.",Veg
20774,"Butter Naan-1pc, Veg Malai Kofta-1/2.",Veg
20775,"Plain Naan , Shahi Paneer.",Veg
20776,"Plain Naan , Veg Malai Kofta.",Veg
20777,"Plain Naan , Paneer Butter Masala.",Veg
20778,"Chapati , Shahi Paneer.",Veg
20779,"Chapati , Veg. Malai Kofta.",Veg
20780,"Chapati , Kadhai Paneer.",Veg
20781,"Butter Naan , Chicken Curry.",Non-veg
20782,"Fry Kulcha , Chicken Butter Masala .",Non-veg
20783,"Butter Naan , Chicken Kadhai.",Non-veg
20784,"Plain Naan , Chicken Butter Masala.",Non-veg
20785,"Chapati , Chicken Curry.",Non-veg
20786,"Paratha ,chicken Butter Masala.",Non-veg
20787,"Paratha , Chicken Kadhai.",Non-veg
20788,"Chapati , Chicken Kadhai.",Non-veg
20789,"Veg. Fried Rice & Crispy Chinese Vegetables",Veg
20790,"Veg. Fried Rice & Chilli Mushroom",Veg
20791,"Veg. Fried Rice & Paneer Manchurian",Veg
20792,"Veg. Fried Rice & Salt And Pepper Vegetables",Veg
20793,"Veg. Fried Rice & Sweet And Sour Vegetables",Veg
20794,"Veg. Fried Rice & Sweet And Sour Paneer",Veg
20795,"Veg Fried Rice & Veg Manchurian",Veg
20796,"Chicken Chowmein & Ginger Chicken",Non-veg
20797,"Chicken Chowmein & Garlic Chicken",Non-veg
20798,"Egg Chowmein & Ginger Chicken",Non-veg
20799,"Egg Chowmein & Garlic Chicken",Non-veg
20800,"Mixed Chowmein & Ginger Chicken",Non-veg
20801,"Mixed Chowmein & Garlic Chicken",Non-veg
20802,"Veg. Chowmein & Ginger Chicken",Non-veg
20803,"Veg. Chowmein & Garlic Chicken",Non-veg
20804,"Veg Chowmein & Chilli Chicken",Non-veg
20805,"Mixed Chowmein & Chilli Chicken",Non-veg
20806,"Egg Chowmein & Chilli Chicken",Non-veg
20807,"Chicken Chowmein & Chilli Chicken",Non-veg
20808,"Veg Chowmein & Veg Manchurian",Veg
20809,"Veg Chowmein & Paneer Manchurian /  Garlic Paneer",Veg
20810,"Veg Fried Rice  / Shanghai Chicken",Non-veg
20811,"Prawn Fried Rice  / Shanghai Chicken",Non-veg
20812,"Prawn Fried Rice  / Chilli Chicken",Non-veg
20813,"Prawn Fried Rice  / Garlic Chicken",Non-veg
20814,"Chicken Fried Rice / Garlic Chicken",Non-veg
20815,"Chicken Fried Rice / Chilli Chicken",Non-veg
20816,"Veg. Pulao, Butter Naan, Dal Butter Fry, Veg. Malai Kofta",Veg
20817,"Peas Pulao, Fry Kulcha, Dal Butter Fry, Paneer Shahi / Kadhai / Butter Masala",Veg
20818,"Steamed Rice, Dal Butter Fry, Puri, Paneer Butter Masala",Veg
20819,"Jeera Rice, Puri, Chana Dal, Mattar Paneer",Veg
20820,"Peas Pulao, Paratha, Dal Butter Fry, Mixed Vegetable",Veg
20821,"Jeera Rice, Puri, Dal Butter Fry, Mushroom",Veg
20822,"Paratha, Chicken Tikka Kebab",Non-veg
20823,"Steamed Rice , Puri , Chana Dal Tadka , Chicken Dehati .",Non-veg
20824,"Veg Pulao , Plain Naan , Dal Butter Fry , Chicken Curry .",Non-veg
20825,"Veg Pulao, Butter Naan, Chana Dal Tadka, Chicken Kadhai",Non-veg
20826,"Veg Pulao, Fry Kulcha, Dal Makhani, Chicken Butter Masala",Non-veg
20827,"Jeera Rice, Butter Naan, Dal Makhani, Chicken Butter Masala",Non-veg
20828,"Steamed Rice, Chapati, Dal Butter, Chicken Curry",Non-veg
20829,"Jeera Rice, Puri, Dal Butter, Chicken Kadhai",Non-veg
20830,"Veg Thukpa",Veg
20831,"Chicken Thukpa",Non-veg
20832,"Mixed Thukpa",Non-veg
20834,"Pork Momo",Non-veg
20835,"Prawns Momo",Non-veg
20837,Milk,Veg
20838,"Tea Cup",Veg
20839,"Tea Pot",Veg
20840,"Coffee Cup",Veg
20841,"Coffee Pot",Veg
20842,"Hot Chocolate (Glass)",Veg
20846,"Orange Canned Juice",Veg
20852,"Veg Hong Kong Noodles",Veg
20854,"Chicken Hakka Chowmein",Non-veg
20856,"Mixed Chow mein",Veg
20858,"Chicken Hong Kong Noodles",Non-veg
20859,"Mutton Pan Fried Noodles",Non-veg
20860,"Prawn Chowmein",Non-veg
20862,"Garlic & Chilli Fried Rice",Veg
20886,"Sweet and Sour Fish",Non-veg
20887,"Roast Pork",Non-veg
20890,"Crispy Honey Pork",Non-veg
20892,"Butter Garlic Naan",Veg
20893,"Butter Garlic Cheese Naan",Veg
20897,"Tawa Paratha",Veg
20903,"Burnt Onion Pulao",Veg
20909,Khichdi,Veg
20910,"Kaju Kismis Pulao",Veg
20914,"Achari Egg",Non-veg
20921,"Champaran Mutton",Non-veg
20923,"Hyderabadi Veg",Veg
20927,"Calcutta Style Chicken",Non-veg
20928,"Calcutta Style Mutton",Non-veg
20929,"Hyderabadi Egg",Non-veg
20930,"Hyderabadi Chicken",Non-veg
20934,"Hawaiian Salad",Veg
20936,"Chicken Hawaiian Salad",Non-veg
20937,"Mustard Pineapple (Seasonal)",Veg
20947,"Suji Chilla",Veg
20950,"Sweet Vanilla Lassi",Veg
20951,"Hot And Sour",Veg
20953,"Sattu Parantha",Veg
20955,"Cheese Fried Momos",Veg
20956,"Paneer Fried Momos",Veg
20959,"Soya Fried Momos",Veg
20960,"Fresh Raw Cow Paneer [200 Gm]",Veg
20961,"Bread Chop 5 Pcs",Veg
20962,"Vada 5 Pcs",Veg
20964,"Onion Pakoda [Half]",Veg
20965,"Onion Pakoda [Full]",Veg
20969,Chicken[Stew],Non-veg
20977,"Dalpuri With Sabji[5Pcs]",Veg
20978,Halwa,Veg
20979,Jalebi[5Pcs],Veg
20981,"Chicken Biryani[Egg]",Non-veg
20983,Paratha[5Pcs],Veg
20984,Paratha[1Pcs],Veg
20988,"Chilli Chicken (dry)",Non-veg
20989,"Chilli Paneer (dry)",Veg
21043,"Vanilla Cake (1 Pound)",Veg
21044,"Pineapple Cake (1 Pound)",Veg
21045,"Bluberry Cake (1 Pound)",Veg
21046,"Kitkat Cake (1 Pound)",Veg
21051,"Butterscotch Cake (1 Pound)",Veg
21053,"Mango Cake (1 Pound)",Veg
21054,"Chocolate Cake (1 Pound)",Veg
21055,"Truffle Cake (1 Pound)",Veg
21056,"Pista Cake (1 Pound)",Veg
21058,"Valentine Cake (1 Pound)",Veg
21059,"Dutch By Chocolate Cake (1 Pound)",Veg
21060,"Kitkat and Gems Cake (1 Pound)",Veg
21061,"Round-Shaped Red Velvet Cake (1 Pound)",Veg
21062,"Round-Shaped Red Velvet Cake (1 Pound) With Cream Cheese",Veg
21063,"Heart-Shaped Red Velvet Cake (1 Pound)",Veg
21064,"Heart-Shaped Red Velvet Cake (1 Pound) With Creamcheese",Veg
21065,"Walnut Cake (1 Pound)",Veg
21066,"Brownie Cake (1 Pound)",Veg
21067,"Oreo Cake (1 Pound)",Veg
21068,"Smiley Vanilla Cake (1 Pound)",Veg
21069,"Smiley Strawbery Cake (1 Pound)",Veg
21070,"Smiley Butterscotch Cake (1 Pound)",Veg
21071,"Smiley Chocolate Cake (1 Pound)",Veg
21072,"Strawberry With Chocolate Base (1 Pound)",Veg
21073,"Pineapple With Chocolate Base (1 Pound)",Veg
21074,"Butterscotch With Chocolate Base (1 Pound)",Veg
21075,"Mango With Chocolate Base (1 Pound)",Veg
21076,"Blueberry Cake (2 Pound)",Veg
21077,"Vanilla Cake (2 Pound)",Veg
21078,"Chocolate Cake (2 Pound)",Veg
21079,"Pineapple Cake (2 Pound)",Veg
21080,"Strawberry Cake (2 Pound)",Veg
21081,"Black Forest Cake (2 Pound)",Veg
21082,"Choca Moca Cake (2 Pound)",Veg
21083,"Fresh Fruit Cake (2 Pound)",Veg
21084,"Truffle Cake (2 Pound)",Veg
21085,"Walnut Cake (2 Pound)",Veg
21086,"Brownie Cake (2 Pound)",Veg
21087,"White Forest Cake 1 Pound",Veg
21088,"Butterscotch Cake (2 Pound)",Veg
21089,"Pista Cake (2 Pound)",Veg
21090,"Oreo Cake (2 Pound)",Veg
21091,"Kitkat Cake (2 Pound)",Veg
21092,"Kitkat And Gems Cake (2 Pound)",Veg
21093,"Chocovanilla Cake (2 Pound)",Veg
21094,"Smiley Vanilla Cake (2 Pound)",Veg
21095,"Smiley Pineapple Cake (2 Pound)",Veg
21096,"Smiley Chocolate Cake (2 Pound)",Veg
21097,"Smiley Strawbery Cake (2 Pound)",Veg
21098,"Smiley Butterscotch Cake (2 Pound)",Veg
21099,"Chocolate Delight Heart Shape Cake (1 Pound)",Veg
21100,"Strawbrry Punch Heart Shape Cake (1 Pound)",Veg
21101,"Two In One Round Cake (1 Pound)",Veg
21102,"Chocolate Mousse Box (4 Pcs)",Veg
21103,"Oreo Mousse Box  (4 Pcs)",Veg
21104,"Rose Mousse Box  (4 Pcs)",Veg
21105,"Kitkat Mousse Box  (3 Pcs)",Veg
21106,"Pinata Without Hammer (1 Pound)",Veg
21107,"Pinata With Hammer (1 Pound)",Veg
21108,"Smiley Pineapple Cake (1 Pound)",Veg
21109,"Pineapple With Chocolate Base (2 Pound)",Veg
21110,"Mango With Chocolate Base (2 Pound)",Veg
21111,"Mango Cake (2 Pound)",Veg
21112,"Pineapple Mousse Box",Veg
21113,"Strawberry Mousse Box",Veg
21114,"Butterscotch Mousse Box",Veg
21115,"Blueberry Mousse Box (3 Pcs)",Veg
21116,"Black Forest Mousse Box (4 Pcs)",Veg
21117,"Vanilla Mousse (4 Pcs)",Veg
21120,"Chilli Paneer Garave",Veg
21123,"Crispy ChilliBaby Corn",Veg
21124,"Mashroom Chill",Veg
21125,"Chana Chill",Veg
21126,"Veg Cheese PIzza [1Ps]",Veg
21127,"Mushroom PIzza [1 Plate]",Veg
21128,"Paneer PIzza [1 Plate]",Veg
21129,"Chicken PIzza [1 Plate]",Non-veg
21130,"Veg Burger [1 Ps]",Veg
21131,"Veg Chees Burger [1 Ps]",Veg
21132,"Yellow Dalfry",Veg
21135,"Aloo Gobi Masala",Veg
21138,"Mushroom do pyaja",Veg
21139,"MIx Veg",Veg
21140,"Veg Jelfrezi",Veg
21144,"Paneer Do Piyaja",Veg
21148,"Jeera Allo",Veg
21149,"Kashmiri Dum Allo",Veg
21150,"Allo Mater",Veg
21152,"Chicken Do Piyaza",Non-veg
21154,"Chicken  Bharta",Non-veg
21155,"Chicken  Lababdar",Non-veg
21157,"Fish Curry [2Ps]",Non-veg
21158,"Fish Goa Curry [Sweet]",Non-veg
21161,"Egg Bhurjiya",Non-veg
21162,"Stemed Rice",Veg
21163,"Peas Rice",Veg
21166,"Kashmiri Rice",Veg
21172,"Noodle Egg",Non-veg
21173,"Noodle Chicken",Non-veg
21174,"Noodle MIx",Veg
21177,"Roti Ghee",Veg
21178,"Salad Green",Veg
21185,"US Deluxe Pizza",Veg
21187,"Mexican Peppy Pizza",Veg
21188,"Fresh American Veg Special Pizza",Veg
21196,"Garlic Bread (Cheese)",Veg
21197,"Garlic Bread Supreme",Veg
21198,"Pepsi (300 ml)",Veg
21199,"Mirinda (300 ml)",Veg
21200,"Mountain Dew (300 ml)",Veg
21201,"Match Day Mania 1",Veg
21202,"Match Day Mania 2",Veg
21203,"Match Day Mania 3",Veg
21204,"Match Day Mania 4",Veg
21205,"Crispy Paneer Pizza + Pepsi 250 Ml Can",Veg
21206,"Us Special Extra Pizza + Pepsi 250 Ml Can",Veg
21207,"Premium Paneer Burger + Pepsi 250 Ml Can",Veg
21208,"Crunchy Corn Burger + Pepsi 250 Ml Can",Veg
21209,"Mexican Peppy Pizza + Pepsi 250 Ml Can",Veg
21210,"Maharaja Burger + Pepsi 250 Ml Can",Veg
21211,"Fresh American Veg Special Pizza + Coke 200 Ml Can",Veg
21212,"Cheese and Corn",Veg
21216,"Mushroom Riot Pizza",Veg
21219,"Crispy Paneer Pizza",Veg
21221,"US Special Extra Pizza",Veg
21223,"5' Delight Bread Pizza",Veg
21224,"5' Deluxe Bread Pizza",Veg
21225,"5' Paneer Bread Pizza",Veg
21226,"5' Spicy Bread Pizza",Veg
21227,"5' Cheese Burst Bread Pizza",Veg
21228,"5' US Special Bread Pizza",Veg
21229,"Combo 1",Veg
21230,"Combo 2",Veg
21232,"Veg Supreme Burger",Veg
21233,"Chilli Lava Burger",Veg
21234,"Crunchy Corn Burger",Veg
21238,"US Special Sandwich",Veg
21241,"Paneer Pops",Veg
21251,"7 Up (300 ml)",Veg
21253,"Chicken Lollipop (2plt)",Non-veg
21263,"Mushroom Do Pyaaza",Veg
21264,"Mushrrom Masala",Veg
21279,"Chili Idli (2) + Chana Chili (2)",Veg
21283,"Chilli Chiken Gravy",Non-veg
21287,"Poat Kalegi",Non-veg
21289,"Aangara Leg",Non-veg
21290,"Pahari Leg",Non-veg
21294,"Chicken Abbu Chilli Kabab",Non-veg
21300,"Bhook Pyaas Spl Chicken",Non-veg
21302,"Chicken Punjabi (boneless)",Non-veg
21308,"Chicken Dopyaza",Non-veg
21314,"Veg Hyderbadi",Veg
21316,"Paneer Kurechan",Veg
21320,"Paneet Tikka Masala",Veg
21326,"Matar Paratha",Veg
21327,"Ajwain Paratha",Veg
21328,"Pyaaz Paratha",Veg
21329,"Chicken Bhook Pyaas Spl Noodles",Non-veg
21336,"Manchurian Chowmien",Veg
21337,"Baby corn Chowmien",Veg
21351,"Samosa 4 Pcs",Veg
21352,"Spring Roll 2 Pcs",Veg
21353,"Paneer Chilli, Fried Rice",Veg
21354,"Veg Manchurian, Veg Chowmein",Veg
21355,"Aloo Gobi Masala, Tawa Roti",Veg
21356,"Plain Dosa, Idli",Veg
21357,"Mix Veg, Tawa Roti 2 Pcs",Veg
21358,"Mix Veg, Tawa Roti 4 Pcs",Veg
21359,"Vegetable Uttappam, Idli",Veg
21360,"Chana Masala, Tawa roti",Veg
21371,"Vegetable Hyderabad",Veg
21374,"Paneer Handi Masala",Veg
21385,"Cheese Butter Plain Dosa",Veg
21387,"Onion Butter Plain Dosa",Veg
21388,"Gun Powder Idli 4 Pcs",Veg
21389,"Cheese Plain Dosa",Veg
21390,"Vegetable Upma",Veg
21391,"Vegetable Uttappam",Veg
21392,"Schezwan Dosa",Veg
21394,"Idli 4 Pcs",Veg
21400,"Tawa Roti 5 Pcs",Veg
21402,"2 Aloo Paratha",Veg
21410,"Chicken Chilli Dry",Non-veg
21411,"Chana Chilli Dry",Veg
21436,"Mix Non Veg Chicken Fried Rice",Non-veg
21439,"Plain Steam  Rice",Veg
21452,"Chicken Drums Of Heaven",Non-veg
21456,"Chicken Pan Fried Momo",Non-veg
21458,"B.b.q. Chicken",Non-veg
21460,"Chicken Steamed Momo",Non-veg
21463,"Veg Pan Fried Momo",Veg
21464,"Chicken 65 Dry Only",Non-veg
21465,"Honey Chilli Chicken",Non-veg
21466,"Paneer Salt & Paper",Veg
21473,"Sabz Navratna Korma",Veg
21475,"Jhal Frazy",Veg
21476,"Sabz Kadhai",Veg
21482,"Paneer Navratna Korma",Veg
21496,"Chicken Dangabaaz",Non-veg
21510,"Devils Choice (paneer)",Veg
21513,"Tsisg-hoi Paneer",Veg
21524,"Mix Veg Pan Fried Noodles",Veg
21526,"Chicken Tangrin Noodles",Non-veg
21527,"Mix Veg Tangrin Noodles",Veg
21528,"Veg Tangrin Noodles",Veg
21531,"Chicken Mandarin Noodles",Non-veg
21532,"Mix Non Veg Mandarin Noodles",Non-veg
21533,"Mix Non Veg Hakka Noodles",Non-veg
21534,"Mix Non Veg Pan Fried Noodles",Non-veg
21535,"Mix Non Veg Tangrin Noodles",Non-veg
21542,"Yellow  Dal Fry",Veg
21543,"Anda Tadka",Non-veg
21544,"Butter Scotch ( 450 gms) (Eggless)",Veg
21545,"Pine Apple Cake ( 450 gms) (Eggless)",Veg
21546,"Vanila Cake ( 450 gms) (Eggless)",Veg
21547,"Strawberry Cake ( 450 gms) (Eggless)",Veg
21548,"Black Forest Cake ( 450 gms) (Eggless)",Veg
21549,"Red Velvet Cake ( 450 gms) (Eggless)",Veg
21550,"Swiss Vanilla Cake ( 450 gms) (Eggless)",Veg
21551,"White Forest Cake ( 450 gms) (Eggless)",Veg
21552,"Chocolate Truffle Cake ( 450 gms) (Eggless)",Veg
21553,"Choco Chips Cake(450gms)",Veg
21554,"Butter Scotch (1 Pcs) (Eggless)",Veg
21555,"Black Forest (1 Pcs) (Eggless)",Veg
21556,"Pine Apple Slice (1 Pcs) (Eggless)",Veg
21557,"Swiss Vanilla   (1 Pcs) (Eggless)",Veg
21558,"Chocolate Truffle Slices (1 Pcs) (Eggless)",Veg
21559,"Chocolate (1 Pcs) (Eggless)",Veg
21560,"Rum Ball (1 Pcs) (Eggless)",Veg
21561,"Death By Chocolate (1 Pcs) (Eggless)",Veg
21562,"Chocochips (1 Pcs) (Eggless)",Veg
21563,"Cheese Cake Pastry (1 Pcs) (Eggless)",Veg
21564,"Chocolate Cornato Mouse (1 Pcs)",Veg
21567,"Rasgulla Sada",Veg
21568,"Kesari Rajbhog",Veg
21571,Milkcake,Veg
21572,"Besan Laddu",Veg
21573,"Besan Chakhi",Veg
21574,"Moti Paak",Veg
21575,Bondi,Veg
21576,"Refine Ladoo",Veg
21577,"Mini Gulab Jamun",Veg
21580,"Kala Jamun",Veg
21581,"Chena Pulao",Veg
21582,"Cream Sweets",Veg
21584,"Fresh Raw Paneer",Veg
21592,"Chicken Tikka 8 pcs",Non-veg
21593,"Masala Rohu Fried Fish With Bone",Non-veg
21594,"Chicken Madhumati",Non-veg
21599,"Boneless Basa Fish Curry",Non-veg
21610,"Tandoori Chicken Biryani Full With Mirch Ka Salan And Raita",Non-veg
21611,"Steamed Rice Full",Veg
21612,"Veg Biryani Full",Veg
21613,"Chicken Dum Biryani Full With Mirch Ka Salan And Raita",Non-veg
21614,"Jeera Rice Full",Veg
21615,"Chicken Ginger Garlic",Non-veg
21616,"Pepsi 250 Ml",Veg
21617,"Sprite 250 Ml",Veg
21631,"Chicken Fried Momos (6 Pcs)",Non-veg
21633,"Healthy Steam Chicken Tikka",Non-veg
21634,"Healthy Steam Chicken Tikka Masala",Non-veg
21635,"Sawan 5 Veg Pkora Matar Pneer +dal Mkhani Veg Biryani+msla Kulcha 2p Papd Pkle+g.jamun 2 Raita",Veg
21636,"Sawan 3 Pneer Pkora 4pc Aloo Dum Dal Tdka Jeera Rice+2 Aloo Paratha Papad Pkl Gulab Jamun 2pc K.slad",Veg
21637,"Sawan 2 Pneer Pakora 4pc+pneer Masala+ Dal Fry+jeera Rice+2 Baby B.naan+papad+pkl,g. Jamun 2pc Salad",Veg
21638,"Sawan 1veg Pakora+aloo Matar Masala+yellow Dal Fry+steam Rice+4 Tawa Roti+papad+pickle+gulab Jamun 2",Veg
21639,"Sawan 4hra Bhra Kbab 4 Mxed Veg Korma Dal Fry Msala Fry Rice+2btr Naan+papd+pkle+g.jamun 2pc K.salad",Veg
21640,"Soya Chaap Lababdar",Veg
21641,"Soya Chaap Tikka Butter Masala",Veg
21642,"Punjabi Soya Chaap Masala",Veg
21645,"Afghani Soya Chaap",Veg
21646,"Hariyali Soya Chaap Starter",Veg
21647,"Chinese Soya Chaap 65",Veg
21648,"Soya Chaap Manchurian",Veg
21649,"Soya Chaap Schezuan",Veg
21650,"Lasooni Chicken Small Pcs 1/2 Kg Dhaba Style",Non-veg
21651,"Matka Boneless Basa Fish Tikka Hyderabadi Dum Biryani With Salan And Raita 500gms",Non-veg
21652,"Matka Veg And Paneer Hyderabadi Dum Biryani 1/2 Kg",Veg
21653,"Matka Mutton Hyderabadi Dum Biryani 1/2kg",Non-veg
21654,"Matka Egg Hyderabadi Biryani",Non-veg
21655,"Matka Chicken Tikka Hyderabadi Dum Biryani 1/2kg",Non-veg
21656,"Matka Chicken Boneless Hyderabadi Dum Biryani1/2 Kg",Non-veg
21657,"Matka Chicken Leg Hyderabadi Dum Biryani 1/2kg",Non-veg
21659,"Rumali Roti (2pc)  Dehati Style Lasooni (8 Small Pcs )chicken Latpat Combo",Non-veg
21660,"Rumali Roti(2pcs) With 4 Pcs Dehati Style Mutton Combo",Non-veg
21661,"Rumali Roti(2 Pc )desi  Style Dehati Mutton (4 Small Pcs) Galauti Kebab(2 Pcs)",Non-veg
21662,"Rumali Roti (2 Pcs) Lahsuni Chicken (8 Small Pcs) Galauti Kebab (2 Pcs) Combo",Non-veg
21663,"Indian Veg Curry Thali",Veg
21664,"Combos 1 Indian (veg Biryani Paneer Tikka 4pc Gravy And Raita",Veg
21665,"Combos 2 Indian (jeera Rice Dal Tadka Naan Or Tawa Roti Paneer Butter Masala Kachumber Salad",Veg
21666,"Combo 3 Indian ( Chicken Biryani Tandoori Chicken Gravy And Raita)",Non-veg
21667,"Combo 4 Indian ( Chicken Butter Masala Basmati Rice Tawa Roti Or Naan Kachumber Salad",Non-veg
21668,"Indian Fish Curry Rice",Non-veg
21669,"Indian Mutton Curry Rice",Non-veg
21670,"Indian Chicken Curry Rice",Non-veg
21671,"Indian Egg Curry Rice",Non-veg
21672,"Indian Matar Paneer Masala Rice Combo",Veg
21673,"Lasooni Chicken Latpat Small Pcs Dhaba Style 1/2 Kg  With Laccha Paratha",Non-veg
21674,"Chinese Combo 3 Soya Chaap Veg Fried Rice With Soya Chaap Chilli 2 Pcs Veg Momos",Veg
21675,"Chinese Combo 4 (chicken Hakka Noodles Chicken Chilli 2pc Chicken Momos)",Non-veg
21676,"Combo 7 Chinese( Veg Hakka Noodle Paneer Chilli 2pc Veg Momos)",Veg
21677,"Combo 8 Chinese ( Veg Hakka Noodle Veg Manchurian 2pc Veg Momos",Veg
21678,"Chinese Tandoori Chicken Lollipop 8 Pcs With Egg Fried Rice",Non-veg
21679,"Chinese Tandoori Paneer Tikka 8Pcs With Vegetable Fried Rice",Veg
21680,"Chinese Combo 5 Soya Chaap Veg Hakka With Soya Chaap Chilli With 2 Pcs Veg Momos",Veg
21686,"American Corn Chat",Veg
21688,"Tandoori Mushroom 8Pcs",Veg
21690,"Veg Dahi Kebab",Veg
21691,"Veg Hara Bhara Kabab 8Pcs",Veg
21692,"Chinese Tandoori Paneer Tikka",Veg
21696,"Veg Spring Rolls With Hot Garlic Sauce 6 Cut Pcs",Veg
21697,"Chicken Spring Rolls With Hot Garlic Sauce 6cut Pcs",Non-veg
21699,"Boneless Basa Fish 65",Non-veg
21700,"Boneless Basa Fish Chilli Garlic",Non-veg
21701,"Amritsari Boneless Basa Fish Fry Pakoda",Non-veg
21702,"Ajwaini Boneless Basa Fish Tikka",Non-veg
21703,"Tandoori Boneless Basa Fish Tikka",Non-veg
21711,"Chicken Popcorn 20 Pcs",Non-veg
21712,"Chicken Tandoori 4Pcs",Non-veg
21713,"Chicken Tandoori 2Pcs",Non-veg
21716,"Chicken Seekh Kabab 8Pcs",Non-veg
21717,"Chicken Malai Kabab",Non-veg
21718,"Chicken Hariyali Kabab",Non-veg
21719,"Crispy Japanese Panko Bread Prawn  8Pcs",Non-veg
21720,"Chinese Tandoori Chicken Tikka 8 Pcs",Non-veg
21721,"Chinese Tandoori Chicken Lollipop 8Pcs",Non-veg
21723,"CHICKEN TIKKA 12 PCS",Non-veg
21724,"Besan Omelette Masala",Non-veg
21725,"Paneer Malai Kofta",Veg
21726,"Paneer Jalfrezi",Veg
21737,"Mughlai Shahi Paneer",Veg
21739,"Corn Palak Masala",Veg
21741,"Mushroom Jalfrezi",Veg
21745,"Cheese Malai Kofta",Veg
21746,"Bhuna Mutton Fry",Non-veg
21747,"Matka Party Mutton",Non-veg
21748,"Mughlai Chicken Rezala In Cashew Gravy",Non-veg
21750,"Chettinad Chicken Boneless Lemon Pepper Spicy With Coconut Milk",Non-veg
21751,"Marinated Boneless Basa Fish Tikka Curry",Non-veg
21754,"Mughlai Shahi Mutton",Non-veg
21755,"Matka Party  Chicken",Non-veg
21763,"Matka Dehati Mutton",Non-veg
21767,"Indian Fish Curry Thali",Non-veg
21768,"Indian Mutton Curry Thali",Non-veg
21769,"Indian Chicken Curry Thali",Non-veg
21770,"Indian Egg Curry Thali",Non-veg
21771,"Masala Fried Fish 4 Pcs",Non-veg
21772,"Boneless Tandoori Barbecue Chicken With Bbq Sauce",Non-veg
21774,"Chicken Dehati Home Style",Non-veg
21775,"Chiken Pot Kaleji Msala",Non-veg
21776,"Chiken Tikka Lababdar",Non-veg
21777,"Mughlai Shahi Chicken Boneless",Non-veg
21778,"Murgh Musallam Full",Non-veg
21780,"CHICKEN DO PYAZA",Non-veg
21781,"Boneless Basa Fish Tikka Curry",Non-veg
21782,"Goan Boneless Chicken Xacuti Hot And Spicy With Coconut Milk",Non-veg
21783,"Chicken Tangdi Masala",Non-veg
21784,"Chicken 65 Fried Rice",Non-veg
21785,"Garlic Chicken Fried Rice",Non-veg
21786,"Masala Fried Rice With Spicy Chicken Wings 4 Pcs",Non-veg
21797,"Chicken Tikka 2pcs Biryani Full With Mirch Ka Salan And Raita",Non-veg
21798,"Green Peas Pulao Full",Veg
21799,"Kashmiri Pulao Full",Veg
21800,"Paneer Tikka Veg Biryani Full With Mirch Ka Salan And Raita",Veg
21801,"Prawn Biryani  Full With Mirch Ka Salan And Raita",Non-veg
21804,"Veg Pulao Full",Veg
21807,"Egg Biryani Full 2pcs Egg Seved With Mirch Ka Salan And Raita",Non-veg
21809,"Mutton Biryani Full With 4pcs Small Home Style Mutton",Non-veg
21810,"Mutton Biryani Half With 2pcs Small Mutton Home Style",Non-veg
21812,"Sweet And Sour Chicken",Non-veg
21819,"Prawn Schezwan",Non-veg
21820,"Egg Bhurjee Burger Free Pepsi 250 Ml",Non-veg
21821,"Paneer Tikka  Roll  With Free  250ml Cold Drink",Veg
21822,"Paneer Tikka Burger With Free Pepsi 250ml",Veg
21823,"Chicken Tikka Roll With  250 Ml Cold Drink",Non-veg
21824,"Chicken Tikka Burger Free Pepsi 250ml",Non-veg
21825,"Crispy Fried Spicy Chicken Wings",Non-veg
21826,"Thums Up 250ml",Veg
21827,"Mirinda 250 Ml",Veg
21828,"7 Up 250 Ml",Veg
21831,"Roomali  Roti",Veg
21838,"Garlic Plain Naan",Veg
21843,"Mughlai Paneer Paratha",Veg
21844,"Mughlai Chicken Paratha",Non-veg
21852,"Chicken Hot And Sour",Non-veg
21863,"Dal Pachrangi",Veg
21867,"Paneer Shawarma Roll",Veg
21869,"Chicken Shawarma Roll",Non-veg
21871,"Veg Steamed Momos (6 Pcs)",Veg
21872,"Veg Fried Momos (6 Pcs)",Veg
21873,"Chicken Steamed Momos (6 Pcs)",Non-veg
21875,"Pasta Arabiata (Red Sauce)",Veg
21876,"Creamy White Sauce Pasta",Veg
21877,"Creamy White Sauce Mushroom Pasta",Veg
21878,"Chicken Pasta (Red Sauce)",Non-veg
21879,"Creamy White Sauce Chicken Pasta",Non-veg
21880,"Paneer Tikka Pizza 8 Inch",Veg
21881,"8' Vegetable Pizza",Veg
21883,"Paneer Manchurian Pizza",Veg
21885,"8' Chicken Pizza",Non-veg
21886,"Chicken Manchurian Pizza",Non-veg
21892,"Burger Combos 1( Veg Burger French Fries And Mayo",Veg
21893,"Burger Combos 2(paneer Veg Burger French Fries And Mayo",Veg
21894,"Burger Combos 4 (tandoori Chicken Burger With French Fries And Mayo",Non-veg
21895,"Burger Combos",Non-veg
21896,"Paneer Lollipop (4 Pcs) + Veg Fried Rice Full + Chilli Gravy + Gulab Jamun 2 Pcs",Veg
21897,"8 Inch Paneer Butter Masala Pizza",Veg
21898,"8 Inch Chicken Butter Masala Pizza",Non-veg
21899,"8 Inch  Pizza Margherita (cheese Only)",Veg
21901,"Vanilla [2pound]",Veg
21903,"Butterscotch [2pound]",Veg
21908,"Brunch Choco Fantasy",Veg
21910,"Pineapple Slice",Veg
21914,"Mix Mousse",Veg
21915,"Chocolate Cone",Veg
21917,"Butterscotch Cream Roll",Veg
21918,"Chocolate Cream Roll",Veg
21919,"Bisleri (Water) (with Service) (1 ltr)",Veg
21920,"Jhura Pakora",Veg
21922,"Cheese Balls (8 Pcs)",Veg
21930,"Paneer Palak",Veg
21942,"Boneless Chicken Kadai",Non-veg
21950,"Dal Khichdi",Veg
21951,"Chicken Biryani with Raita",Non-veg
21964,"Pot Tea",Veg
21966,"Pot Coffee",Veg
21968,"Lassi (200 ml)",Veg
21969,"Buttermilk (200 ml)",Veg
21971,"Gobi Pakora",Veg
21978,"Chura Badam Mutter",Veg
21979,"Egg Boiled (2 Pcs)",Non-veg
21981,"Paneer Cutlet",Veg
21984,"Chicken Fry (4 Pcs)",Non-veg
21990,"Aloo Chaat",Veg
22006,"Mattar Masala",Veg
22012,"Gobi Bhujia",Veg
22013,"Bhindi Bhujia",Veg
22014,"Patal Bhujia",Veg
22015,"Aloo Crispy Bhujia",Veg
22021,"Aloo Chatpata",Veg
22026,"Chana Chatpata",Veg
22031,"Hotel AB Palace Special Veg",Veg
22043,"Plain Dal",Veg
22049,"Dal Lazeez (Mug Dal)",Veg
22053,"Omelette Curry",Non-veg
22062,"Fish Kaliyan",Non-veg
22063,"Dahi Fish",Non-veg
22064,"Fish Stew",Non-veg
22066,"Aloo Fish Curry",Non-veg
22073,"Chicken Tikki Butter Masala",Non-veg
22087,"Plain Poori (2 Pcs)",Veg
22097,"Veg Biryani with Raita",Veg
22098,"Egg Biryani with Raita",Non-veg
22108,"Crispy Potato",Veg
22113,"Chicken Rice Curry",Non-veg
22117,"Mixed Chowmein",Non-veg
22136,"Kheera Raita",Veg
22138,"Butter Cub",Veg
22139,"Chena Jalebi (2 Pcs)",Veg
22140,"Lengcha (2 Pcs)",Veg
22141,"Pantua (5 Pcs)",Veg
22142,"Rasgulla (Small) (5 Pcs)",Veg
22143,"Rajbhog (kesar Rasgulla)",Veg
22144,Nimki,Veg
22145,Mixture,Veg
22146,Sev,Veg
22147,"Papdi Gathiya",Veg
22148,"Lamba Gathiya",Veg
22149,"Rayta Bundi",Veg
22150,"Bada Rasgulla (white) (2 Pcs)",Veg
22160,"Misti Dahi",Veg
22162,"Mango Sweet  [350 Gm]",Veg
22163,"Masala Tea Lemon  [4 Cup]",Veg
22164,"Special Tea [4 Cups In Hot Container]",Veg
22165,"Tea [4 Cups In Hot Container]",Veg
22171,"Bada Nimki [8 Pcs]",Veg
22172,"Singara Samosa With Sabji (4 Pcs)",Veg
22173,"Kachori with Sabji (2 Pcs)",Veg
22174,"Jalebi (5 Pcs)",Veg
22186,"Chena Meetha Dry",Veg
22194,"Mango Masala [350 Gm]",Veg
22195,"Toxic Avenger Chocolate (200 Gms)",Veg
22196,"Tipsy Bonbons Chocolate (200 Gms)",Veg
22197,"Dirty Sherley Chocolate (200 Gms)",Veg
22198,"Oreo Chocolate Cake (750 gms)",Veg
22199,"Choco Truffle Cake (750 gms)",Veg
22200,"Chocolate Bentoncake (250 gm)",Veg
22201,"Chocochip Bentocake (250 gm)",Veg
22202,"Cake And Crumble Bento Cake (250 gm)",Veg
22203,"Brownie Bento Box (250 gm)",Veg
22204,"Red Velvet Cream Cheesecake ( 1 Slice)",Veg
22205,"Bluberry Cheesecake ( 1 Slice)",Veg
22206,"The Old Circle (200 gms)",Veg
22207,"The Luxor Rose (200 gms)",Veg
22208,"The Green Cave (200 gms)",Veg
22209,"The Health Dragon (200 gms)",Veg
22210,"The Warrior Blocks (200 gms)",Veg
22211,"The Old And Faithful (200 gms)",Veg
22212,"The Sweeter Side (200 gms)",Veg
22213,"The Jumble Jungle (200 gms)",Veg
22217,"The Bona Fide",Veg
22218,"The Marcellus",Veg
22219,"The Brun Clair",Veg
22220,"The Java Rush",Veg
22221,"The Marmalade Salade",Veg
22222,"Dark Chocolate Truffle",Veg
22223,"White Chocolate Truffle",Veg
22224,"Red Velvet Trial Pack (2 Pcs)",Veg
22225,"Snicker Doodles (200 gms)",Veg
22226,"Lemon Zest (200 gms)",Veg
22227,"Chocochip (200 gms)",Veg
22228,"Whole Wheat Chocochip (200 gms)",Veg
22229,"White Chocolate Chocochip (200 gms)",Veg
22230,"Red Velvet (200 gms)",Veg
22231,"Tikya Chat [Half]",Veg
22232,"Tikya Chat [Full]",Veg
22233,"Dahivada Chat [Half]",Veg
22234,"Dahivada Chat [Full]",Veg
22235,"Dahivada 2 Pic [Full]",Veg
22236,"Mix Chat",Veg
22239,"White Sauce Cheese Psta",Veg
22247,"Fresh French Sandwich",Veg
22248,"Fresh Farm Pizza",Veg
22249,"Paneer Pizza",Veg
22252,"Mushroom Pizza",Veg
22256,"Chicken Salami Pizza",Non-veg
22257,"Chicken Sausage Pizza",Non-veg
22258,"Choco Lawa Cake",Non-veg
22260,"Vanilla Cup Cake",Non-veg
22261,"Chocolate Pie",Veg
22262,"Veg Penne Pasta In Red Sauce",Veg
22268,"Chicken Salt & Paper",Non-veg
22274,"Veg Mushroom Sandwich",Veg
22276,"Chicken Mushroom Sandwich",Non-veg
22279,"Chicken Extra Loaded Sandwich",Non-veg
22280,"Veg Extra Loaded Sandwich",Veg
22283,"Pizza Puram Special Pizza Veg",Veg
22286,"Veg Extra Loaded Pizza",Veg
22289,"Perfect Veggie Pizza",Veg
22291,"Chicken Keema Pizza",Non-veg
22292,"Creamy White Sauce Chicken Pizza",Non-veg
22295,"Pizza Puram Special Chicken Pizza",Non-veg
22299,"Triple Chicken Pizza",Non-veg
22300,"4 In 1 Combo Non-veg",Non-veg
22301,"Combo Of 4  Small Veg Pizza",Veg
22302,"Combo Of 2 Veg And 2 Non Veg",Non-veg
22303,"4 In 1 Combo",Veg
22306,"Apple Cake",Non-veg
22309,"Chocolate pudding",Non-veg
22311,"Eggless apple cake",Veg
22312,"Eggless cup cake",Veg
22315,"2 Pound Chocolate Cake Eggless(1100grms)",Veg
22316,"2 Pound Chocolate Cake (1100 Grms)",Non-veg
22317,"1 Pound Chocolate Cake 600 Grms",Non-veg
22318,"1 Pound Chocolate Cake  Eggless 600 Grms",Veg
22321,"Onian Masala Dosa",Veg
22322,"Butter Onian Masala Dosa",Veg
22323,"Butter Onian Cheese Masala Dosa",Veg
22324,"Cheese Onian Masala Dosa",Veg
22327,"Pepper Onion Masala Dosa",Veg
22328,"Panner Onion Masala Dosa",Veg
22329,"Butter Cheese Schezwan Oinon Masala Dosa",Veg
22330,"Butter Cheese Schezwan Onion Plain Dosa",Veg
22331,"Panner Onion Sada Dosa",Veg
22332,"Pepper Onion Sada Dosa",Veg
22337,"Shezuan Onian Masala Dosa",Veg
22338,"Ghee Onian Masala Dosa",Veg
22340,"Podi Masala Onian Dosa (Gun Powder)",Veg
22341,"Mota Masala Onian Dosa",Veg
22342,"Plain Onian Dosa",Veg
22343,"Butter Onian Plain Dosa",Veg
22344,"Butter Cheese Onian Plain Dosa",Veg
22345,"Schezwan Onian Plain Dosa",Veg
22346,"Ghee Onian Plain Dosa",Veg
22347,"Podi Plain Onian Dosa (Gun Powder)",Veg
22348,"Mota Onian Plain Dosa",Veg
22349,"Idli [2 Pc]",Veg
22350,"Sambar Idli [2pc]",Veg
22351,"Butter Idli Fry [2pc]",Veg
22352,"Ghee Idli Fry [2pc]",Veg
22353,"Idry [2 Pc]",Veg
22354,"Vadai [2 Pc]",Veg
22355,"Sambar Vadi [2 Pc]",Veg
22356,"Aalu Bonda [2 Pc]",Veg
22357,"Masala Vadai [2 Pc]",Veg
22361,"Ghee Onion Uttapam",Veg
22362,"Gun Powder Onion Uttapam",Veg
22366,"Sada Onion Dosa",Veg
22367,"Sada Butter Dosa",Veg
22368,"Sada Butter Onion Dosa",Veg
22369,"Sada Cheese Dosa",Veg
22370,"Sada Cheese Onion Dosa",Veg
22371,"Sada Butter Cheese Dosa",Veg
22372,"Sada Butter Cheese Onion Dosa",Veg
22373,"Sada Mota Dosa",Veg
22374,"Sada Mota Onion Dosa",Veg
22375,"Sada Mota Cheese Onion Dosa",Veg
22376,"Sada Mota Butter Dosa",Veg
22377,"Sada Mota Cheese Dosa",Veg
22378,"Sada Mota Butter Onion Dosa",Veg
22379,"Sada Mota Cheese Butter Dosa",Veg
22380,"Sada Mota Cheese Butter Onion Dosa",Veg
22381,"Paper Masala Cheese Butter Onion  Dosa",Veg
22382,"Paper Masala  Cheese Butter Dosa",Veg
22383,"Paper Masala Cheese Onion Dosa",Veg
22384,"Paper Masala Cheese Dosa",Veg
22385,"Paper Masala Butter Onion Dosa",Veg
22386,"Paper Masala Butter Dosa",Veg
22387,"Paper Masala Onion  Dosa",Veg
22389,"Paper Cheese Butter Onion Sada Dosa",Veg
22390,"Paper Cheese Butter Sada Dosa",Veg
22391,"Paper Cheese Onion Sada Dosa",Veg
22392,"Paper Cheese Sada Dosa",Veg
22393,"Paper Butter Onion Sada Dosa",Veg
22394,"Paper Butter Sada Dosa",Veg
22396,"Masala Butter Cheese Onion Dosa",Veg
22397,"Masala Butter Cheese Dosa",Veg
22398,"Masala Cheese Onion Dosa",Veg
22399,"Masala Cheese Dosa",Veg
22400,"Masala Butter Onion  Dosa",Veg
22401,"Masala Butter Dosa",Veg
22402,"Masala Onion Dosa",Veg
22404,"Masala Mota Dosa",Veg
22405,"Onion Capsicum Butter Cheese Uttapam",Veg
22406,"Extra Curry",Veg
22410,"Extra Sambhar",Veg
22412,"Mineral Water (1 Liter)",Veg
22414,"Veg Mix Rice (Paneer)",Veg
22415,"Veg Mix Rice (Manchurian)",Veg
22418,"Mix Chicken Rice",Non-veg
22422,"Veg Chowmeen",Veg
22423,"Mix Veg Chowmeen",Veg
22424,"Egg Chowmeen",Non-veg
22425,"Chiken Chowmeen",Non-veg
22426,"Mix Chiken Chowmeen",Non-veg
22428,"Veg Munchrain",Veg
22429,"Chilly Chiken (Boneless)",Non-veg
22430,"Chiken Lollypop",Non-veg
22432,"Mix Veg Roll (Manchurian)",Veg
22433,"Mix Veg Roll (Paneer)",Veg
22441,"Plain Atta Maggi",Veg
22442,"Plain Butter Maggi",Veg
22443,"Plain Butter Atta Maggi",Veg
22444,"Plain Cream Cheese Maggi",Veg
22445,"Plain Cream Cheese Atta Maggi",Veg
22446,"Vegetable Maggi",Veg
22447,"Vegetable Butter Maggi",Veg
22448,"Vegetable Atta Maggi",Veg
22449,"Vegetable Cream Cheese Maggi",Veg
22450,"Vegetable Cream Cheese Atta Maggi",Veg
22452,"Paneer Atta Maggi",Veg
22453,"Paneer & Cream Cheese Maggi",Veg
22454,"Panner & Cream Cheese Atta Maggi",Veg
22455,"Veg Cream Cheese Macaroni Pasta",Veg
22456,"Vegetable Masala Pasta",Veg
22457,"Vegetable Tomato Pasta",Veg
22458,"Cream Cheese Masala Pasta",Veg
22459,"Maggi & Tomato Pasta Mix",Veg
22460,"Cream Cheese Tomato Pasta",Veg
22461,"Maggi & Cream Cheese Pasta Mix",Veg
22462,"Maggi Cream Cheese Tomato Pasta Mix",Veg
22463,"Maggi & Masala Pasta Mix",Veg
22464,"Maggi Cream Cheese Masala Pasta Mix",Veg
22465,"Paneer Cream Cheese Pasta",Veg
22466,"Paneer Masala Pasta",Veg
22467,"Paneer Cream Cheese Masala Pasta",Veg
22468,"Paneer Tomato Pasta",Veg
22469,"Paneer Cream Cheese Tomato Pasta",Veg
22471,"Vegetable Cream Cheese Sandwich",Veg
22472,"Vegetable Double Cheese Sandwich",Veg
22473,"Cream Cheese Omelet Sandwich",Veg
22475,"Paneer & Cream Cheese Sandwich",Veg
22476,"Aloo Sandwich",Veg
22477,"Aloo & Cream Cheese Sandwich",Veg
22478,"Egg Cream Cheese Sandwich",Non-veg
22480,"Egg Atta Maggi",Non-veg
22481,"Egg Cream Cheese Maggi",Non-veg
22482,"Egg & Cream Cheese Atta Maggi",Non-veg
22483,"Double Egg Masala Pasta",Non-veg
22484,"Egg Cream Cheese Masala Pasta",Non-veg
22485,Omelet,Non-veg
22486,"Bread Omelet",Non-veg
22487,"Double Cheese Bread Omelet",Non-veg
22488,"Cream Cheese Omelet",Non-veg
22489,"Cream Cheese Bread Omelet",Non-veg
22490,"Paneer Omelet",Non-veg
22491,"Paneer & Cream Cheese Omelet",Non-veg
22493,"Chilli Prawn (Dry)",Non-veg
22494,"Prawn Chilli Garlic",Non-veg
22513,"Veg Fried Rice.",Veg
22519,"Veg Chow mein (Hakka)",Veg
22525,"Egg Hakka Chow mein",Non-veg
22529,"Chicken Goldcoin",Non-veg
22530,"Crispy Pepper Chicken",Non-veg
22531,"Chilli Chicken (Dry)",Non-veg
22532,"Chicken Manchurian (Dry)",Non-veg
22533,"Chicken Salt Pepper",Non-veg
22535,"Crispy Fish",Non-veg
22538,"Chilli Fish (Dry)",Non-veg
22539,"Fish Manchurian (Dry)",Non-veg
22540,"Prawn Cutlet",Non-veg
22545,"Egg Cutlet (2 Pcs)",Non-veg
22553,"Chicken Roll Egg",Non-veg
22557,"Prawn Roll",Non-veg
22558,"Special Mughlai",Non-veg
22560,"Chicken Kassa (6 Pcs)",Non-veg
22561,"Chicken Butter Masala (6 Pcs)",Non-veg
22562,"Chicken Do Pyaza (6 Pcs)",Non-veg
22563,"Chicken Curry (6 Pcs)",Non-veg
22564,"Kadai Chicken (6 Pcs)",Non-veg
22565,"Chicken Bharta (6 Pcs)",Non-veg
22566,"Chicken Korma (6 Pcs)",Non-veg
22567,"Hangama Chicken",Non-veg
22568,"Fish Kabiraji",Non-veg
22569,"Prawn Kabiraji",Non-veg
22570,"Chicken Kabiraji",Non-veg
22571,"Paneer Mughlai Paratha",Veg
22577,"Potato Chilli Garlic Fry",Veg
22580,"Gobi Manchurian (Dry)",Veg
22587,"Special Dal Tadka",Veg
22588,"Aloo Dum (Kashmiri)",Veg
22603,"Veg Manchurian Soup",Veg
22605,"Veg Chow mein (Gravy)",Veg
22611,"Hot Chilli Garlic Mushroom",Veg
22615,"Chicken with Mushroom Soup",Non-veg
22620,"Chilli Chicken Boneless",Non-veg
22621,"Chicken Manchurian Boneless",Non-veg
22622,"Garlic Chicken Boneless",Non-veg
22623,"Chilli Fish (Bhetki)",Non-veg
22624,"Fish Manchurian (Bhetki)",Non-veg
22625,"Garlic Fish (Bhetki)",Non-veg
22626,"Hot Chilli Garlic Fish (Bhetki)",Non-veg
22629,"Hot Chilli Garlic Prawn",Non-veg
22630,"Mocher Ghonto",Veg
22631,"Potoler Dorma Paneer",Veg
22632,"Aloo Posta",Veg
22634,"Aloo Fulgobi",Veg
22636,"Doi Begun",Veg
22637,"Karai Sutir Dal (Mug)",Veg
22638,"Chanar Dalna",Veg
22639,Aloo,Veg
22640,Begun,Veg
22642,Fulgobi,Veg
22643,"Musur Daler Bora (Saturday)",Veg
22644,"Mocha Chingri",Non-veg
22645,"Kochur Loti Chingri",Non-veg
22646,"Mangso Potolar Dorma",Non-veg
22647,"Chingri Potolar Dorma",Non-veg
22648,"Kucho Chingri Bora",Non-veg
22649,"Murgir Jhol",Non-veg
22650,"Murgir Stew",Non-veg
22651,"Kosha Murgir Mansho",Non-veg
22652,"Murgir Dakbangala",Non-veg
22653,"Amsatya Khejur Chutney",Non-veg
22654,"Kuter Chutney (Seasonal)",Non-veg
22656,"Egg Chow mein (Gravy)",Non-veg
22658,"Chicken Chow mein (Gravy)",Non-veg
22659,"Prawn Hakka Chow mein",Non-veg
22660,"Prawn Chow mein (Gravy)",Non-veg
22661,"Mixed Hakka Chow mein",Non-veg
22662,"Mixed Chow mein (Gravy)",Non-veg
22708,"Chhole Bhature (2 Pcs)",Veg
22710,"Chole Chawal",Veg
22711,"Packaged Drinking Water",Veg
22713,"Apple Juice",Veg
22714,"Mango Juice",Veg
22717,"Mango Milkshake",Veg
22720,"Salty Fresh Lime Water",Veg
22721,"Sweet Fresh Lime Water",Veg
22732,"Chicken Junction Spl.soup",Non-veg
22750,"Stir Fry Vegetables",Veg
22769,"Prawn Chilli  Dry",Non-veg
22774,"Devil's Choice Veg Gravy",Veg
22775,"Mix Mangolian Veg Gravy",Veg
22791,"Mushroom  Tikka Saslik",Veg
22798,"Afghani Bhatti Murg",Non-veg
22805,"Ajuwaini Fish Tikka",Non-veg
22806,"Mutton Seek Kebab",Non-veg
22818,"Murg Dholagiri1",Non-veg
22836,"Veg Keema Kasturi",Veg
22850,"Murg Mussallam",Non-veg
22868,"Methi Murg",Non-veg
22869,"Murg Dhaniya Adraki",Non-veg
22871,"Murg Pudinawala",Non-veg
22872,"Murg Rara Boneless",Non-veg
22873,"Murg Saagwala",Non-veg
22875,"Mutton Maharaja",Non-veg
22879,"Murgh Patiyala",Non-veg
22889,"Non Veg MIX Spring Rice",Non-veg
22921,"Salt Lassi",Veg
22923,"Aloo Gobhi Paratha (2 Pcs)",Veg
22924,"Aloo Pyaz Paratha",Veg
22926,"Mix Veg Paratha (2 Pcs)",Veg
22927,"Poori Bhaji (4 Pcs)",Veg
22930,"Italian Spiced Cheese Paratha (2 Pcs)",Veg
22934,"Fried Egg",Non-veg
22935,"Masala Omlette",Non-veg
22937,"Egg & Cheese Paratha (2 Pcs)",Non-veg
22939,"Chicken Bharta Paratha (2 Pcs)",Non-veg
22940,"Mutton Keema Paratha (2 Pcs)",Non-veg
22941,"Aloo Bonda (4 Pcs)",Veg
22942,"Mix Veg Pakoda (8  Pcs)",Veg
22944,"Paneer Pakoda (6 Pcs)",Veg
22945,"Veg Cheese Balls",Veg
22946,"Egg Chilly Dry",Non-veg
22949,"Chicken Cheese Balls",Non-veg
22952,"Chicken Tikka Pakoda (6 Pcs)",Non-veg
22953,"Amritsari Fish Pakoda (6 Pcs)",Non-veg
22954,"Fish Cutlet",Non-veg
22956,"Fish N Chips (6 Pcs)",Non-veg
22957,"Golden Fried Prawn (6 Pcs)",Non-veg
22958,"Yellow Dal Tadka Meal",Veg
22959,"Paneer Butter Masala Meal1",Veg
22960,"Murgh Curry Meal",Non-veg
22961,"Hot Garlic Paneer Meal",Veg
22962,"Chicken In Thai Red Curry Meal",Non-veg
22963,"Chilly Chicken Meal",Non-veg
22964,"Home Style Chicken Curry Meal",Non-veg
22965,"Mustard Fish Curry Meal",Non-veg
22966,"Mutton Curry Meal",Non-veg
22968,"Cholle Chawal Meal",Veg
22969,"Classic Thai Meal",Veg
22970,"Dal Fry Meal",Veg
22971,"Fried Rice Meal",Veg
22972,"Hakka Noodles Meal",Veg
22973,"Home Style Veg Combo",Veg
22974,"Kadhi Chawal",Veg
22975,"Oriental Meal",Veg
22976,"Rajma Chawal",Veg
22977,"Rajma Chawal Meal",Veg
22978,"Regular Home Style Meal",Veg
22979,"Roti Sabji Meal",Veg
22980,"Traditional Indian Meal",Veg
22981,"Kadhi Pakoda Chawal Meal",Veg
22982,"Anda Curry Meal",Non-veg
22983,"Egg Masala Meal",Non-veg
22984,"Chicken Curry Meal",Non-veg
22985,"Thai Veg Curry Meal",Veg
22986,"Veg Rice Manchurian Meal",Veg
22987,"Chicken Rice Chilly Chicken Meal",Non-veg
22988,"Thai Chicken Curry Meal",Non-veg
22990,"Dal Dhania Shorba",Veg
22991,"Glass Noodle Clear Soup",Veg
22992,"Green Peas & Sweet Corn Soup",Veg
22993,"Lemon Corinder Clear Soup",Veg
22994,"Palak  Dal Shorba",Veg
22995,"Veg Thupka",Veg
22996,"Paneer Sufiayana Tikaa",Veg
22998,"CHANA MASALA",Veg
22999,"CHICKEN TIKKA MASALA",Non-veg
23000,"CHICKEN BUTTER MASALA",Non-veg
23001,"DUM ALOO",Veg
23002,"KADAI PANEER",Veg
23003,"PANEER BUTTER MASALA",Veg
23004,"CHICKEN LOLLYPOP",Non-veg
23005,"CHILLI PRAWN (6)",Non-veg
23006,"SHANGHAI PRAWN (6)",Non-veg
23007,"CHINESE COMBO NON VEG",Non-veg
23008,"CHINESE COMBO VEG",Veg
23009,"Chinese Combo Veg (Rice +Noodles + Chilli Paneer)",Veg
23010,"Chinese Combo Veg (Rice+Noodles+Manchurian)",Veg
23011,"Chinese Non-Veg (Mix Rice+Noodles+Chilli Chk)",Non-veg
23012,"Chinese Non-Veg (Mix Rice+Noodles+Chk Manchurian)",Non-veg
23013,"Chk Biryani Combo (Chk Biryani + Chk Tikka masala)",Non-veg
23014,"Conti Combo (Mergherita Pizza + Mix Sauce Pasta)",Veg
23015,"Conti Combo Non-Veg(Chicken Popcorn+French Fries)",Non-veg
23016,"Conti Combo(Mergherita Pizza+White Sauce Pasta",Veg
23017,"Egg Biryani Combo (Egg Biryani + Chk Tikka masala)",Non-veg
23018,"INDIAN COMBO NON VEG",Non-veg
23019,"INDIAN COMBO VEG",Veg
23020,"EGG BIRIYANI",Non-veg
23021,"CHEESE FONDUE",Veg
23022,"CHICKEN FONDUE",Non-veg
23023,"RISOTTO ARRABBIATA SAUCE-NON VEG",Non-veg
23024,"RISOTTO ARRABBIATA SAUCE-VEG",Veg
23025,"RISOTTO CHEESE SAUCE-NON VEG",Non-veg
23026,"RISOTTO CHEESE SAUCE-VEG",Veg
23027,"RISOTTO MIXED SAUCE-NON VEG",Non-veg
23028,"RISOTTO MIXED SAUCE-VEG",Veg
23029,"CHICKEN TIKKA PIZZA",Non-veg
23030,"BARBEQUE POLLO PIZZA",Non-veg
23031,"DOUBLE DECKER CHICKEN PIZZA",Non-veg
23032,"DOUBLE DECKER VEG PIZZA",Veg
23033,"FOUR TOPPING PIZZA",Veg
23034,"MARGHERITA PIZZA",Veg
23035,"PANEER TIKKA PIZZA",Veg
23036,"PERI PERI CHICKEN PIZZA",Non-veg
23037,"PERI PERI VEG PIZZA",Veg
23038,"BROCCOLI WITH SPICY CHEESE SAUCE-VEG",Veg
23039,"BROCOLLI WITH SPICY CHEESE SAUCE NON VEG",Non-veg
23040,"PENNE AGLIO-E-LIO-NON VEG",Non-veg
23041,"PENNE AGLIO-E-LIO-VEG",Veg
23042,"PENNE ALFREDO SAUCE-NON VEG",Non-veg
23043,"PENNE ALFREDO SAUCE-VEG",Veg
23044,"Penne Arabbiata Sauce-Non Veg",Non-veg
23045,"PENNE ARABBIATA SAUCE-VEG",Veg
23046,"PENNE MIXED SAUCE-NON VEG",Non-veg
23047,"PENNE MIXED SAUCE-VEG",Veg
23048,"SPAGHETTI AGLIO-E-LIO-NON VEG",Non-veg
23049,"SPAGHETTI AGLIO-E-LIO-VEG",Veg
23050,"SPAGHETTI ALFREDO SAUCE-NON VEG",Non-veg
23051,"SPAGHETTI ALFREDO SAUCE-VEG",Veg
23052,"SPAGHETTI ARABBIATA SAUCE-NON VEG",Non-veg
23053,"SPAGHETTI ARABBIATA SAUCE-VEG",Veg
23054,"SPAGHETTI MIXED SAUCE-NON VEG",Non-veg
23055,"SPAGHETTI MIXED SAUCE-VEG",Veg
23056,"Fish Pop Corn",Non-veg
23057,"Exotic Sauteed Vegetables",Veg
23058,"FISH AND CHIPS",Non-veg
23059,"FRENCH FRIES",Veg
23060,"MASALA FRENCH FRIES",Veg
23061,NACHOS,Veg
23062,"CHILLI CHICKEN PANINI",Non-veg
23063,"PANEER TIKKA PANINI",Veg
23064,"CAPRESE SALAD",Veg
23065,"CAESAR SALAD VEG",Veg
23066,"CAESAR SALAD NON VEG",Non-veg
23067,"GREEK SALAD NON VEG",Non-veg
23068,"GREEK SALAD VEG",Veg
23069,"PASTA SALAD NON VEG",Non-veg
23070,"PASTA SALAD VEG",Veg
23071,"Chelo Kebab - Veg",Veg
23072,"CHICKEN LASAGNE",Non-veg
23073,"Chelo Kebab - Non Veg",Non-veg
23074,"COTTAGE CHEESE IN RED PEPPER SAUCE",Veg
23075,"CRUNCHY CHICKEN",Non-veg
23076,"FISH WITH LEMON BUTTER SAUCE",Non-veg
23077,"STUFFED GRILLED CHICKEN",Non-veg
23078,"VEG LASAGNE",Veg
23079,"CHICKEN MEXICAN WRAP",Non-veg
23080,"CHICKEN TIKKA WRAP",Non-veg
23081,"EGG WRAP",Non-veg
23083,"BROWNIE SHAKE",Veg
23084,"CHOCOLATE MINT SHAKE",Veg
23085,"CHOCOLATE SHAKES",Veg
23086,"EXTRA KITKAT",Veg
23087,"KIT-KAT SHAKE",Veg
23088,"MANGO SHAKE",Veg
23089,"MINT-OREO SHAKE",Non-veg
23090,"OREO SHAKE",Veg
23091,"PINEAPPLE SHAKE",Veg
23092,"STRAWBERRY SHAKE",Veg
23093,"PACKAGED WATER",Veg
23094,"RED BULL",Veg
23095,SPRITE,Veg
23096,"THUMS UP",Veg
23099,"CHICKEN CHEESE KEBAB",Non-veg
23100,"ALOO TIKKA-2 PCS",Veg
23102,"MALAI PANEER",Veg
23103,"RESHMI KEBAB",Non-veg
23105,"VEG SEEKH KEBAB",Veg
23106,"Hakka Veg Noodles",Veg
23108,"CHILLI GARLIC CHICKEN NOODLES",Non-veg
23109,"CHILLI GARLIC VEG NOODLES",Veg
23110,"HAKKA CHICKEN NOODLES",Non-veg
23111,"SCHEZWAN CHICKEN NOODLES",Non-veg
23112,"SCHEZWAN VEG NOODLES",Veg
23113,"CHILLI GARLIC CHICKEN RICE",Non-veg
23114,"CHILLI GARLIC VEG RICE",Veg
23115,"FRIED RICE CHICKEN",Non-veg
23116,"FRIED RICE VEG",Veg
23117,"GINGER CAPSICUM VEG RICE",Veg
23118,"SCHEZWAN CHICKEN RICE",Non-veg
23119,"SCHEZWAN VEG RICE",Veg
23120,"Veg Steam Momo ( 6 Pcs )",Veg
23122,"Veg Pan Fried Momos (6 Pcs)",Veg
23123,"Veg Schezwan Momo(6 Pcs)",Veg
23124,"Chicken Steam Momo ( 6 Pcs )",Non-veg
23126,"Chicken Pan Fried Momos (6 Pcs)",Non-veg
23127,"Chicken Schezwan Momo(6 Pcs)",Non-veg
23128,"Chicken Momo in Hot Garlic Sauce (6 Pcs)",Non-veg
23129,"Veg Momo in Hot Garlic Sauce (6 Pcs)",Veg
23130,"SWEET CORN SOUP - NON VEG",Non-veg
23131,"SWEET CORN SOUP - VEG",Veg
23132,"Shanghai Fish",Non-veg
23134,"CHILLI GARLIC POTATO",Veg
23135,"CHILLI GARLIC BABY CORN",Veg
23136,"Chilli Garlic Chicken",Non-veg
23138,"Chicken Pop Corn",Non-veg
23139,"Fish Fingers (6 Pcs)",Non-veg
23140,"Prawn Pakoda",Non-veg
23141,"Salt N Pepper Chicken",Non-veg
23142,"Salt N Pepper Fish",Non-veg
23143,"SALT & PEPPER PANEER",Veg
23144,"SALT & PEPPER US CORN",Veg
23145,"CHILLI CHICKEN DRY",Veg
23146,"CHILLI BURNT GARLIC CHICKEN",Non-veg
23147,"CHILLI POTATO",Veg
23148,"MANCHURIAN CHICKEN",Non-veg
23149,"MANCHURIAN VEG",Veg
23150,"PAN FRIED NON VEG NOODLES",Non-veg
23151,"SCHEZWAN CHICKEN",Non-veg
23152,"SCHEZWAN PANEER",Veg
23153,"SCHEZWAN VEG",Veg
23154,"Pulao Peas",Veg
23155,"Pulao Veg",Veg
23158,"Biriyani Veg",Veg
23159,"ONLINE-CHICKEN BRIYANI",Non-veg
23160,"Raita Mix",Veg
23161,"GREEN SALAD",Veg
23162,"MASALA PAPAD",Veg
23163,"ROASTED PAPAD",Veg
23165,"NON VEG PLATTER",Non-veg
23166,"VEG PLATTER",Veg
23169,"KULCHA ALOO",Veg
23170,"KULCHA MASALA",Veg
23171,"LACHHA PARATHA PLAIN",Veg
23172,Paratha-Aloo,Veg
23173,PARATHA-PANEER,Veg
23174,"Thai Basil Fish",Non-veg
23175,"BROWNIE WITH ICECREAM",Veg
23176,"HOT FUDGE BROWNIE",Veg
23177,"Sizzling Brownie With Chocolate Sauce",Veg
23178,"SWEET HEART",Veg
23179,"TRUTTI FRUTTI",Veg
23182,"Plain Paratha With Sabji",Veg
23183,"5 Poori With Chola",Veg
23186,"Pyaaz Pakora",Veg
23187,"Bread Omelette",Non-veg
23188,"Sattu Paratha Combo 2",Veg
23189,"5 Poori With Sabzi",Veg
23192,"Chana Dal Paratha",Veg
23195,"Chana Dal Puri",Veg
23196,"Sattu Puri",Veg
23197,"Aloo Puri",Veg
23198,"Roti With Chana Dal Tadka",Veg
23201,"Plain Paratha With Sabzi",Veg
23202,"4 Sattu Puri With Sabzi",Veg
23203,"4 Aloo Puri With Sabzi",Veg
23204,"4 Chana Dal Puri With Sabzi",Veg
23205,"Aloo Paratha Combo 2",Veg
23206,"Paneer Paratha Combo 2",Veg
23209,"Spicy Aloo Egg Curry",Non-veg
23212,"Paneer Chili Gravy",Veg
23216,"Aloo Chana",Veg
23218,"Chana Masala Dry",Veg
23219,"Kabuli Chana Masala Dry",Veg
23220,Chola,Veg
23222,"Spicy Egg Curry [2 Eggs] With 4 Plain Paratha",Non-veg
23223,"Spicy Aloo  Egg Curry [2 Eggs] With 4 Plain Paratha",Non-veg
23224,"Spicy Aloo Egg Curry [2 Eggs] With 4 Tawa Rotii",Non-veg
23225,"Spicy Egg Curry [2 Eggs] With 4 Tawa Roti",Non-veg
23227,"Steamed Rice Regular",Veg
23228,"Plain Arwa Rice Regular",Veg
23229,"Plain Arwa Rice [Regular] With Egg Curry [2 Eggs]",Non-veg
23230,"Basmati Jeera Rice  With Egg Curry [2 Eggs]",Non-veg
23231,"Plain Arwa Rice [regular] With Aloo Egg Curry [2 Eggs]",Non-veg
23232,"Basmati Jeera Rice  With Aloo Egg Curry [2 Eggs]",Non-veg
23233,"Basmati Rice",Veg
23235,"Chana Salted Pepper",Veg
23241,"Sanghai Paneer",Veg
23242,"Paneer Shezwan",Veg
23244,"Paneer Salted Pepper",Veg
23247,"Veg Baby Corn Hot & Sour Soup",Veg
23248,"Veg Mushroom Hot & Sour Soup",Veg
23249,"Veg American Corn Hot & Sour Soup",Veg
23250,"Veg Paneer Hot & Sour Soup",Veg
23254,"Veg Talmine Soup",Veg
23255,"Veg Dhaniya Sarba Soup",Veg
23256,"Veg Spinach Butter Soup",Veg
23257,"Veg Lemon Corriender Soup",Veg
23258,"Veg Corriender Soup",Veg
23260,"Veg Mushroom Sweet Corn Soup",Veg
23261,"Veg Paneer Sweet Corn Soup",Veg
23262,"Veg Baby Corn Sweet Corn Soup",Veg
23264,"Corn Chilly",Veg
23265,"Corn Salted Pepper",Veg
23266,"Butter Corn Steam",Veg
23273,"Veg Lemon Fried Rice",Veg
23274,"Kimchi Fried Rice",Veg
23275,"Ginger Corn Fried Rice",Veg
23279,"Mushroom Salted Pepper",Veg
23280,"Mushroom Chilly Day",Veg
23283,"Shanghai Mushroom",Veg
23285,"Mushroom Dry",Veg
23286,"Mushroom Shezwan",Veg
23287,"Mushroom Sweet & Sour",Veg
23288,"Crispy Potato Chilly",Veg
23289,"Potato Salted Pepper",Veg
23291,"Potato Chilly",Veg
23292,"Garlic Potato",Veg
23293,"Ginger Potato",Veg
23294,"Shanghai Potato",Veg
23295,"Potato Shezwan",Veg
23296,"Potato Sweet & Sour",Veg
23297,"Fry Momo",Veg
23298,"Momo Chilly Dry",Veg
23300,"Baby Corn Salted Pepper",Veg
23302,"Shanghai Baby Corn",Veg
23303,"Baby Corn Schezwan",Veg
23305,"Baby Corn Sweet & Sour",Veg
23307,"Red Pasta",Veg
23308,"White Pasta",Veg
23312,"Chinese  Choupsey",Veg
23313,"Veg American Corn Choupsey",Veg
23314,"Paneer Choupsey",Veg
23315,"Corn Choupsey",Veg
23316,"Mushroom Choupsey",Veg
23319,"Garlic Veg",Veg
23320,"Ginger Veg",Veg
23325,"Baby Corn Hakka Noodles",Veg
23326,"Mushroom Hakka Noodles",Veg
23327,"Corn Hakka Noodles",Veg
23329,"Mix Noodles",Veg
23330,Mongolian,Veg
23331,"Gravy Noodles",Veg
23332,Maggie,Veg
23335,"Chicken Biryani [h] + Pepsi [250ml]",Non-veg
23338,"Egg Biryani [Full]",Non-veg
23339,"Chilli Chicken (Boneless)",Non-veg
23349,"Chicken Butter Masala [boneless]",Non-veg
23362,"Chicken Popcorn Rice Bowl",Non-veg
23363,"Mutton Biryani [f] + 1 Firni",Non-veg
23364,"Chicken Biryani [f] + 1 Firni",Non-veg
23365,"Mutton Biryani [h] + 1 Pepsi [250ml]",Non-veg
23367,"Mutton Biryani [h] + Raita + 1 Firni",Non-veg
23368,"Chicken Biryani [h] + Raita + 1 Firni",Non-veg
23369,"Dfc Dip",Veg
23373,"Chicken Darbar Biryani (boneless)",Non-veg
23374,"Chicken Tikka Biryani (boneless)",Non-veg
23392,"Kadhai Chicken [boneless]",Non-veg
23397,"Chicken Chaap [Full]",Non-veg
23399,"Murgh Musallam Handi [Full]",Non-veg
23401,"Mutton Shahi Korma",Non-veg
23403,"Mutton Rezala",Non-veg
23406,"Seasonal Veg (Mix Vegetables)",Veg
23414,"Awadhi Naan",Veg
23415,"Butter Awadhi Naan",Veg
23428,"Malai Kebab [ Boneless ]",Non-veg
23429,"Bihari Kebab [ Boneless ]",Non-veg
23431,"Musallam Darbar [full Chicken]",Non-veg
23432,"Chicken Hariyali Kebab [ Boneless ]",Non-veg
23433,"Chicken Boti Kebab 6 [Full]",Non-veg
23434,"Chicken Reshmi Kebab [ Boneless ]",Non-veg
23435,"Chicken Tikka 3 By 6 [ Boneless ]",Non-veg
23436,"Chicken Darbari Kebab 3 By 6 [ Boneless ]",Non-veg
23438,"Chicken Tangri Kebab",Non-veg
23459,"Phulka Roti",Veg
23465,"Boiled Egg (4 Pc)",Non-veg
23471,"Tea (5 Cup)",Veg
23472,"Black Tea (2 Cup)",Veg
23486,"Papar Plain",Veg
23502,"Ext Only Gravy",Veg
23503,"Chk Gravy Chowmin",Non-veg
23504,"Paneer Chowmin",Veg
23505,"Veg Gravy Chowmin",Veg
23510,"Veg Schezwan Chow mein",Veg
23511,"Egg Chow mein",Non-veg
23512,"Egg Schezwan Chow mein",Non-veg
23514,"Chicken Schezwan Chow mein",Non-veg
23517,"Egg Veg Fried Rice",Non-veg
23521,"Veg Momos (6 Pcs)+soup",Veg
23522,"Chicken Momos (6 Pcs)+soup",Non-veg
23524,"Paneer Veg Rice",Veg
23529,"Chicken Paratha",Non-veg
23532,"Mixed Veg Paratha",Veg
23544,"Paneer Salt Pepper",Veg
23549,"Chicken Hot Sour Soup",Non-veg
23552,"Chicken Stew Soup",Non-veg
23554,"2egg Chicken Roll",Non-veg
23556,"Masroom Roll",Veg
23561,"Egg Cheese Roll",Non-veg
23562,"Egg in Toast",Non-veg
23569,"Khulfi Shake",Veg
23573,"Spl Tea (2 Cup)",Veg
23574,"Lime Water",Veg
23577,"Coffee (3cup)",Veg
23579,"Green Tea 2 Cup",Veg
23580,"Plain Milk",Veg
23581,"Haldi Milk",Veg
23586,"Mojito Cocktail",Veg
23588,"Corn Chees Sandwich",Veg
23589,"Chocolate Chees Sandwich",Veg
23598,"Egg/chicken Maggi",Non-veg
23599,"Egg Fry Maggi",Non-veg
23600,"Veg Fry Maggi",Veg
23609,"Veg Burger+paneer Sandwich+thumsup",Veg
23610,"Veg Chees Sandwich+veg Maggi+chana Chilli 1/2",Veg
23613,"Vegetarian Special Combo 1 + Pepsi 250 Ml",Veg
23614,"Non Veg Special Combo 3 + Pepsi 250 Ml",Non-veg
23615,"Vegetable Manchow Soup",Veg
23617,"Egg Bhurji (03 Eggs)",Non-veg
23618,"Egg Pakoda (03 Eggs)",Non-veg
23619,"Chicken Pakoda (08 Pcs)",Non-veg
23620,"Chicken 65 (dry) - (12 Pcs)",Non-veg
23622,"Chilly Chicken (with Bone)",Non-veg
23623,"Shredded Chicken In Garlic Sauce (boneless)",Non-veg
23624,"Chicken 65  (With Bone)",Non-veg
23625,"Vegetable Chowmein",Veg
23626,"Vegetable Szechuan Noodles",Veg
23629,"Pindi Choley",Veg
23630,"Special Mixed Veg",Veg
23645,"Plain Nan",Veg
23653,"Pepsi (250 Ml Can)",Veg
23654,"Pepsi (250 Ml Pet bottle)",Veg
23655,"Sawan Special Combo - 1",Veg
23656,"Sawan Special Combo - 2",Veg
23657,"Sawan Special Combo - 3",Veg
23658,"Sawan Special Combo - 4",Veg
23659,"Sawan Special Combo - 5",Veg
23661,"Vegetarian Special Combo 2 + Pepsi 250 Ml",Veg
23662,"Vegetarian Special Combo 3 + Pepsi 250 Ml",Veg
23663,"Vegetarian Special Combo 4 + Pepsi 250 Ml",Veg
23664,"Vegetarian Special Combo 5 + Pepsi 250 Ml",Veg
23665,"Vegetarian Special Combo 6 + Pepsi 250 Ml",Veg
23666,"Non Veg Special Combo 1 + Pepsi 250 Ml",Non-veg
23667,"Non Veg Special Combo 2 + Pepsi 250 Ml",Non-veg
23669,"Non Veg Special Combo 4 + Pepsi 250 Ml",Non-veg
23670,"Non Veg Special Combo 5 + Pepsi 250 Ml",Non-veg
23671,"Non Veg Special Combo 6 + Pepsi 250 Ml",Non-veg
23672,"Plain Khichdi With Aloo Chokha, Dahi, Papad & Mix Pickle",Veg
23673,"Plain Rice & Aloo Dum",Veg
23674,"Punjabi Rajma Chawal With Pickle & Papad",Veg
23675,"Jeera Pulao Choley With Pickle & Papad",Veg
23676,"Paneer Paratha With Aloo Dum",Veg
23677,"Aloo Paratha With Dahi",Veg
23678,"Muttar Paneer And Paratha",Veg
23679,"Dal Makhani With Baby Naan",Veg
23680,"Veg Pulao & Paneer Pasanda",Veg
23681,"Veg Chowmein & Paneer Chilly",Veg
23682,"Szechuan Veg Chowmein With Vegetable Sweet & Sour",Veg
23683,"Katla Fish Kalia & Steam Rice",Non-veg
23684,"Chicken Kassa & Paratha",Non-veg
23685,"Chicken Butter Masala & Tawa Paratha",Non-veg
23686,"Chicken Kassa & Basanti Pulao",Non-veg
23687,"Chicken Masala & Veg Pulao",Non-veg
23688,"Chicken Kassa & Chicken Biryani",Non-veg
23689,"Chicken Lababdar & Vegetable Pulao",Non-veg
23690,"Kosha Mangsho (mutton) & Plain Paratha",Non-veg
23691,"Vegetable Fried Rice & Chilly Chicken (with Bone)",Non-veg
23692,"Vegetable Chow Mein & Szechuan Chicken (with Bone)",Non-veg
23693,"Egg Fried Rice & Chilly Chicken (boneless)",Non-veg
23694,"Kosha Mangsho (mutton ) & Vegetable Pulao",Non-veg
23695,"Kasha Mangsho (mutton) Plain Paratha",Non-veg
23696,"Vegetable Sweet Corn Soup",Veg
23698,"Vegetable Hot And Sour Soup",Veg
23699,"Vegetable Lemon Coriander Soup",Veg
23702,"Mushroom And Corn Chowder",Veg
23705,"Egg Drop Soup",Non-veg
23706,"Chicken And Mushroom Chowder",Non-veg
23707,"Seafood And Coriander Broth",Non-veg
23708,"Paneer Bhurjee",Veg
23709,"Paneer Pakoda (08 Pcs)",Veg
23712,"Crispy Chilly Mushroom With Peppers",Veg
23713,"Crispy Sweet Corn Salt & Pepper",Veg
23714,"Vegetable Pakoda (08 Pcs)",Veg
23715,"Paneer 65 (dry)- (12 Pcs)",Veg
23716,"Achari Aloo Tikki (08 Pcs) With Choley",Veg
23718,"Chicken Lolypop",Non-veg
23721,"Szechuan Chilly Prawns (dry) - (08 Pcs)",Non-veg
23722,"Mix Seafood Pepper Salt",Non-veg
23723,"Fish Finger With Mustard Sauce (08 Pcs)",Non-veg
23724,"Masala Fried Fish (08 Pcs)",Non-veg
23725,"Fried Fish Tartare Sauce (03 Pcs)",Non-veg
23729,"Fish Orly",Non-veg
23730,"Tandoori Aloo (06 Pcs)",Veg
23731,"Paneer Tikka Achari (08 Pcs)",Veg
23732,"Paneer Tikka (08 Pcs)",Veg
23733,"Makhmali Subz Ke Seekh (06 Pcs)",Veg
23734,"Paneer Malai Tikka (08 Pcs)",Veg
23735,"Tandoori Phool (06 Pcs)",Veg
23736,"Chamman Subz Shashilik",Veg
23737,"Tandoori Mushroom (10 Pcs)",Veg
23738,"Jalpari Kabab (08 Pcs)",Non-veg
23739,"Mahi Tikka Ajwaini (08 Pcs)",Veg
23740,"Murg Tikka (08 Pcs)",Non-veg
23741,"Murg Abu Chilli Kabab (08 Pcs)",Non-veg
23742,"Murg Malai Tikka (08 Pcs)",Non-veg
23743,"Tangdi Kabab (04 Pcs)",Non-veg
23744,"Murg Achari Tikka ( 08 Pcs)",Non-veg
23745,"Tand Oori Murg (02 Pcs)",Veg
23746,"Mushroom 65 With Gravy",Veg
23750,"Paneer 65 (with Gravy)",Veg
23752,"Kung Pao Cauliflower",Veg
23755,"Buddha's Delight",Veg
23756,"Asian Chilly Garlic Prawns",Non-veg
23757,"Fish With Ginger Soy Sauce",Non-veg
23769,"Vegetable Szechuan Fried Rice",Veg
23770,"Pot Rice With Vegetables",Veg
23771,"Burnt Ginger, Corn And Capsicum  Fried Rice",Veg
23773,"Pan Fried Vegetable Noodles",Veg
23775,"Vegetable Singapuri Chow Mein",Veg
23776,"Special Vegetable Chowmein",Veg
23780,"Pot Rice With Chicken",Non-veg
23784,"Chicken Schezwan Chowmein",Non-veg
23785,"Chicken Singapuri Chowmein",Non-veg
23786,"Special Mixed Chowmein",Non-veg
23787,"Vegetable Garden Surprise",Veg
23788,"Vegetable Kolhapuri",Veg
23793,"Hara Mattar Masala",Veg
23804,"Subz Dewani Handi",Veg
23806,"Mushroom Kolhapuri",Veg
23809,"Dum Aloo Kashmiri",Veg
23815,"Kadai Machli",Non-veg
23817,"Katla Macher Kalia",Non-veg
23818,"Masala Fried Fish",Non-veg
23819,"Anda Bhurjee",Non-veg
23832,"Hungry Bird Special Chicken",Non-veg
23833,"Murgh Masallam",Non-veg
23835,"Chicken Methi Malai",Non-veg
23836,"Kasa Mutton",Non-veg
23837,"Handi Mutton",Non-veg
23838,"Railway Mutton",Non-veg
23862,"Rajma Masala",Veg
23865,"Veg Thali 1",Veg
23866,"Veg Thali 3",Veg
23867,"Egg Thali (small)",Non-veg
23868,"Egg thali (large)",Non-veg
23870,"Chicken thali",Non-veg
23874,"Hot Gulab Jamun (02 Pcs)",Veg
23877,"Lassi (300 ml)",Veg
23879,"Tandoori Chicken (full)",Non-veg
23880,"Veg Fried Rice + Chilli Chicken (With Bone)",Non-veg
23881,"Newly Launched Hungry Bird Special Thalis ( Combo).",Non-veg
23882,"Non Veg Special Combo",Non-veg
23883,"Veg Chowmin + Chilly Chicken (With Bone)",Non-veg
23884,"Veg Thali 5",Veg
23896,"Hot & Sour Soup (Veg)",Veg
23897,"Manchow Soup (Veg)",Veg
23898,"Baby Corn (Chilli)",Veg
23914,"Chilli Garlic Chicken Noodles",Non-veg
23921,"Double Egg & Double Chicken Roll",Non-veg
23923,"Chicken Chilli Garlic Rice",Non-veg
23927,"Mix Schezwan Rice",Veg
23939,"Chana (Chilli)",Veg
23940,"Mushroom (Chilli)",Veg
23942,"Chicken Garlic Gravy",Non-veg
23946,"Chana (Salt & Pepper)",Veg
23947,"Mushroom (Salt & Pepper)",Veg
23948,"Baby Corn (Salt & Pepper)",Veg
23952,"Paneer Kassa",Veg
23954,"Veg Do-Pyaza",Veg
23960,"Paneer Do-Pyaza",Veg
23969,"Murgh Punjabi (Bone)",Non-veg
23972,"Murgh Butter Masala (Bone)",Non-veg
23975,"Yellow Dal Tadka (Ghee)",Veg
23980,"Bhatti Murgh",Non-veg
23981,"Murg Kali Mirch",Non-veg
23982,"Maahi Kesari Tikka",Non-veg
23983,"Lehsuni Jhinga",Non-veg
23984,"Paneer Tikka Multani",Veg
23985,"Pudina Paneer Tikka",Veg
23987,"Cheese Corn Ball",Veg
23988,"Crispy Shanghai Rolls",Veg
23989,"Lovely Corn",Veg
23990,"Tangdi Kebab",Non-veg
23991,"Boti Kebab",Non-veg
23992,"Galouti Kebab",Non-veg
23993,"Murgh Badami Shorba",Non-veg
23994,"Cream Soup [Chicken]",Non-veg
23995,"Cream Soup [Vegetable]",Veg
23996,"Cream Soup [Mushroom]",Veg
23997,"Green Veggie Salad",Veg
23998,"Balsamic Chicken Salad",Non-veg
23999,"Kannelite Classic Salad",Non-veg
24000,"Classic Caesar Salad",Veg
24002,"Kannelite Chicken Sandwich",Non-veg
24004,"Crispy Vegetable Burger",Veg
24006,"Vegetable Kathi Roll",Veg
24008,"Choices Of Kulcha ( Aloo/ Paneer/ Vegetables )",Veg
24009,"Choices Of Naan ( Plain/ Garlic/ Garlic)",Veg
24010,"Choices Of Roti ( Plain / Missi/butter/ Laccha Paratha )",Veg
24011,"Bamboo Biryani ( Chicken Spiced)",Non-veg
24012,"Bamboo Biryani ( Mutton )",Non-veg
24013,"Hydrabadi Biryani ( Mutton )",Non-veg
24014,"Hydrabadi Biryani ( Chicken )",Non-veg
24015,"Bamboo Biryani",Veg
24016,"Tawa Pulao",Veg
24017,"Pulao ( Green Peas / Veg / Navratna / Burnt Onion )",Veg
24018,"Rice ( Steamed/ Jeera / Ghee )",Veg
24019,"Bamboo Biryani( Chicken )",Non-veg
24022,Missi,Veg
24023,"Kulcha  Paneer",Veg
24024,"Kulcha Aloo",Veg
24027,"Laccha Parantha",Veg
24029,"Singapore Chili Prawn",Non-veg
24031,"Jhinga Curry ( Prawn)",Non-veg
24032,"Laal Maans",Non-veg
24033,"Mattka Mutton",Non-veg
24034,"Mutton Kosa",Non-veg
24036,"Murgh Dhaniya Korma",Non-veg
24037,"Muttka Chicken",Non-veg
24043,"Sarson Fish",Non-veg
24046,"Makhamali Kofta Curry",Veg
24048,"Baby Corn Shahi Masala",Veg
24053,"Kesaria Rasmalai",Veg
24054,"Baked Rosogulla",Veg
24056,"Apple Pie",Veg
24058,"Choices Of Pasta",Veg
24059,"Choices Of Pasta ( Non- Veg)",Non-veg
24080,"Samosa Cutlet Chat",Veg
24085,"Mix Chaat",Veg
24087,"Pakodi Chaat",Veg
24099,"Butter Uttapam",Veg
24101,Barbeque,Veg
24102,"Chang Chilli",Veg
24104,"Hot N Sour Soup",Veg
24107,"Gravy Chowmein (ful)",Veg
24110,"Paneer Chopsuey",Veg
24114,"Green Peas Rice",Veg
24115,"Plain Pakora",Veg
24116,"Bread Roll",Veg
24121,"Paneer Plain Dosa",Veg
24123,"Maharaja Dosa",Veg
24127,"Dosa Hut Special Dosa",Veg
24128,"Corn Cheese Dosa",Veg
24132,"Paneer Spring Roll Dosa",Veg
24136,"Cheese Pav Bhaji",Veg
24137,"Jain Pav Bhaji",Veg
24138,"Plain Onion Dosa",Veg
24139,"Fully Paper Dosa",Veg
24140,"Plain Maharaja Dosa",Veg
24144,"Dosa Hut Special",Veg
24149,"Red Spicy Dosa",Veg
24150,"Navaratan Masala Dosa",Veg
24154,"Peanut Butter Dosa",Veg
24158,"Chop suey Dosa",Veg
24160,"Paneer Mirchi Dosa",Veg
24161,"Mushroom Chop suey Dosa",Veg
24163,"Sizzle Noodles Dosa",Veg
24165,"Russian Salad Dosa",Veg
24166,"Pizza Pasta Stuffing Dosa",Veg
24167,"Tomchi Style Dosa",Veg
24168,"Corn Cheese Stuffing Dosa",Veg
24170,"Mushroom Stuffing Dosa",Veg
24171,"Chinese Roll Dosa",Veg
24172,"Garlic Roast Dosa",Veg
24173,"Schezwan Roast Dosa",Veg
24174,"Peanut Butter Crispy Dosa",Veg
24176,"Red Spice Dosa",Veg
24177,"Pizza Pasta Roast Dosa",Veg
24178,"Corn Cheese Crispy Dosa",Veg
24179,"Tandoori Roast Dosa",Veg
24180,"Hot Garlic Roast Dosa",Veg
24181,"Sweet Chilli Roast Dosa",Veg
24183,"Regular Burger",Veg
24184,"Schezwan Burger",Veg
24187,"Mushroom Burger",Veg
24188,"Dosa Hut Special Burger",Veg
24191,"Paneer pav Bhaji",Veg
24192,"Mushroom Pav Bhaji",Veg
24194,"DH Special Pav Bhaji",Veg
24195,"Only Pav",Veg
24196,"Veg chow mein",Veg
24197,"Egg chow mein",Non-veg
24198,"Chicken chow mein",Non-veg
24199,"Mix chow mein",Veg
24200,"Paneer chow mein",Veg
24201,"Veg roll",Veg
24202,"Egg roll",Non-veg
24203,"Double egg roll",Non-veg
24204,"Chicken roll",Non-veg
24205,"Paneer roll",Veg
24206,"Manchurian roll",Veg
24207,"Veg rice",Veg
24208,"Egg rice",Non-veg
24209,"Chicken rice",Non-veg
24210,"Mix rice",Non-veg
24211,"Paneer rice",Veg
24212,"Chilli chicken",Non-veg
24215,"Veg soup",Veg
24216,"Chicken soup",Non-veg
24217,"Spring rice",Veg
24218,"Rice with manchurian",Veg
24219,"Chow with manchurian",Veg
24220,"Chicken curry",Non-veg
24221,"Egg curry",Non-veg
24223,"Tawa roti",Veg
24226,"Double Cheese Pizza",Veg
24229,"Golden Corn Pizza",Veg
24231,"Kadhai Paneer Tikka Pizza",Veg
24232,"Garden Fresh Pizza",Veg
24233,"Paneer Delight Pizza",Veg
24236,"Golden Veg Pizza",Veg
24237,"Veggie Treat Pizza",Veg
24238,"Caribbean Pizza",Veg
24240,"Mexican Veg Pizza",Veg
24242,"Signature Peri Peri Pizza",Veg
24243,"Chicken Ham Pizza",Non-veg
24244,"Chicken Meatball Pizza",Non-veg
24245,"American Bbq Pizza",Non-veg
24247,"Mutton Keema Pizza",Non-veg
24248,"Zesty Chicken Pizza",Non-veg
24249,"Spicy Lamb Pizza",Non-veg
24250,"Italian Pepperoni Pizza",Non-veg
24251,"Golden Delight Pizza",Non-veg
24252,"Deadpool Pizza",Non-veg
24253,"Hot Queen Pizza",Non-veg
24254,"Tandoori Tikka Pizza",Non-veg
24255,"Bhuna Murg Pizza",Non-veg
24256,"Butter Chicken Pizza",Non-veg
24257,"Kashmiri Lamb Pizza",Non-veg
24258,"Chicken Lahori Pizza",Non-veg
24259,"Smoked Delight Pizza",Non-veg
24260,"Spicy Affair Pizza",Veg
24261,"Exotic Meat Lover Pizza",Non-veg
24262,"Big Meaty Pizza",Non-veg
24263,"Mexican Non Veg Pizza",Non-veg
24264,"Non Veg Overloaded Pizza",Non-veg
24265,"Classic Cheese Pasta",Veg
24266,"Non Veg Pasta",Non-veg
24268,"Veg Potato Wedges (10 Pieces)",Veg
24270,"Cheesy Sauce",Veg
24271,"Indian Treat Combo Non Veg",Non-veg
24272,"Indian Treat Combo Veg",Veg
24273,"Eco Combo Non Veg",Non-veg
24274,"Eco Combo Veg",Veg
24283,"Makhani Paneer Tikka Pizza",Veg
24285,"Rustic Mushroom Pizza",Veg
24288,"Country Special Pizza",Veg
24296,"Veg Overloaded Pizza",Veg
24297,"Veg Extraveganza Pizza",Veg
24323,"Baked Chicken  Wings (3 Pieces)",Non-veg
24326,"Non Veg Cheese Garlic Bread",Non-veg
24327,"Veg Cheese Garlic Bread",Veg
24328,"Italian Chicken Burger",Non-veg
24329,"Italian Veg Burger",Veg
24330,"Jalapeno & Bbq Chicken",Non-veg
24331,"Jalapeno & Corn",Veg
24332,"Corn & Paneer",Veg
24333,Mocktails,Veg
24334,"Tandoori Sauce",Veg
24335,"Makhani Sauce",Veg
24336,"Peri Peri Sauce",Veg
24338,"Bbq Sauce",Veg
24344,"Non Veg Chicago Pizza Family Special",Non-veg
24345,"Veg Chicago Pizza Family Special",Veg
24346,"Non-veg Medium Pizza Pack Of 4",Non-veg
24347,"Veg Pack Medium Pizza Pack Of 4",Veg
24348,"Tomato Ketchup Sachet",Veg
24355,Soanpapdi,Veg
24357,"Desi Ghee Laddu",Veg
24358,"Fruit Barfi",Veg
24365,"Ras Gulab Jamun",Veg
24370,"Besan Gajak",Veg
24375,"Cadbury Laddu",Veg
24377,"Dil Khusar",Veg
24378,Motipak,Veg
24380,"Kesariya Peda",Veg
24390,"Pineapple Milkshake",Veg
24391,"Mixed Fruits Milkshake",Veg
24397,Thandai,Veg
24398,"Aloo Tikki Chaat",Veg
24403,"Raj Kachori Chaat",Veg
24406,"Veg Chilli Garlic Chowmein",Veg
24408,"Veg Mix Chowmein",Veg
24411,"Veg Mixed Rice",Veg
24419,"Butter Onion Sada",Veg
24429,"Mexican Chicken Cheese Burger",Non-veg
24432,"Mango Mojito",Veg
24437,"French Fries Peri Peri",Veg
24439,"7' Personal Fiery Chicken Pizza",Non-veg
24440,"7' Personal Tandoori Chicken Pizza",Non-veg
24441,"8' Medium Tandoori Chicken Pizza",Non-veg
24442,"7' Personal Mexican Chicken Pizza",Non-veg
24443,"7' Personal Hot Chicken Pizza",Non-veg
24444,"7' Personal Chicken Barbeque Pizza",Non-veg
24445,"7' Personal Peri Peri Chicken Pizza",Non-veg
24446,"7' Personal Chicken Carnival Pizza",Non-veg
24447,"7' Personal Tandoori Paneer Pizza",Veg
24448,"7' Personal Chicken Pepprika Pizza",Non-veg
24449,"7' Personal Veg Pepprika Pizza",Veg
24450,"7' Personal Chefs Special Pizza Veg",Veg
24451,"7' Personal Classic Pizza",Veg
24452,"7' Personal Mexican Pizza",Veg
24453,"7' Personal Peri Peri Paneer Pizza",Veg
24454,"7' Personal Paneer Tikka Pizza",Veg
24455,"7' Personal Chilli Paneer Pizza",Veg
24456,"7' Personal Double Cheese Pizza",Veg
24457,"7' Personal Laziz Khash Pizza",Veg
24458,"7' Personal Creamy Cheese Pizza",Veg
24459,"7' Personal Schezwan Pizza",Veg
24460,"7' Personal Laziz Desi Pizza",Veg
24461,"7' Personal Veg Spice Pizza",Veg
24462,"7' Personal Tomato & Corn Pizza",Veg
24463,"7' Personal Corn Delight Pizza",Veg
24464,"8' Veg Cheese Burst Pizza",Veg
24465,"7' Personal Chicken Chilli Pizza",Non-veg
24466,"7' Personal Chicken Tikka Pizza",Non-veg
24467,"7' Personal Chicken Salami Pizza",Non-veg
24468,"7' Personal Chicken Seekh Kabab Pizza",Non-veg
24469,"7' Personal Chicken Schezwan Pizza",Non-veg
24470,"Non Veg Burger+ff+cold Drink",Non-veg
24471,"Veg Burger+ff+cold Drink",Veg
24472,"Boneless Peri Peri Chicken Finger",Non-veg
24475,"Veg Coleslaw Burger",Veg
24483,"Strawberry Mojito",Veg
24484,"Pineapple Mojito",Veg
24490,"Spicy Paneer Pops",Veg
24491,"Peri Peri Paneer Pops",Veg
24495,"8' Medium Fiery Chicken Pizza",Non-veg
24499,"8' Medium Mexican Chicken Pizza",Non-veg
24501,"8' Medium Hot Chicken Pizza",Non-veg
24503,"8' Medium Chicken Barbeque Pizza",Non-veg
24505,"8' Medium Peri Peri Chicken Pizza",Non-veg
24507,"8' Medium Chicken Carnival Pizza",Non-veg
24509,"8' Medium Tandoori Paneer Pizza",Veg
24510,"8' Medium Cheese Burst Pizza",Non-veg
24511,"Veg Cheese Burst",Veg
24512,"8' Medium Chicken Pepprika Pizza",Non-veg
24514,"8' Medium Veg Pepprika Pizza",Veg
24516,"8' Medium Paneer Pepprika Pizza",Veg
24517,"7' Personal Paneer Pepprika Pizza",Veg
24518,"8' Medium Mexican Pizza",Veg
24520,"8' Medium Chefs Special Pizza Veg",Veg
24522,"7' Personal Carnival Pizza",Veg
24523,"8' Medium Carnival Pizza",Veg
24526,"8' Medium Peri Peri Paneer Pizza",Veg
24527,"7' Personal Fiery Paneer Pizza",Veg
24528,"8' Medium Classic Pizza",Veg
24529,"7' Personal Veg Super Pizza",Veg
24530,"8' Medium Veg Super Pizza",Veg
24532,"8' Medium Paneer Tikka Pizza",Veg
24533,"8' Medium Fiery Paneer Pizza",Veg
24535,"8' Medium Chilli Paneer Pizza",Veg
24537,"8' Medium Schezwan Pizza",Veg
24539,"8' Medium Laziz Khash Pizza",Veg
24541,"8' Medium Double Cheese Pizza",Veg
24544,"8' Medium Laziz Desi Pizza",Veg
24545,"8' Medium Simple Veg Pizza",Veg
24547,"8' Medium Veg Spice Pizza",Veg
24549,"8' Medium Creamy Cheese Pizza",Veg
24551,"8' Medium Corn Delight Pizza",Veg
24552,"7' Personal Simple Veg Pizza",Veg
24553,"8' Medium Tomato & Corn Pizza",Veg
24555,"8' Medium Chicken Tikka Pizza",Non-veg
24558,"8' Medium Chicken Desi Pizza",Non-veg
24560,"8' Medium Chicken Chilli Pizza",Non-veg
24561,"7' Personal Chicken Desi Pizza",Non-veg
24563,"8' Medium Chicken Seekh Kabab Pizza",Non-veg
24564,"8' Medium Chicken Salami Pizza",Non-veg
24566,"8' Medium Chicken Schezwan Pizza",Non-veg
24567,"8' Non-veg Cheese Burst Pizza",Non-veg
24568,"8' Medium Chicken Desi Pizza + Pepsi (250 Ml)",Non-veg
24569,"8' Medium Laziz Khash Pizza + Pepsi (250 Ml)",Veg
24570,"8' Medium Chicken Tikka Pizza + Pepsi (250 Ml)",Non-veg
24571,"8' Medium Double Cheese Pizza + Pepsi (250 Ml)",Veg
24572,"Non Veg Pizza(p)+pasta+cold Drink 250ml",Non-veg
24573,"Non Veg Pizza (m)+ French Fries+cold Drink 250ml",Non-veg
24575,"Veg Pizza(p)+pasta+cold Drink",Veg
24576,"Veg Pizza(m) French Fries+ Cold Drink",Veg
24578,"Pizza Grill",Veg
24579,"Tikka Chicken Grill",Non-veg
24580,"Tikka Paneer Grill",Veg
24581,"Boneless Chicken Finger",Non-veg
24586,"Motichoor Rabari",Veg
24587,"Gulabjamun Rabri",Veg
24588,Rabari,Veg
24590,"Desi Ghee Ladoo",Veg
24591,"Besan Ladoo",Veg
24594,"Rasmalai ( 1  Cup)",Veg
24595,"Malai Chamcham (4 Pcs)",Veg
24596,"Rasgulla (5 Pcs)",Veg
24597,"Rajbog [ 5 Pcs]",Veg
24598,Jalebi,Veg
24599,"Gulab Jammun (5 Pcs)",Veg
24600,"Choclate Barfi",Veg
24601,"Khasta Kachori (4pcs)",Veg
24602,"Vegetable Chop(4 Pcs)",Veg
24604,"Kachori Sabji (4 Pcs)",Veg
24605,"Mitha Dahi",Veg
24606,Khoa,Veg
24607,Panner,Veg
24628,"Sev Sabji (2 Plates)",Veg
24630,"Sada Dahi",Veg
24631,"Veg Dum Hyderabadi Biryani",Veg
24632,"Chicken Dum Hyderabadi Biryani",Non-veg
24633,"Chicken Dum Hyderabadi Boneless Biryani",Non-veg
24635,"Mutton Dum Hyderabadi Biryani",Non-veg
24636,"Mutton Dum Hyderabadi Boneless Biryani",Non-veg
24637,"Chicken 65 Hyderabadi Biryani",Non-veg
24639,"Paneer 65 Hyderabadi Biryani",Veg
24640,"Special Veg Delight Hyderabadi Biryani",Veg
24641,"Egg 65 Hyderabadi Biryani",Non-veg
24642,"Aloo 65 Hyderabadi Biryani",Veg
24643,"Bangalore Chicken Kebab Biryani",Non-veg
24644,"Chicken Lollipop Biryani",Non-veg
24645,"Butter Chicken Boneless Hyderabadi Biryani",Non-veg
24646,"Keema Hyderabadi Biryani",Non-veg
24647,"Prawn Hyderabadi Biryani",Non-veg
24648,"Bikkgane Special Hyderabadi Biryani (serves 3)",Non-veg
24649,"Andhra Chicken Biryani",Non-veg
24650,"Andhra Special Chicken Boneless Biryani",Non-veg
24651,"Andhra Chicken Fry Piece Biryani",Non-veg
24652,"Veg Biryani Combo",Veg
24653,"Egg Biryani Combo",Non-veg
24654,"Chicken Biryani Combo",Non-veg
24655,"Special Chicken Biryani Combo",Non-veg
24656,"Mutton Biryani Combo",Non-veg
24657,"Special Mutton Biryani Combo",Non-veg
24658,"Prawn Biryani Combo",Non-veg
24659,"Vegetarian Grand Pack",Veg
24660,"Paneer Grand Pack",Veg
24661,"Chicken Grand Pack",Non-veg
24662,"Mutton Grand Pack",Non-veg
24663,"Aloo Sixty Five",Veg
24666,"Egg Sixty Five",Non-veg
24667,"Hot & Spicy Chicken Wings",Non-veg
24669,"Chicken Sixty Five",Non-veg
24670,"Chicken Dry Roast",Non-veg
24671,"Andhra Chicken Fry",Non-veg
24673,"Andhra Mutton Fry",Non-veg
24674,"Mutton Dry Roast",Non-veg
24676,"Andhra Prawn Fry",Non-veg
24677,"Andhra Dal Fry",Veg
24678,"Kaju Tomato Curry",Veg
24682,"Andhra Chicken Curry",Non-veg
24686,"Andhra Mutton Curry",Non-veg
24689,"Basmati Steamed Rice",Veg
24690,"Veg Brown Rice Biryani",Veg
24691,"Paneer Brown Rice Biryani",Veg
24692,"Egg Brown Rice Biryani",Non-veg
24693,"Chicken Brown Rice Biryani",Non-veg
24694,"Special Chicken Boneless Brown Rice Biryani",Non-veg
24695,"Chicken 65 Brown Rice Biryani",Non-veg
24696,"Mutton Brown Rice Biryani",Non-veg
24697,"Mutton Boneless Brown Rice Biryani",Non-veg
24698,"Prawn Brown Rice Biryani",Non-veg
24699,"Double Ka Meetha",Veg
24700,"Gulab Jamun [1 Piece]",Veg
24716,"Special Chicken Hyderabadi Boneless Biryani",Non-veg
24772,"Extra Onion Salad",Veg
24773,"Extra Chicken",Non-veg
24774,"Extra Mutton",Non-veg
24775,"Extra Egg",Non-veg
24776,"Extra Raita",Veg
24777,"Extra Salan",Veg
24778,"Chicken Chilli + Chicken Fried Rice",Non-veg
24779,"Chicken Dum Biryani + Raita",Non-veg
24781,"Egg Fried Chowmein",Non-veg
24783,"Chicken Fried Chowmein",Non-veg
24784,"Egg Biryani With Raita",Non-veg
24785,"Chicken Dum Hyderabadi Biryani With Raita",Non-veg
24789,"Veg Schezwan Chowmein + Paneer Chilli",Veg
24790,"Jeera Rice + Chicken Butter Masala",Non-veg
24791,"Veg Fried Rice + Chilli Chicken",Non-veg
24800,"Double Chicken Double Egg Roll",Non-veg
24806,"Fried Chicken (6 Pcs)",Non-veg
24809,"Boneless Kadhai Chicken",Non-veg
24811,"Chicken Kaasa with  Bone",Non-veg
24812,"Chicken Do Pyaza with  Bone",Non-veg
24815,"Egg Dum Biryani + Raita",Non-veg
24816,"Chicken Fried Chowmein + Chilli Chicken",Non-veg
24817,"Match Time Special 1",Veg
24818,"Match Time Special 3",Non-veg
24819,"Match Time Special 4",Non-veg
24820,"Match Time Special 5",Non-veg
24822,"Egg Schezwan Rice",Non-veg
24824,"Egg Schezwan Chowmein",Non-veg
24833,"Egg Spring Schezwan Rice",Non-veg
24834,"Chicken Spring Schezwan Rice",Non-veg
24835,"Match Time Special 2",Veg
24836,"Tandoori Kebab",Non-veg
24841,"Veg Fried Chowmein",Veg
24843,"Paneer Fried Chowmein",Veg
24845,"Veg Schezwan Chowmein",Veg
24846,"Paneer Schezwan Rice",Veg
24847,"Paneer Schezwan Chowmein",Veg
24849,"Paneer Spring Rice",Veg
24850,"Veg Spring Schezwan Rice",Veg
24851,"Paneer Spring Schezwan Rice",Veg
24855,"Double Chicken Roll + Roasted Chilli Chicken",Non-veg
24856,"Chicken Fry Rice + Chicken 65",Non-veg
24857,"Chicken Biryani + Chicken Olympia (2 Pcs)",Non-veg
24858,"Laccha Paratha (4 Pcs) + Chicken Do Pyaza with Bone",Non-veg
24881,"Roasted Chilly Chicken (6 Pcs)",Non-veg
24892,"Chicken Curry with  Bone",Non-veg
24893,"Kadhai Chicken with  Bone",Non-veg
24894,"Chicken Butter Masala with  Bone",Non-veg
24897,"Laccha Paratha (1 Pc)",Veg
24900,"Mutton Egg Biryani",Non-veg
24904,"Aloo Egg Biryani",Non-veg
24905,"Chicken Extra",Non-veg
24906,"Mutton Extra",Non-veg
24910,"Paneer + Onion",Veg
24911,"Veg Loaded",Veg
24912,"Deluxe Veggie",Veg
24913,"Cheese Mexican",Veg
24916,"Loaded Cheese",Veg
24921,"Veg Paneer Burger",Veg
24924,"Tomato Pasta",Veg
24926,"Peri Peri Fried",Veg
24927,Normal,Veg
24929,"Chat Potato",Veg
24930,"Plain Maggie",Veg
24932,"Corn Cheese",Veg
24933,Tandoori,Veg
24934,"Paneer Maggie",Veg
24941,"Veg Manchurian [half] With Veg Chowmein [half]",Veg
24942,"Chicken Salt and Papper",Non-veg
24947,"Paneer manchurian",Veg
24954,"Veg Schezwan Hakka Chowmein",Veg
24956,"Paneer Hakka Chowmein",Veg
24957,"Egg Hakka Chowmein",Non-veg
24959,"Mix Hakka Chowmein",Veg
24966,"Double Egg Chicken Egg Roll",Non-veg
24967,"Chicken Chilli Momo",Non-veg
24969,"Veg Chilli Momo",Veg
24984,"Paneer Dum Biryani [1/2 Kg] Serves 1-2",Veg
24985,"Veg Hyderabadi Dum Biryani [1/2 Kg] Serves 1-2",Veg
24986,"Veg Hyderabadi Dum Biryani - [1 Kg] Serves 2-3",Veg
24987,"Peshawari Chole Biryani [1/2 Kg] Serves 1-2",Veg
24988,"Egg Dum Biryani [1/2 Kg] Serves 1-2",Non-veg
24989,"Chicken Hyderabadi Dum Biryani [1/2 Kg] Serves 1-2",Non-veg
24990,"Chicken Boneless Dum Biryani [1/2 Kg] Serves 1-2",Non-veg
24991,"Malamaal Murg Dum Biryani [1/2 Kg] Serves 1-2",Non-veg
24992,"Mutton Hyderabadi Dum Biryani [1/2 Kg] Serves 1-2",Non-veg
24993,"Kolkata Chicken Biryani - [1Kg] Serves 2-3",Non-veg
24994,"Dum Nihari Gosht [350gms]",Non-veg
24995,"Lucknowi Chicken Biryani (1/2 Kg) + Choice of Starter",Non-veg
24996,"Veg Hyderabadi Biryani (1/2 Kg) + Choice of Starter",Veg
24997,"Hyderabadi Chicken Biryani (1/2 Kg) + Choice of starter",Non-veg
24998,"Lucknowi Chicken Biryani (1/2 Kg) + Choice of Curry + 2 Rumali Roti",Non-veg
24999,"Prawns 65 Biryani (1/2 Kg)",Non-veg
25000,"Fish Biryani (1/2 Kg)",Non-veg
25001,"Prawns 65 (8 Pcs)",Non-veg
25002,"Veg Hyderabadi Biryani - Single Portion",Veg
25003,"Paneer Hyderabadi Biryani - Single Portion",Veg
25004,"Chicken Lucknowi Biryani - Single Portion",Non-veg
25005,"Chicken Hyderabadi Boneless Biryani - Single Portion",Non-veg
25011,"Paneer Tikka Biryani [1/2kg] Serves 1-2",Veg
25013,"Chicken Hyderabadi Dum Biryani -[1 Kg] Serves 2-3",Non-veg
25015,"Chicken Tikka Biryani [1/2kg] Serves 1-2",Non-veg
25018,"Rara Mutton Biryani [1/2kg] Serves 1-2",Non-veg
25019,"Chicken Lucknowi Biryani -[1 Kg] Serves 2-3",Non-veg
25020,"Chicken Lucknowi Biryani [1/2Kg] Serves 1-2",Non-veg
25021,"Mutton Lucknowi Biryani [1/2 Kg] Serves 1-2",Non-veg
25023,"Kolkata Mutton Biryani - [1Kg] Serves 2-3",Non-veg
25024,"Mutton Galouti (4pcs)",Non-veg
25025,"Veg Galouti (4pcs)",Veg
25026,"Chicken 65 (8pcs)",Non-veg
25027,"Paneer 65 (10pcs)",Veg
25028,"Chicken Ghee Roast (5pcs)",Non-veg
25029,"Punjabi Fish Fry (6pcs)",Non-veg
25030,"Chicken Seekh Kebab (8pcs)",Non-veg
25032,"Non Veg Platter",Non-veg
25033,"Chicken Korma - 250 gms",Non-veg
25034,"Paneer Nawabi - 250 gms",Veg
25035,"Dal Makhani - 250 gms",Veg
25036,"Dum Ka Keema Gosht [350 gms]",Non-veg
25040,"Dal Makhani + 2 Rumali Roti + Plain Raita",Veg
25041,"Paneer 65 + 2 Rumali Roti + Plain Raita",Veg
25042,"Chicken Seekh Kebab + 2 Rumali Roti + Plain Raita",Non-veg
25043,"Chicken Ghee Roast + 1 Ulta Tawa Paratha + Plain Raita",Non-veg
25044,"Chicken Korma + 2 Rumali Roti + Plain Raita",Non-veg
25045,"Mutton Galouti Kebab + 1 Ulte Tawe ka Paratha + Plain Raita",Non-veg
25046,"Dal Makhni + Paneer 65 + 2 Rumali + Plain Raita",Veg
25047,"Paneer Nawabi + Veg Galouti+ 2 Ulte Tawa ka Parantha + Plain…",Veg
25048,"Chicken Seekh Kebab + Daal Makhni + 2 Rumali Roti + Raita",Non-veg
25049,"Chicken Korma + Chicken 65 + 2 Ulta Tawa Paratha + Raita",Non-veg
25050,"Dal Makhni + Paneer Nawabi + 2 Rumali + Raita",Veg
25051,"Veg Galouti Kebab + 2 Rumali Roti",Veg
25052,"Veg Celebration Combo",Veg
25053,"Chicken Celebration Combo",Non-veg
25054,"Mutton Celebration Combo",Non-veg
25055,"Gulab Jamun with Rabri",Veg
25057,"Matka Phirni [1/2 Kg]",Veg
25058,"Masala Shikanji",Veg
25060,Salan,Veg
25061,"Ulte Tawa Ka Parantha",Veg
25063,"Burani Raita",Veg
25064,"Masala Curry",Veg
25065,"Gosht Keema Parantha",Non-veg
25066,"Dark Choco Waffle",Veg
25067,"Choco Snow Waffle",Veg
25068,"Butterscotch Waffle",Veg
25069,"Dairy Dark",Veg
25070,"Cafe Coffee",Veg
25071,"Choco Blast",Veg
25072,"Choco Boom",Veg
25073,"Naghty Nutella",Veg
25074,"Forest Snow Waffle",Veg
25075,"Vanilla Icecream Waffle",Veg
25076,"Creamy Red Velvet",Veg
25077,"Peanutty Maple Waffle",Veg
25078,"Honey Fly Butter Waffle",Veg
25079,"The Berry Blue Waffle",Veg
25080,"Strawberry Blast Waffle",Veg
25081,"Berry Cookie Shake Regular",Veg
25082,"Kit Kat Choco Shake Regular",Veg
25083,"Oreo Choco Shake Mini",Veg
25084,"Oreo Choco Shake Regular",Veg
25085,"Kit Kat Choco Shake Mini",Veg
25086,"Brownie Milk Shake Mini",Veg
25087,"Brownie Milk Shake Regular",Veg
25088,"Berry Cookie Shake Mini",Veg
25089,"Creamy Cold Coffee",Veg
25091,"Mojito Mint Ice Tea",Veg
25092,"Mango Crusher",Veg
25093,"Pineapple Crusher",Veg
25094,"Virgin Mojito Mint Crusher",Veg
25095,"Three in one chocolate waffle cake (single layer)",Veg
25096,"Three in one chocolate waffle cake (Double layer)",Veg
25097,"Dark And White Chocolate Waffle",Veg
25098,"Milk Chocolate Waffle",Veg
25109,"Strawberry Icecream Waffle",Veg
25110,"Chocolate Icecream Waffle",Veg
25116,"Butterscotch Milkshake(regular)",Veg
25129,"Choco Chips Milkshake",Veg
25136,"Nutella milkshake (Regular)",Veg
25137,"Warm Brownie Vanilla Ice Cream",Veg
25138,"Cold berry Waffle Ice Cream",Veg
25139,"Cold Choco Waffle Ice Cream",Veg
25140,"Cold Vanilla Waffle Ice Cream",Veg
25141,"Berry Vanilla Ice Cream Sundae",Veg
25142,"Vanilla Chocolate Brownie Sundae",Veg
25143,"Crunchy butterscotch sundae with choco chips",Veg
25144,"Nutella sundae with oreo and choco chips",Veg
25145,"Cheese & Corn Sandwich (4 Pcs)",Veg
25146,"Veg Mayo Sandwich (4 Pcs)",Veg
25147,"Peanut Butter Sandwich (4 Pcs)",Veg
25148,"Cheesy Masala Bombay Sandwich (4 Pcs)",Veg
25149,"Cheese & Corn Sandwich (2 Pcs)",Veg
25150,"Veg Mayo Sandwich (2 Pcs)",Veg
25151,"Peanut Butter Sandwich (2 Pcs)",Veg
25152,"Cheesy Masala Bombay Sandwich (2 Pcs)",Veg
25153,"Sliced Banana",Veg
25154,"Crushed Oreo",Veg
25156,"Choco Chips",Veg
25157,"Kit Kat Crunch",Veg
25158,"Extra Nutella",Veg
25159,"Vanilla Icecream",Veg
25160,"Chocolate Icecream",Veg
25161,"Strawberry Icecream",Veg
25162,"Red Velvet Waffle cake (single layer)",Veg
25163,"Red Velvet Waffle cake (Double layer)",Veg
25166,"Nutella waffle cake with crushed oreo(single layer)",Veg
25167,"Nutella waffle cake with crushed oreo(double layer)",Veg
25168,"Strong Cold Coffee",Veg
25169,"Csb Special Coffee",Veg
25170,"Rum Cold Coffee",Veg
25171,"Scotch Cold Coffee",Veg
25172,"Red Wine Cold Coffee",Veg
25174,Tulsi,Veg
25177,"Strong Choco Coffee",Veg
25178,Whiskey,Veg
25179,Brandy,Veg
25181,"Veg Salsa Burger",Veg
25184,"Csb Special Pizza",Veg
25187,"Extra KitKat",Veg
25188,"Maska Bun",Veg
25190,"Garlic Shots",Veg
25191,"Corn Masala Sandwich",Veg
25192,"Bombay Kaccha Sandwich",Veg
25193,"Cheese Chutney Sandwich",Veg
25194,"Paneer Takatak Sandwich",Veg
25196,"Corn Cheese Maggie",Veg
25200,"Dairy Milkshake",Veg
25201,"Romance Candy",Veg
25202,"Black Cobra",Veg
25203,"Green Mint",Veg
25205,Kiwi,Veg
25207,"Father's Day Cakes",Veg
25209,"Chocolates Cake For Dad",Veg
25210,"Fatfar's Day Cake",Veg
25211,"Chocolate Chocochips Cake",Veg
25213,"Light Chocolate Cake",Veg
25214,"Face Cake",Veg
25215,"Heart Shape Cake",Veg
25216,"Orange Cake",Veg
25218,"Special Chocolate Cake",Veg
25223,"White Chocochips Cake",Veg
25227,"Chocolate Butterscotch",Veg
25229,"Anniversary Cake",Veg
25230,"Smiley Cake",Veg
25234,"Chocolate Cake [1pound]",Veg
25235,"Dark Chocolate Cake [1pound]",Veg
25236,"Black forest Cake [1pound]",Veg
25237,"Choco Vanilla Cake [1pound]",Veg
25238,"Light Chocolate  [1pound]",Veg
25239,"Rasmalai Special Cake [1pound]",Veg
25240,"Blueberry Cake [1pound]",Veg
25241,"Pineapple Cake [1pound]",Veg
25242,"Butter Scotch Cake [1pound]",Veg
25243,"Vanilla Cake [1pound]",Veg
25244,"Photo Print Cake [1pound]",Veg
25253,"Special Egg Chicken Roll (with Butter)",Non-veg
25255,"Plain Chicken Roll",Non-veg
25262,"Boneless Chilli Chicken Dry",Non-veg
25263,"Boneless Chilli Chicken Gravy",Non-veg
25272,"Chicken Briyani",Non-veg
25279,"Egg Pakora (8 Pcs)",Non-veg
25282,"Chicken Chap",Non-veg
25283,"Chicken Kabab (Per Stick)",Non-veg
25284,"Paneer Pakora (8 Pcs)",Veg
25286,"Crispy Baby Corn Chilly",Veg
25287,"Dry Onion Capsicum Veg Manchurian",Veg
25288,"Onion Capsicum Paneer Chilly Dry",Veg
25289,"Onion Capsicum Mushroom Chilly Dry",Veg
25293,"Special Veg Roll With Butter",Veg
25294,"Veg Noodles Roll",Veg
25295,"Baby Roll",Non-veg
25296,"Egg Noodles Roll",Non-veg
25297,"Egg Roll With Veg",Non-veg
25298,"Special Egg Roll With Butter",Non-veg
25299,"Double Egg Roll With Veg",Non-veg
25300,"Special Double Egg Roll With Butter",Non-veg
25304,"Special Double Egg Chicken Roll (With Butter)",Non-veg
25306,"Egg Chicken Kabab Roll",Non-veg
25307,"Special Egg Chicken Kabab Roll (with Butter)",Non-veg
25308,"Double Egg Kabab Roll",Non-veg
25309,"Special Double Egg Kabab Roll (with Butter)",Non-veg
25310,"Kathi Kabab Roll (Full Stick)",Non-veg
25312,"Chicken Gravy Chow mein",Non-veg
25314,"Veg Gravy Chow mein",Veg
25316,"Egg Gravy Chow mein",Non-veg
25317,"Double Chicken Hakka Chow mein",Non-veg
25318,"Double Chicken Gravy Chow mein",Non-veg
25319,"Egg Chicken Hakka Chow mein",Non-veg
25320,"Egg Chicken Gravy Chow mein",Non-veg
25321,"Mixed Chow mein Gravy",Non-veg
25329,"Veg Fried Rice + Chilly Chicken",Non-veg
25330,"Egg Fried Rice + Chilly Chicken Boneless",Non-veg
25332,"Veg Gravy Chowmin + Veg Munchurian",Veg
25333,"Veg Hakka Chow mein + Chilly Chicken",Non-veg
25334,"Veg Gravy Chow mein + Chilly Chicken",Non-veg
25335,"Egg Hakka Chow mein + Chilly Chicken Bone Less",Non-veg
25336,"Egg Gravy Chow mein + Chilly Chicken Bone Less",Non-veg
25337,"Veg Hakka Chowmin + Veg Munchurian",Veg
25340,"Chilli Chicken With Bone Dry",Non-veg
25341,"Chilli Chicken With Bone Gravy",Non-veg
25342,"Boneless Ginger Chicken Gravy",Non-veg
25343,"Ginger Chicken With Bone Dry",Non-veg
25344,"Ginger Chicken With Bone Gravy",Non-veg
25345,"Boneless Garlic Chicken Dry",Non-veg
25346,"Boneless Garlic Chicken Gravy",Non-veg
25347,"Garlic Chicken With Bone Dry",Non-veg
25348,"Garlic Chicken With Bone Gravy",Non-veg
25349,"Boneless Onion Capsicum Chilly Chicken Dry",Non-veg
25350,"Boneless Onion Capsicum Chilly Chicken Gravy",Non-veg
25351,"Onion Capsicum Chilly Chicken With Bone Dry",Non-veg
25352,"Onion Capsicum Chilly Chicken With Bone Gravy",Non-veg
25353,"Boneless Chicken Manchurian Dry",Non-veg
25354,"Boneless Chicken Manchurian Gravy",Non-veg
25355,"Chicken Manchurian With Bone Dry",Non-veg
25356,"Chicken Manchurian With Bone Gravy",Non-veg
25363,"Onion Capsicum Chilli Paneer Gravy",Veg
25364,"Ginger Paneer Gravy",Veg
25367,"Mushroom Chilly Gravy",Veg
25373,"Chicken Shahi Korma",Non-veg
25376,"Roasted Chicken Butter Masala",Non-veg
25377,"Tikka Kabab Butter Masala",Non-veg
25378,"Tandoori Chicken Butter Masala",Non-veg
25382,"Egg Dopyaza (2 Pcs)",Non-veg
25389,"Plain Briyani",Veg
25390,"Plain Pulao",Veg
25392,"Plain Rice (Dehradhun)",Veg
25398,"Malai Matar Mushroom",Veg
25401,"Mushroom Dopyaja",Veg
25402,"Baby Corn Chilly Gravy",Veg
25404,"Baby Corn Butter Masala",Veg
25409,"Lacchha Pratha",Veg
25410,"Baby Naan",Veg
25413,"Stuffed Butter Naan",Veg
25414,"Masala kulcha With Butter",Veg
25418,"Vegtable Raita",Veg
25427,"Murgh Abu Chilli Kebab",Non-veg
25453,"Veg Noodles Hakka",Veg
25454,"Chicken Noodles Hakka",Non-veg
25459,"Veg Hyderabadi Dum Biryani",Veg
25467,"Cream of Tomato Soup",Veg
25477,"Paneer Ajwaini Tikka",Veg
25478,"Paneer Dahi Kebab",Veg
25481,"Paneer Kali Mirch Kebab",Veg
25482,"Paneer Abu Chilli Kebab",Veg
25492,"Mushroom Pepper Salt",Veg
25496,"Murgh Angara Kebab",Non-veg
25497,"Murgh Gazab ka Tikka",Non-veg
25498,"Murgh Makhmali Kebab",Non-veg
25499,"Murgh Shubnami Kebab",Non-veg
25506,"Chooza Afghani",Non-veg
25507,"Non Veg Tandoori Platter",Non-veg
25508,"Crispy Chilli Honey Chicken",Non-veg
25510,"Chicken Manchurian Fry",Non-veg
25514,"Fish Tikka Ajwaini",Non-veg
25516,"Prawn Golden Fried",Non-veg
25518,"Yellow Dal Butter Fry",Veg
25521,"Dal Quraishi",Veg
25522,"Aloo Jeera Dry",Veg
25524,"Banarasi Dum Aloo",Veg
25527,"Veg Kandhari",Veg
25534,"Mushroom Mattar Masala",Veg
25535,"Dhingri Dolma",Veg
25539,"Subz Meloni",Veg
25550,"Murgh Mughlai",Non-veg
25551,"Murgh Methi",Non-veg
25553,"Murgh Akbari",Non-veg
25554,"Murgh Badami",Non-veg
25556,"Murgh Shahjahani",Non-veg
25563,"Mutton Rara",Non-veg
25564,"Mutton Rezzala",Non-veg
25566,"Mutton Keema Mattar",Non-veg
25570,"Chicken in Garlic Sauce",Non-veg
25575,"Prawn Garlic",Non-veg
25576,"Prawn Ginger",Non-veg
25577,"Prawn Hongkong Style",Non-veg
25580,"Roti ki Tokri (5 Varieties)",Veg
25587,"Paneer Bharwa Kulcha",Veg
25595,"Veg Chowfan Chow mein",Veg
25596,"Veg Garlic Rice",Veg
25598,"Chicken Chowfan Chow mein",Non-veg
25599,"Chicken Garlic Rice",Non-veg
25612,"Cantonese Fried Noodles",Non-veg
25613,"Mixed Noodles Hakka",Non-veg
25614,"Mixed Noodles Gravy",Non-veg
25615,"Prawn Noodles Hakka",Non-veg
25616,"Prawn Noodles Gravy",Non-veg
25628,"Make at Home @ Rs.349",Veg
25629,"Keep Cake & Celebrate + 1 Free Delight",Veg
25630,"Strawberry Cream Cheese Waff-wich",Veg
25631,"Belgian Chocolate Milk Waff-wich",Veg
25632,"Naked Nutella Waff-wich",Veg
25633,"Kitkat Waff-wich",Veg
25634,"Triple Chocolate Waff-wich",Veg
25635,"Almond Brownie Waff-wich",Veg
25636,"Kiki And Oreo Cream Waff-wich",Veg
25637,"Rocky Road Waff-wich",Veg
25638,"Milk Chocolate Spread",Veg
25639,"Chocolate Waffle Crisps",Veg
25640,"Walnut Brownie Waffle Cake (Single Layer)",Veg
25641,"Belgian Chocolate Shake",Veg
25642,"Happiness in mini version + 1 Free Delight",Veg
25643,"Best for the Best",Veg
25645,"Make at Home @ Rs.375",Veg
25647,"Treats For Two",Veg
25648,"The Belgian Club + 1 Free Delight",Veg
25649,"The WaffShake Duo",Veg
25650,"Honey Butter Waff-wich",Veg
25651,"Maple Butter Waff-wich",Veg
25653,"Blueberry Cream Cheese Waff-wich",Veg
25654,"Cashewnut Butter Waff-wich",Veg
25655,"Peanut Butter Waff-wich",Veg
25657,"Belgian Chocolate Dark Waff-wich",Veg
25658,"67% Less Sugar Belgian Chocolate Milk Waff-wich",Veg
25659,"67% Less Sugar Belgian Chocolate Dark Waff-wich",Veg
25660,"Butterscotch Crunch Waff-wich",Veg
25661,"Coffee Mocha Waff-wich",Veg
25664,"Chocolate Overload Milk Waff-wich",Veg
25665,"Chocolate Overload Dark Waff-wich",Veg
25666,"67% Less Sugar Chocolate Overload Milk Waff-wich",Veg
25667,"67% Less Sugar Chocolate Overload Dark Waff-wich",Veg
25668,"Dark & White Fantasy Waff-wich",Veg
25671,"Walnut Brownie Waff-wich",Veg
25672,"Biscoff Milkyway Waff-wich",Veg
25674,"Red Velvet Waff-wich",Veg
25675,"Pink Almond Crunch Waff-wich",Veg
25676,"Ice Cream And Fudge Vanilla Waff-wich",Veg
25677,"Ice Cream And Fudge Chocolate Waff-wich",Veg
25678,"Triple Cookie Waff-wich",Veg
25680,"Mini Waff-wich box of 4 - Chocolate",Veg
25681,"Mini Waff-wich box of 6 - Assorted",Veg
25682,"Mini Waff-wich box of 6 - Chocolate",Veg
25683,"Original Pancake & Waffle Premix",Veg
25684,"Choco & Oats Pancake & Waffle Premix",Veg
25686,"Dark Chocolate Spread",Veg
25688,"Double Chocolate Waffle Crisps",Veg
25689,"Death By Chocolate Waffle Cake(Single Layer)",Veg
25690,"Death By Chocolate Waffle Cake(Double Layer)",Veg
25691,"Berry Velvet Waffle Cake (Single Layer)",Veg
25692,"Berry Velvet Waffle Cake (Double Layer)",Veg
25693,"Kiki And Oreo Cream Waffle Cake (Single Layer)",Veg
25694,"Kiki And Oreo Cream Waffle Cake (Double Layer)",Veg
25696,"Walnut Brownie Waffle Cake (Double Layer)",Veg
25697,"Honey Butter Mini Pancakes (8 pieces)",Veg
25698,"Maple Butter Mini Pancakes (8 pieces)",Veg
25699,"Strawberry  Cream cheese Mini Pancakes (8 pieces)",Veg
25700,"Blueberry Cream cheese Mini Pancakes (8 pieces)",Veg
25701,"Peanut Butter Mini Pancakes (8 pieces)",Veg
25702,"Cashewnut Butter Mini Pancake (8 pieces)",Veg
25703,"Belgian Chocolate Milk Mini Pancakes (8 pieces)",Veg
25704,"Belgian Chocolate Dark Mini Pancakes (8 pieces)",Veg
25705,"67% less sugar belgian Chocolate milk Mini Pancakes (8 pieces)",Veg
25706,"67% less sugar belgian Chocolate dark Mini Pancakes  (8 pieces)",Veg
25707,"Butterscotch Crunch Mini Pancakes (8 pieces)",Veg
25708,"Coffee Mocha Mini Pancakes (8 pieces)",Veg
25709,"Naked Nutella Mini Pancakes (8 pieces)",Veg
25710,"KitKat Mini Pancakes (8 pieces)",Veg
25711,"Chocolate Overload milk Mini Pancakes (8 pieces)",Veg
25712,"Chocolate Overload Dark Mini Pancakes (8 pieces)",Veg
25713,"67% less sugar Chocolate Overload milk Mini Pancakes (8 pieces)",Veg
25714,"67% less sugar Chocolate Overload Dark Mini Pancakes (8 pieces)",Veg
25715,"Dark & White Fantasy Mini Pancakes (8 pieces)",Veg
25716,"Triple Chocolate Mini Pancakes (8 pieces)",Veg
25717,"Biscoff Milkyway Mini Pancakes (8 pieces)",Veg
25718,"Kiki & Oreo cream Mini Pancakes (8 pieces)",Veg
25719,"Red Velvet Mini Pancakes (8 pieces)",Veg
25720,"Pink Almond Crunch Mini Pancakes (8 pieces)",Veg
25721,"Ice Cream and Fudge Vanilla Mini Pancakes (8 pieces)",Veg
25722,"Ice cream and Fudge Chocolate Mini Pancakes (8 pieces)",Veg
25723,"Triple Cookie Mini Pancakes (8 pieces)",Veg
25724,"Rocky Road Mini Pancakes (8 pieces)",Veg
25728,"Banana Peanut Butter",Veg
25729,"Nutella Shake",Veg
25730,"Berry Lemonade",Veg
25733,"Signature Cold Coffee",Veg
25734,"Murgh Afghani",Non-veg
25735,"Murgh Makhani",Non-veg
25752,"Chcicken Tikka Biryani",Non-veg
25755,"Chicken Cantonese Fried Noodles",Non-veg
25759,"Murgh Malai (Tikka) Kebab",Non-veg
25762,"King of Tandoor (Tandoori Chicken)",Non-veg
25771,"Chicken Champ",Non-veg
25779,"Dum ka Murgh",Non-veg
25784,"Murgh Pasanda",Non-veg
25786,"Chicken Cooks To Order Bone.",Non-veg
25787,"Boneless Chicken Cooks To Order.",Non-veg
25788,"Keema Muttar",Non-veg
25789,"Machher Jhol",Non-veg
25792,"Fish Chutney Wala",Non-veg
25793,"Fish Tikka Butter Masala",Non-veg
25794,"Fish Tamatar",Non-veg
25801,"Mutton Dahiwala",Non-veg
25805,"Mutton Champ",Non-veg
25824,"Nawabi mutton  Keema Pulao",Non-veg
25831,"Lacchedar Paratha",Veg
25834,"Chicken Hyderabadi Briyani",Non-veg
25837,"Veg Capsicum Fried Rice",Veg
25838,"Chicken Capsicum Fried Rice",Non-veg
25839,"Chicken Mixed Capsicum Fried Rice",Non-veg
25840,"Chowfan & Chow mein with Schezwan Chicken",Non-veg
25841,"Veg Chowfan Fried Rice",Veg
25842,"Chicken Chowfan Fried Rice",Non-veg
25843,"Veg Mongolian Fried Rice",Veg
25850,"Veg Singaporian Fried Rice",Veg
25851,"Chicken Singaporian Fried Rice",Non-veg
25853,"Veg Cantonese Fried Noodles",Veg
25855,"Veg E_Fu_ Noodles",Veg
25856,"Chicken E_Fu_ Noodles",Non-veg
25857,"Veg Noodles Cookes To Order",Veg
25858,"Chicken  Noodles Cookes To Order",Non-veg
25859,"Mixed Noodles Cookes To Order",Non-veg
25860,"Chicken with Almond",Non-veg
25862,"Zed Chicken.",Non-veg
25863,"Shredded Chicken Green Pepper",Non-veg
25864,"Chicken Man Chow Style",Non-veg
25865,"Chicken in Black Beans Sauce",Non-veg
25866,"Sauteed Chicken with Mixed Veg",Non-veg
25867,"Chicken Cooks To Order Bone",Non-veg
25868,"Boneless Chicken Cooks To Order",Non-veg
25869,"Chicken Oyster Sauce",Non-veg
25870,"Beijing Lamb",Non-veg
25871,"Lamb with Hot Garlic Sauce",Non-veg
25872,"Shredded Lamb with Soya Chilli Sauce",Non-veg
25873,"Lamb Cooks To Order",Non-veg
25874,"Fish in Cantonese Style",Non-veg
25875,"Fish in Sweet & Garlic Sauce",Non-veg
25878,"Prawn in Oyster Sauce",Non-veg
25879,"Prawn in Hong Kong Style",Non-veg
25880,"Prawn in Coriander Sauce",Non-veg
25881,"Mixed Veg Sauteed Prawn",Non-veg
25882,"Prawn in Cashewnut",Non-veg
25883,"Prawn in Almond Sauce",Non-veg
25884,"Prawn Cooks To Order",Non-veg
25885,"Veg Chow Chow",Veg
25886,"Mixed Veg Sauteed",Veg
25887,"Potato Capsicum Singapori Style",Veg
25888,"Three Treasure Veg",Veg
25889,"Almond Vegetable",Veg
25890,"Potato Capsicum Shanghai Style",Veg
25892,"Veg in Coriander Sauce",Veg
25893,"Veg Cooks To Order",Veg
25897,"Baby corn Golden Fry",Veg
25902,"Pepper Lamb",Non-veg
25903,"Hunan Lamb",Non-veg
25904,"Roasted Chilli Lamb",Non-veg
25905,"Crunchy Crispy Lamb",Non-veg
25906,"Shanghai Lamb",Non-veg
25907,"Chicken Kasturi Kebab",Non-veg
25909,"Murgh Achari Kebab",Non-veg
25912,"Chicken Shabnami Kebab",Non-veg
25916,"Chicken Lemon Kebab",Non-veg
25921,"Chilli Chicken Bone",Non-veg
25922,"Roasted Chilli Chicken Dry (Full)",Non-veg
25927,"Zed Chicken",Non-veg
25928,"Chilli Fish (Boneless)",Non-veg
25929,"Fried Fish",Non-veg
25934,"Prawn Tandoori",Non-veg
25935,"Fried Prawn Indian Style",Non-veg
25937,"Veg Begun Bahar",Veg
25938,"Veg Makhanwala",Veg
25939,"Veg Jai Keema",Veg
25942,"Veg Kandhaari",Veg
25945,"Shaam Aur Savera",Veg
25946,"Gobi Mattar Masala",Veg
25948,"Samundari Khumb",Veg
25950,"Methi Mattar Malai Curry",Veg
25952,"Paneer Khass Pasand",Veg
25955,"Paneer Mattar",Veg
25960,"Guncha 'O' Bahar",Veg
25964,"Chicken Kalmi Butter Masala",Non-veg
25965,"Chicken Dahiwala",Non-veg
25966,"Chicken Hyderabadi Bone",Non-veg
25970,"Chicken Punjabi Bone",Non-veg
25982,"Veg Tandoori Salad",Veg
25987,"Paneer Shahi Tikka",Veg
25988,"Paneer Chutney Wala",Veg
25990,"Crispy Chilli Channa",Veg
25993,"Stir Fried Golden Veg",Veg
25995,"Egg Veg Roll",Non-veg
26003,"Chicken Tikka kabab Roll",Non-veg
26004,"Chicken Keema Roll",Non-veg
26005,"Egg Chicken Keema Roll",Non-veg
26007,"Egg Mutton Keema Roll",Non-veg
26008,"Brown Bread",Veg
26009,"Veg Cheese Binger",Veg
26010,"Black Forest (C) Cake (500 gms)",Veg
26011,"Butterscotch (C) Cake (500 gms)",Veg
26013,"Pine Apple Cake (500 gms)",Veg
26015,"White Forest Cake (500 gms)",Veg
26016,"Chocolate Truffle Slice Pastry",Veg
26017,"Chocochips Pastry",Veg
26018,"Pine Apple Slice Pastry",Veg
26019,"Rum Ball Pastry",Veg
26020,"Chilli Cheese Roll",Veg
26023,"Bun Bread",Veg
26024,"Focaccia Bread",Veg
26025,"Masala Bread",Veg
26026,"Milk Bread",Veg
26027,"Double Trouble Cheese",Veg
26029,"Blue Reny Filling Cake (500 gms)",Veg
26032,"Italian Black Forest (C) Cake (500 gms)",Veg
26033,"Italian Pine Apple Cake (500 gms)",Veg
26034,"Mango Filling Cake (500 gms)",Veg
26036,"Raspberry Cake (500 gms)",Veg
26037,"Swiss Vanilla (C) Cake (500 gms)",Veg
26040,"Banana Caramel Cake (500 gms)",Veg
26041,"Brunch Choco Fantasy Cake (500 gms)",Veg
26042,"Brunch Crunchy Pistachio Cake (500 gms)",Veg
26043,"Brunch Crunchy Red Fruits Cake (500 gms)",Veg
26044,"Chocolate Mud (C) Cake (500 gms)",Veg
26045,"Fresh Fruit Cake (500 gms)",Veg
26046,"Gianduza (Hazel+ Milk) Cake (500 gms)",Veg
26047,"Italian Mango Cake (500 gms)",Veg
26048,"Italian Strawberry Cake (500 gms)",Veg
26049,"Kiwi Rich Cake (500 gms)",Veg
26050,"Mexican Chocolate Cake (500 gms)",Veg
26051,"Red Velvet Chees Cake (500 gms)",Veg
26052,"Strawberry Filling Cake (500 gms)",Veg
26053,"Yogurt Strawberry Cake (500 gms)",Veg
26054,"Chocolate Coranto Mousse",Veg
26056,"Chocolate Pot",Veg
26057,"Chocolate Mud",Veg
26058,"Black forest Pastry",Veg
26060,"Cheese Cake Pastry",Veg
26061,"Choco Chips (P) Pastry",Veg
26064,"Italian Black Forest Pastry",Veg
26069,"Chocolate Mud Pastry",Veg
26070,"Death By Chocolate Pastry",Veg
26071,"Italian Swing Pastry",Veg
26072,"Swiss Vanilla Pastry",Veg
26073,"5' Baby toast Pizza",Veg
26074,"5' Cheese Pan Pizza",Veg
26075,"5' Cheese Foastizza",Veg
26076,"5' Cheese Paneer Pizza",Veg
26077,"5' Double Deck Pizza",Veg
26078,"5' Paneer Chilli Pizza",Veg
26080,"Manchurian Hot Dog",Veg
26081,"Paneer Dinner Roll",Veg
26082,"Paneer Hot Dog",Veg
26083,"Paneer Puffs",Veg
26085,"Veg Manchurian Puffs",Veg
26086,"Veg Puffs",Veg
26089,"Almond Nankhatai (1 kg)",Veg
26090,"Chaco Chips (1 kg)",Veg
26091,"Coconut (1 kg)",Veg
26092,"Crunchy Cornflakes (1 kg)",Veg
26093,"Oats Cookies (1 kg)",Veg
26094,"Tutty Fruity (1 kg)",Veg
26095,"Zira Cookies (1 kg)",Veg
26098,"Chocolate Thy (400 Gm)",Veg
26099,"Thy Fruit Cake (250 Gm)",Veg
26100,"Plum Cake Chocolate (200 Gm)",Veg
26101,"Plum Cake Vanilla (200 Gm)",Veg
26102,"Slice Cake Chocolate",Veg
26103,"Slice Cake Vanilla",Veg
26104,"Vanilla Thy (400 Gm)",Veg
26106,"Chocochips Chocolate Shake",Veg
26108,"Mutton Rice",Non-veg
26123,"Murgh Mussallem",Non-veg
26124,"Murgh Dehati",Non-veg
26140,"Plain Pulka",Veg
26147,"Hyderabadi Mutton Biryani",Non-veg
26150,"Mixed Veg Hakka Noodles",Veg
26162,"Veg  Fried Rice",Veg
26163,"Mixed non Veg  Fried Rice",Non-veg
26164,"French Fries (Plain)",Veg
26166,"Papad (Dry)",Veg
26167,"Papad (Fry)",Veg
26174,"Matka Mutton Champaran Style",Non-veg
26176,"Non veg thali",Non-veg
26187,"Chatpata Mushroom Tikka",Veg
26189,"Paneer Malai",Veg
26190,"Paneer Achari",Veg
26191,"Paneer Hariyali",Veg
26192,"Tandoori Gobi",Veg
26193,"Babri Potato",Veg
26196,"Chicken Hariyali Seekh Kebab",Non-veg
26198,"Bhatti Prawns",Non-veg
26200,"Murgh Achari",Non-veg
26202,"Chicken Malai",Non-veg
26203,"Chicken Reshmi Tikka",Non-veg
26216,"Dal Dhaba Style",Veg
26220,"Aloo Pasanda",Veg
26236,"Murgh Rara",Non-veg
26239,"Murgh Bhuna",Non-veg
26244,"Prawn Sarsonwala",Non-veg
26245,"Prawn Malabar",Non-veg
26246,"Prawn Bengali",Non-veg
26248,"Fish Malabar",Non-veg
26249,"Fish Bengali",Non-veg
26254,"Aloo Kulcha",Veg
26257,"Tandoor Lachha Paratha",Veg
26261,"Butter Pulka",Veg
26268,"Handi Mutton Biryani",Non-veg
26269,"South Indian Curd Rice",Veg
26270,"Kashmiri Murgh Pulao",Non-veg
26271,"Murgh Dum Puskto Biryani",Non-veg
26272,"Mughlai Gosht Biryani",Non-veg
26275,"Mutton Rice Combo",Non-veg
26277,"Mixed Veg Fried Rice",Veg
26285,"Schezwan Chicken (gr)",Non-veg
26288,"Paneer Schezwan (gr)",Veg
26298,"Mushroom Schezwan",Veg
26303,"Mixed non veg  Hakka Noodles",Non-veg
26304,"Chicken  Hakkanoodles",Non-veg
26306,"French Fries (Cheese )",Veg
26308,"Onion Jhurra Pakora",Veg
26319,"Paneer Malai Tikka[8 Pcs]",Veg
26328,"Chicken 65[16 Pcs]",Non-veg
26329,"Chicken Manchurian[16 Pcs]",Non-veg
26331,"Chicken Garlic[16 Pcs]",Non-veg
26340,"Egg Pulao",Non-veg
26342,"Dal Makhnai",Veg
26344,"Mix Vegetabe",Veg
26352,"Malai Kofta(2 Pc Kofta)",Veg
26353,"Paneer Tikka Butter Masala(12 Pcs)",Veg
26354,"Paneer Tikka Lababdar[12 Pc]",Veg
26356,"Veg Manchurian + Veg Fried Rice",Veg
26357,"Dahi Kebab[6 Pcs]",Veg
26358,"Potato Chilli Wth Coriander Sauce",Veg
26360,"Mushroom Chilli With Coriander Sauce",Veg
26361,"Baby Corn Chilli With Coriander Sauce",Veg
26362,"Tandoori Paneer Chilli [6 Pcs]",Veg
26365,"Paneer Chilli Oyester",Veg
26367,"Paneer Lahsuni Tikka[8 Pcs]",Veg
26368,"Paneer Malwani Tikka[8 Pcs]",Veg
26369,"Paneer Sasnik Tikka[8 Pcs]",Veg
26370,"Paneer Achaari Tikka[8 Pcs]",Veg
26372,"Paneer Haryali Tikka[8 Pcs]",Veg
26373,"Paneer Tikka[8 Pcs]",Veg
26374,"Soya Chaap Achaari Tikka[8 Pcs]",Veg
26375,"Soya Chaap Tandoori[8 Pcs]",Veg
26376,"Soya Chaap Hariyali Tikka[8 Pcs]",Veg
26377,"Soya Chaap Malai Tikka[8 Pcs]",Veg
26383,"Paneer Pakora[8 Pcs]",Veg
26391,"Hara Bhara Kabab[6 Pcs]",Veg
26392,"Cheese Balls (6 Pcs)",Veg
26393,"Mix Veg Pakora[6 Pcs]",Veg
26394,"Sagar Special Kabab[8 Pcs]",Non-veg
26395,"Fish Ajwani Tikka[6 Pcs]",Non-veg
26396,"Fish Kali Mirch Tikka[6 Pcs]",Non-veg
26397,"Fish Malai Tikka[6 Pcs]",Non-veg
26398,"Fish Achaari Tikka[6 Pcs]",Non-veg
26399,"Fish Tikka[6 Pcs]",Non-veg
26400,"Prawn Achaari Tikka[6 Pcs]",Non-veg
26401,"Prawn Malai Tikka[6 Pcs]",Non-veg
26402,"Baluchi Prawn[6 Pcs]",Non-veg
26403,"Tandoori Prawn[6 Pcs]",Non-veg
26404,"Murg Kali Mirch Tikka[8 Pcs]",Non-veg
26405,"Murg Lahsuni Tikka[8 Pcs]",Non-veg
26406,"Haldi Bhatti Murg[8 Pcs]",Non-veg
26407,"Chicken Pahadi Kabab[8 Pcs]",Non-veg
26408,"Murg Tikka Sahjani[8 Pcs]",Non-veg
26409,"Murg Lahori Bhatti[8 Pcs]",Non-veg
26410,"Chicken Achaari Kabab[8 Pcs]",Non-veg
26411,"Chicken Mastani Kabab[8 Pcs]",Non-veg
26412,"Chicken Reshmi Kabab[6 Pcs]",Non-veg
26413,"Chicken Seek Kabab[8 Pcs]",Non-veg
26414,"Crispy Chicken In Coriander Sauce",Non-veg
26415,"Tandoori Prawn Chilli[6 Pcs]",Non-veg
26416,"Tandoori Chicken Chilli[8 Pcs]",Non-veg
26417,"Dragon Prawn[6 Pcs]",Non-veg
26418,"Dragon Chicken[6 Pcs]",Non-veg
26420,"Crispy Honey Chicken Chilli",Non-veg
26421,"Chicken Chilli Oyester",Non-veg
26422,"Chicken Ching Pong[18 Pcs]",Non-veg
26423,"Prawn Salt N Pepper[6 Pcs]",Non-veg
26424,"Prawn Chilli[6 Pcs]",Non-veg
26426,"Murg Malai Kabab[8 Pcs]",Non-veg
26427,"Chicken Abu Chilli Kabab[8 Pcs]",Non-veg
26428,"Chicken Tikka[8 Pcs]",Non-veg
26429,"Egg Chilli[8 Pcs]",Non-veg
26430,"Crispy Chicken Chilli",Non-veg
26431,"Chicken Pakora Boneless[8 Pcs]",Non-veg
26432,"Chicken Fry[8 Pcs]",Non-veg
26433,"Pot Liver Fry",Non-veg
26436,"Chilli Chicken  Boneless",Non-veg
26441,"Chicken Ginger[16 Pcs]",Non-veg
26442,"Chicken Salt & Pepper[16 Pcs]",Non-veg
26450,"Chicken Munchow Soup",Non-veg
26451,"Chicken Mushroom Soup",Non-veg
26452,"Chicken Sweetcorn Soup",Non-veg
26459,"Chicken Choupsy",Non-veg
26477,"Dal Butter Tadka",Veg
26485,"Fish Do Pyaza[2 Pcs]",Non-veg
26486,"Prawn Golden Fry[6 Pcs]",Non-veg
26487,"Prawn Curry[6 Pcs]",Non-veg
26488,"Prawn Masala[6 Pcs]",Non-veg
26489,"Egg Curry(2 Pcs)",Non-veg
26490,"Egg Masala(2 Pcs)",Non-veg
26491,"Egg Omelette(2 Pcs)",Non-veg
26492,"Egg Bhujiya(2 Pcs)",Non-veg
26493,"Egg Chana Masala",Non-veg
26494,"Chicken Korma(4 Pcs)",Non-veg
26495,"Chicken Hydrabadi(4 Pcs)",Non-veg
26496,"Shahi Chicken Boneless (8 Pcs)",Non-veg
26497,"Chicken Kassa(4 Pcs)",Non-veg
26500,"Chicken Pot Liver Curry",Non-veg
26501,"Chicken Pot Liver Masala",Non-veg
26503,"Chicken Do Pyaza[4 Pcs]",Non-veg
26506,"Kadhai Chicken(4 Pcs)",Non-veg
26507,"Chicken Dehati (Small) (8 Pcs)",Non-veg
26508,"Chicken Sagar (Special) (6 Pcs)",Non-veg
26509,"Chicken Lababdar Boneless (8 Pcs)",Non-veg
26511,"Chicken Punjabi(4 Pcs Of Chk Td)",Non-veg
26512,"Chicken Handi(4 Pcs)",Non-veg
26513,"Chicken Saagwala(4 Pcs)",Non-veg
26514,"Veg Sagar (Special)",Veg
26517,"Veg Jhalpahreji",Veg
26521,"Veg Kofta(2 Pc Kofta)",Veg
26523,"Green Peas Fry",Veg
26556,"Paneer Lababdar + Butter Naan(2 Pcs)",Veg
26557,"Paneer Chilli + Veg Spring Rice",Veg
26559,"Mutter Paneer + Jeera Rice",Veg
26560,"Paneer Butter Masala + Veg Pulao",Veg
26561,"Chilli Chicken + Veg Fried Rice",Non-veg
26562,"Chicken Lababdar + Kulcha(2 Pcs)",Non-veg
26563,"Fish Curry + Steamed Rice",Non-veg
26564,"Dehati Chicken + Steamed Rice",Non-veg
26565,"Chicken Butter Masala + Kulcha(2 Pcs)",Non-veg
26566,"Babycorn Chilly Full Plate",Veg
26567,"Veg Manchurian Full Plate",Veg
26568,"Paneer 65 Full Plate",Veg
26569,"Chicken Chilli Half Gravy",Non-veg
26571,"Chicken 65 Full Plate",Non-veg
26572,"Chicken Chilly Dry Bone 12 Pieces",Non-veg
26573,"Mushroom Butter Masala Half",Veg
26574,"Mushroom Masala Half",Veg
26575,"Kadai Paneer Half",Veg
26576,"Paneer Butter Masala Half",Veg
26577,"Paneer Butter Masala Full Plate",Veg
26578,"Paneer Do Pyaza Full Plate",Veg
26579,"Kadai Paneer Ful Plate",Veg
26580,"Chicken Curry Half",Non-veg
26581,"Chicken Curry Full Plate",Non-veg
26582,"Chicken Butter Masala Full Plate",Non-veg
26583,"Chicken Punjabi Full Plate",Non-veg
26584,"Chicken Dum Hydrabadi Briyani Half",Non-veg
26585,"Chicken Dum Hyderabadi Biryani Full Plate",Non-veg
26587,"Veg Dum Hyderabadi Biryani Full Plate",Veg
26589,"Veg Dum Hydrabadi Briyani Half",Veg
26594,"Silver Spoon Mixed Fried Rice ( Non Veg )",Non-veg
26595,"Paneer Chilli Half",Veg
26596,"Chana Chilly Dry Full Plate Dry",Veg
26597,"Paneer Pepper Salt Full Plate",Veg
26598,"Babycorn Pepper Salt Full Plate",Veg
26600,"Mushroom Chilly Full Plate",Veg
26601,"Chilli Paneer Full Plate",Veg
26602,"Paneer Manchurian Full Plate",Veg
26605,"Chicken Chilli Half Dry",Non-veg
26607,"Boneless Chilli Chicken Dry Full Plate",Non-veg
26609,"Chicken Manchurian Full Plate",Non-veg
26611,"Chicken Chilli Gravy Ful Plate",Non-veg
26617,"Mixed Veg Full Plate",Veg
26618,"Veg Do Pyaza Full Plate",Veg
26619,"Kadai Veg Full Plate",Veg
26620,"Mushroom Masala Full Plate",Veg
26621,"Mushroom Butter Masala Full Plate",Veg
26622,"Mushroom Do Pyaza Ful Plate",Veg
26626,"Kadhaee Chicken Half",Non-veg
26627,"Chicken Chap Half",Non-veg
26628,"Chicken Kassa Half",Non-veg
26630,"Chicken Chaap Full Plate",Non-veg
26633,"Chicken Masala Ful Plate",Non-veg
26634,"Chicken Kassa Ful Plate",Non-veg
26635,"Kadai Chicken Ful Plate",Non-veg
26636,"Chicken Do Pyaza Full Plate",Non-veg
26637,"Chicken Bharta Full Plate",Non-veg
26638,"Chicken Lababdar ( Full)",Non-veg
26647,"Silver Spoon Mix Fried Rice (veg )",Veg
26648,"Silver Spoon Mix Hakka Chawmein ( Veg )",Veg
26652,"Silver Spoon Mixed Chow Mein( Non Veg )",Non-veg
26657,"Chicken Chilly Half",Non-veg
26658,"Egg Mughalai Paratha With Sabzi",Non-veg
26659,"Chicken Mughalai Paratha With Sabzi",Non-veg
26664,"Chicken Roll ( No egg)",Non-veg
26665,"Chicken Roll With egg",Non-veg
26667,"Salad Special",Veg
26673,"Chicken Mix Soup",Non-veg
26687,"Chana Masala Fry",Veg
26690,"Aloo Gobi Special",Veg
26696,"Chicken Bone Chilli",Non-veg
26697,"Boneless Chicken  Chilli",Non-veg
26711,"Kabab Chicken Tandoori",Non-veg
26716,"Masala Papad Plain",Veg
26720,"Egg Soup",Non-veg
26725,"Sweet Sour Soup",Veg
26735,"Rawa Rice",Veg
26736,"Usna Rice",Veg
26740,"Palak Matar",Veg
26742,"Palak Paneer Double Fry",Veg
26743,"Palak Paneer Special",Veg
26744,Palak,Veg
26750,"Tarka Butter",Veg
26751,"Tarka Special",Veg
26753,"Mix Veg Double Fry",Veg
26754,"Mix Veg Special",Veg
26757,"Chana Masala Special",Veg
26760,"Aloo Gobi Double Fry",Veg
26763,"Aloo Patal Double Fry",Veg
26764,"Aloo Patal Special",Veg
26767,"Aloo Kanda Bhujia",Veg
26768,Rajma,Veg
26773,"Chicken Double Fry",Non-veg
26782,"Chicken Capsicum",Non-veg
26783,"Chicken Palak",Non-veg
26788,"Egg Curry Fry",Non-veg
26790,"Fish Curry Fry",Non-veg
26791,"Egg Tarka Fry",Non-veg
26793,"Chicken Pappu Hotel Special",Non-veg
26795,"Chicken Mix Rice",Non-veg
26799,"Chicken Mix Chow",Non-veg
26800,"Chicken Chow",Non-veg
26801,"Veg Chow",Veg
26802,"Egg Chow",Non-veg
26803,"Spring Chow",Veg
26812,"Egg Double Roll",Non-veg
26820,"Hot Gulab Jamun [10pieces]",Veg
26821,"Besan Laddu [250grams]",Veg
26822,"Chandrakala [250grams]",Veg
26823,"Balushahi [250grams]",Veg
26824,"Veg Cheese Sandwich [1piece]",Veg
26825,"Veg Cheese Burger [1piece]",Veg
26826,"Veg Dabeli [1piece]",Veg
26827,"Veg Cheese Dabeli [1piece]",Veg
26828,"Onion Kachodi [5pieces]",Veg
26829,"Rajasthani Kachodi [5 Pieces]",Veg
26830,"Veg Cutlet [5pieces]",Veg
26831,"Samosa [5 Pieces]",Veg
26832,"Raj Kachodi [1piece]",Veg
26834,"Dahi Puri [6pieces]",Veg
26835,"Ghee Tikki Chaat [2pieces]",Veg
26836,"Kachodi Chaat [2pieces]",Veg
26837,"Golgappa [10pieces]",Veg
26839,"Sugar Free Kalakand [200grams]",Veg
26840,"Desi Ghee Jalebi [250grams]",Veg
26841,"Spl Royal Gulab Jamun [5pieces]",Veg
26842,"Chhena Pice [300grams]",Veg
26844,"Manga Chocolate",Veg
26845,"Kesar Kalakand [200grams]",Veg
26846,"Chena Fancy [6pieces]",Veg
26847,"Kala Jamun [5pieces]",Veg
26848,"Mehi Dana [300grams]",Veg
26849,"Kaju Barfi [250grams]",Veg
26850,"Kaju Sangam [250grams]",Veg
26851,"Sugar Free Khajur Roll [250grams]",Veg
26852,"Kaju Anjeer Roll [200grams]",Veg
26853,"Milk Cake [250grams]",Veg
26854,"Malai Mysore Pak [250grams]",Veg
26855,"Ghee Laddu [250grams]",Veg
26856,"Refine Laddu [250grams]",Veg
26858,"Kesar Peda [250grams]",Veg
26859,"Mathura Peda [250grams]",Veg
26860,"Patisa Roll [250grams]",Veg
26861,"Paneer Jalebi [250grams]",Veg
26862,"Manga Roll",Veg
26863,"Ghee Mysore Pak [200grams]",Veg
26864,"Khoya Gujiya [250grams]",Veg
26867,"Prasad Peda [200grams]",Veg
26868,"Agra Dalmot [1kg]",Veg
26869,"Gathiya Papdi [1kg]",Veg
26870,"Badam Pakoda [1kg]",Veg
26871,"Chanachur Khakhra 1 Box",Veg
26872,"Chaat Papdi [180gm]",Veg
26873,"Cheese Ball Glass Pack",Veg
26874,"Corn Chips [200gm]",Veg
26875,"Fafda [1kg]",Veg
26876,"Falhari Mixture [1kg]",Veg
26877,"Golki Gathiya [1kg]",Veg
26878,"Jhal Mixture [1kg]",Veg
26879,"Jhal Sev [1kg]",Veg
26880,"Khatta Meetha Mixture [1kg]",Veg
26881,"Kucha Nimkee [400gm]",Veg
26882,"Lamba Nimkee [400gm]",Veg
26883,"Masala Khakhra 1 Box",Veg
26884,"Meetha Mixture [1kg]",Veg
26885,"Methi Khakhra 1 Box",Veg
26886,"Mini Kachori [400gm]",Veg
26887,"Mini Samosa [400gm]",Veg
26888,"Mix Mixture [400gm]",Veg
26889,"Moong Chatpati [200gm]",Veg
26890,"Murku [200gm]",Veg
26891,"Nylon Gathiya [1kg]",Veg
26892,"Palak Sev [1kg]",Veg
26893,"Plain Chuda Badam [1kg]",Veg
26894,"Raita Boondi [200gm]",Veg
26895,"Sada Sev [1kg]",Veg
26896,"Sandwich Bhakarwadi [200gm]",Veg
26897,"Soya Sticks [200gm]",Veg
26898,"Suhali [1kg]",Veg
26906,"Veg Patties [5pieces]",Veg
26907,"Chole Bhature [2 Bhature]",Veg
26909,"Bread Pizza [2 Plate]",Veg
26911,"Papdi Chaat [6pieces]",Veg
26918,"Lachha Basket Chaat",Veg
26919,"Dahi Bada [2pieces]",Veg
26922,"Blackcurrent Cake",Veg
26928,"Blackforest Cake",Veg
26941,"Fruit Cocktail Cake",Veg
26945,"Berry Berry Cake",Veg
26946,"Almond And Honey Cake",Veg
26947,"Kesar Pista Cake",Veg
26948,"Fruit Punch Cake",Veg
26949,"Blackforest Pastry",Veg
26950,"Choco Crunch Pastry",Veg
26952,"Fruit Punch Pastry",Veg
26953,"Truffle Pastry",Veg
26955,"Almond Honey Pastry",Veg
26956,"Chocolate Mousse Pudding",Veg
26957,"Butterscotch Pudding",Veg
26958,"Fruit Punch Pudding",Veg
26959,"Rum Ball(Dry Fruit)",Veg
26961,"Veggie Mayo Maggi",Veg
26962,"Chilli Garlic Maggi",Veg
26963,"Peri Peri Mushroom Maggi",Veg
26964,"Chilli Garlic Chicken Maggi",Non-veg
26965,"Peri Peri Chicken Maggi",Non-veg
26966,"6' Chicken Pizza Medium",Non-veg
26967,"8' Chicken Pizza Large",Non-veg
26968,"6' Chicken Tandoori Pizza Medium",Non-veg
26969,"8' Chicken Tandoori Pizza Large",Non-veg
26970,"6' Chicken Chatpata Pizza Medium",Non-veg
26971,"8' Chicken Chatpata Pizza Large",Non-veg
26972,"6' Chicken Mix Pizza Medium",Non-veg
26973,"8' Chicken Mix Pizza Large",Non-veg
26974,"6' Chicken I Like Pizza Medium",Non-veg
26975,"8' Chicken I Like Pizza Large",Non-veg
26976,"6' Chicken Country Special Medium",Non-veg
26977,"8' Chicken Country Special Large",Non-veg
26978,"6' Chicken Golden Delight Medium",Non-veg
26979,"8' Chicken Golden Delight Large",Non-veg
26980,"6' Bbq Chicken Pizza Medium",Non-veg
26981,"8' Bbq Chicken Pizza Large",Non-veg
26982,"6' Margherita Pizza Medium",Veg
26983,"8' Margherita Pizza Large",Veg
26984,"6' Tomatino Pizza Medium",Veg
26985,"8' Tomatino Pizza Large",Veg
26986,"6' Indian Veggie Pizza Medium",Veg
26987,"8' Indian Veggie Pizza Large",Veg
26988,"6' Spicy Indian Pizza Medium",Veg
26989,"8' Spicy Indian Pizza Large",Veg
26990,"6' Indian Garden Pizza Medium",Veg
26991,"8' Indian Garden Pizza Large",Veg
26992,"6' Country Feast Pizza Medium",Veg
26993,"8' Country Feast Pizza Large",Veg
26994,"6' Spicy Paneer N Mushroom Medium",Veg
26995,"8' Spicy Paneer N Mushroom Large",Veg
26996,"6' Tandoori Paneer Pizza Medium",Veg
26997,"8' Tandoori Paneer Pizza Large",Veg
26998,"6' Max Extravaganza Medium",Veg
26999,"8' Max Extravaganza Large",Veg
27000,"6' Mushroom Overload Medium",Veg
27001,"8' Mushroom Overload Large",Veg
27002,"Special Chicken Burger",Non-veg
27003,"Special Veg Burger",Veg
27006,"Tikka Paneer Sandwich",Veg
27008,"Chicken Keema Grilled Sandwich",Non-veg
27009,"Peri Peri Paneer Sandwich",Veg
27011,"Tandoori Chicken Grilled Sandwich",Non-veg
27012,"Peri Peri Chicken Grilled Sandwich",Non-veg
27013,"Tikka Paneer Wrap",Veg
27014,"Veg Cheese Wrap",Veg
27015,"Veg Tikka Paneer Wrap",Veg
27016,"French Fry Wrap",Veg
27017,"Veg Tikka Wrap",Veg
27018,"Mushroom overloaded Wrap",Veg
27019,"BBQ Chicken Wrap",Non-veg
27021,"Special Chicken Hot Dog",Non-veg
27022,"Paneer Chilli Hot Dog",Veg
27023,"Special Paneer Hot Dog",Veg
27024,"Special Veg Hot Dog",Veg
27027,"Mushroom Patties",Veg
27028,"Chicken Patties",Non-veg
27029,"Barik Sev [450 grams]",Veg
27030,"Khatta Mitha Jhal Mix [450 grams]",Veg
27031,"Jhal Sev [350 grams]",Veg
27032,"Sev [500 grams]",Veg
27033,"Gthiya Jhal Mix [450 grams]",Veg
27034,"Nilgiri [450 grams]",Veg
27035,"Majedar [400 grams]",Veg
27036,"Navrang [400 grams]",Veg
27037,"Chuda [300 grams]",Veg
27038,"Chaat Papdi [300 grams]",Veg
27039,"Sada Mix [450 grams]",Veg
27040,"Chappan Bhog Mix [400 grams]",Veg
27041,"Madrasi Jhal Mix [450 grams]",Veg
27042,"Khushboo Mix [350 grams]",Veg
27043,"Sada Madrasi Mix [450 grams]",Veg
27044,"Methi Mathi [450 grams]",Veg
27045,"Nimki [400 grams]",Veg
27046,"Besan Nankhatai Cookies [300 grams]",Veg
27047,"Choco Chip Cookies [300 grams]",Veg
27048,"Ajwain Cookies [500 grams]",Veg
27049,"Coconut Cookies [300 grams]",Veg
27050,"Almond Ghee Cookies [300 grams]",Veg
27051,"Gud Til Cookies [300 grams]",Veg
27052,"Nutty Butty Cookies [300 grams]",Veg
27053,"Pista Fruit Cookies [300 grams]",Veg
27054,"Sahi Jeera Cookies [500 grams]",Veg
27055,"Double Egg Double Chicken Laccha Roll",Non-veg
27056,"Chicken Laccha Roll",Non-veg
27057,"Paneer Laccha Roll",Non-veg
27058,"Veg Laccha Roll",Veg
27059,"Egg Laccha Roll",Non-veg
27060,"Egg Chicken Laccha Roll",Non-veg
27061,"Double Egg Laccha Roll",Non-veg
27062,"Egg Paneer Laccha Roll",Non-veg
27063,"Double Egg Paneer Laccha Roll",Non-veg
27071,"Fruit Fusion Shake",Veg
27075,"Rasmalai Shake",Veg
27076,"Paneer Subz E Biryani",Veg
27077,"Lazeez Bhuna Murgh",Non-veg
27078,"Hydrabadi Chicken Handi Biryani",Non-veg
27079,"Egg Handi Biryani",Non-veg
27080,"Paneer Handi Biryani",Veg
27081,"Arbian Chicken Shawarma",Non-veg
27082,Orange,Veg
27083,Pipneapple,Veg
27085,Guava,Veg
27087,Butterscoth,Veg
27088,Oreo,Veg
27093,"Veg Classic Burger",Veg
27094,"Veg Peri Peri Burger",Veg
27095,"Wings Fry",Non-veg
27097,"Muradabadi Chicken Handi Biryani",Non-veg
27098,"Achari Chicken Handi Biryani",Non-veg
27101,"Classic Chicken Shawarma",Non-veg
27102,"Classic Cheese Chicken Shawarma",Non-veg
27104,"Bun Chicken Shawarma",Non-veg
27105,"Chef Scpl Shawarma",Non-veg
27123,Blackcurrant,Veg
27127,"Red Valvet",Veg
27131,"Veg Cheese Sandwich Grill",Veg
27134,"Veg Coleslaw",Veg
27138,"Fiery Paneer Burger",Veg
27140,"Hot Spicy Paneer Burger",Veg
27142,"Laziz Zinger Burger",Veg
27143,"Crispy Chicken Leg Fry",Non-veg
27144,"Grilled Feiry Chicken Leg",Non-veg
27146,"Chicken Finger Boneless",Non-veg
27147,"Peri Peri Chicken Finger Boneless",Non-veg
27148,"Bbq Chicken Fimger Boneless",Non-veg
27149,"Tikka Chicken Grill Sandwich",Non-veg
27150,"Chicken Qeema Grill Sandwich",Non-veg
27151,"Fiery Chicken Grill Sandwich",Non-veg
27152,"Hot Chicken Grill Sandwich",Non-veg
27153,"Tandoori Chicken Grill Sandwich",Non-veg
27154,"Bbq Chicken Grill Sandwich",Non-veg
27155,"Peri Peri Chicken Grill Sandwich",Non-veg
27156,"Cheese Egg Omlete Grill Sandwich",Non-veg
27159,"Mexican Grilled Chicken Burger",Non-veg
27160,"Mexican Chicken Zinger Burger",Non-veg
27161,"Moroccon Chicken Burger",Non-veg
27162,"Moroccon Grilled Chicken Burger",Non-veg
27163,"Moroccon Chicken Zinger Burger",Non-veg
27164,"Shawarma Chicken Burger",Non-veg
27165,"Laziz Specail Burger",Non-veg
27166,"Butterscotch Cake [1 Pound]",Veg
27167,"Vanilla Cake [1 Pound]",Veg
27168,"Pineapple Cake [1 Pound]",Veg
27169,"Truffle Chocolate Cake [1 Pound]",Veg
27170,"White Forest Cake [1 Pound]",Veg
27171,"Red Velvet Cake(1 Pound)",Veg
27175,"Chicken Hotdog",Non-veg
27177,"Choco Chips Cake [1 Pound]",Veg
27180,"Strawberry Cake [1 Pound]",Veg
27183,"Black Forest Premium Cake [1 Pound]",Veg
27184,"Blueberry Cake [1 Pound]",Veg
27185,"Blackcurrant Cake [1 Pound]",Veg
27186,"Choco Vanilla Cake [1 Pound]",Veg
27187,"Mixed Fruit Cake [1 Pound]",Veg
27188,"Orange Cake [1 Pound]",Veg
27189,"Mango Cake [1 Pound]",Veg
27190,"Kiwi Cake [1 Pound]",Veg
27191,"Chocolate Cake [1 Pound]",Veg
27192,"Chocolate Walnut Cake [1 Pound]",Veg
27194,"Honey Cake (1 Pound)",Veg
27195,"Red Velvet Cake [With Egg](1 Pound)",Non-veg
27196,"Honey Cake [With Egg](1 Pound)",Non-veg
27205,"Belly Box",Veg
27206,"Honey Pastry",Veg
27207,"Black Forest Cake [1 Pound] [Eggless]",Veg
27208,"Choco Chips Cake [1 Pound]  [Eggless]",Veg
27209,"Vanilla Cake [1 Pound]  [Eggless]",Veg
27210,"Pineapple Cake [1 Pound]  [Eggless]",Veg
27211,"Strawberry Cake [1 Pound]  [Eggless]",Veg
27212,"Chocolate Cake [1 Pound]  [Eggless]",Veg
27213,"Pineapple Pastry [Eggless]",Veg
27214,"Butterscotch Pasrty [Eggless]",Veg
27215,"Black Forest Pastry  [Eggless]",Veg
27216,"Choco Chips Pastry [Eggless]",Veg
27217,"Strawberry Pasrty [Eggless]",Veg
27218,"Choco Truffle Pasrty [Eggless]",Veg
27219,"Mousse Big Glass [Eggless]",Veg
27220,"Small Mousse Cup [Eggless]",Veg
27221,"4' Veg Pizza",Veg
27222,"6' Paneer Pizza",Veg
27231,"Dil Khosh",Veg
27232,"Butterscotch Cake [1 Pound] [With Egg]",Non-veg
27233,"Choco Chips Cake [1 Pound] [With Egg]",Non-veg
27234,"Vanilla Cake [1 Pound][With Egg]",Non-veg
27235,"Pineapple Cake [1 Pound] [With Egg]",Non-veg
27236,"Strawberry Cake [1 Pound] [With Egg]",Non-veg
27237,"Black Forest Cake [1 Pound] [With Egg]",Non-veg
27238,"Truffle Chocolate Cake [1 Pound] [With Egg]",Non-veg
27239,"White Forest Cake [1 Pound] [With Egg]",Non-veg
27240,"Black Forest Premium Cake [1 Pound] [With Egg]",Non-veg
27241,"Blueberry Cake [1 Pound] [With Egg]",Non-veg
27242,"Blackcurrant Cake [1 Pound] [With Egg]",Non-veg
27243,"Choco Vanilla Cake [1 Pound] [With Egg]",Non-veg
27244,"Mixed Fruit Cake [1 Pound] [With Egg]",Non-veg
27245,"Orange Cake [1 Pound] [With Egg]",Non-veg
27246,"Wooden Chocolate Cake [1 Pound] [With Egg]",Non-veg
27247,"Mango Cake [1 Pound] [With Egg]",Non-veg
27248,"Kiwi Cake [1 Pound] [With Egg]",Non-veg
27249,"Chocolate Cake [1 Pound] [With Egg]",Non-veg
27250,"Chocolate Mouse [6 Pcs]",Non-veg
27251,"Chocolate Pastry [With Egg]",Non-veg
27252,"Pineapple Pastry [With Egg]",Non-veg
27253,"Butterscotch Pastry [With Egg]",Non-veg
27254,"Black Forest Pastry [With Egg]",Non-veg
27255,"Choco Chips Pastry [With Egg]",Non-veg
27256,"Strawberry Pastry [With Egg]",Non-veg
27257,"Choco Truffle Pastry [With Egg]",Non-veg
27258,"White Forest [With Egg]",Non-veg
27259,"Belly Box [With Egg]",Non-veg
27260,"Honey Pastry [With Egg]",Non-veg
27261,"Black Forest Cake(1 Pound) [With Egg]",Non-veg
27262,"Choco Chips Cake(1 Pound) [With Egg]",Non-veg
27263,"Vanilla Cake(1 Pound) [With Egg]",Non-veg
27264,"Pineapple Cake(1 Pound) [With Egg]",Non-veg
27265,"Strawberry Cake(1 Pound) [With Egg]",Non-veg
27266,"Chocolate Cake(1 Pound) [With Egg]",Non-veg
27267,"Butterscotch Pasrty [With Egg]",Non-veg
27270,"Strawberry Pasrty [With Egg]",Non-veg
27271,"Choco Truffle Pasrty [With Egg]",Non-veg
27272,"Mousse Big Glass [With Egg]",Non-veg
27273,"Mousse Small Cup [With Egg]",Non-veg
27274,"Rum Ball [With Egg]",Non-veg
27275,"Vanilla Roll",Veg
27276,"Strawberry Roll",Veg
27296,"Badshah Special Hyderabadi Biryani",Non-veg
27307,"Veg Grand Pack",Veg
27330,"Chicken Chettinadu",Non-veg
27347,"Keema Brown Rice Biryani",Non-veg
27350,"Gulab Jamun ( 1 Piece)",Veg
27431,"Hot Gulab Jamun (1 Pc)",Veg
27432,"Jalebi (1 Pc)",Veg
27433,"Milk Cake (1 Pc)",Veg
27437,"Snack Party Pack",Veg
27438,"Jumbo Samosa Party",Veg
27439,"Jumbo Kachori Party",Veg
27440,"Jumbo Aloo Chap Party",Veg
27441,"Jumbo Pyazi Party",Veg
27442,"Samosa Party Pack",Veg
27443,"Kachori Party Pack",Veg
27444,"Aloo Chap Party Pack",Veg
27445,"Pyazi Party Pack",Veg
27446,"Tinkonia Special",Veg
27447,"Dry Sweets",Veg
27448,"Juicy Sweets",Veg
27449,"Milky Bite",Veg
27450,"Bhog Special",Veg
27451,"Special Snack Basket",Veg
27452,"Snack Time",Veg
27453,"Samosa With Jalebi",Veg
27454,"Kachori With Jalebi",Veg
27455,"Aloo Chap With Jalebi",Veg
27456,"Pyazi With Jalebi",Veg
27457,"Kachori With Sabji",Veg
27458,"Kachori With Chutni",Veg
27459,"Samosa With Sabji",Veg
27460,"Samosa With Chutni",Veg
27461,"Pyazi With Sabji",Veg
27462,"Pyazi With Chutni",Veg
27463,"Aloo Chap With Sabji",Veg
27464,"Aloo Chap With Chutni",Veg
27465,"Sugar Free Combo Box",Veg
27467,"Raj Bhog (1 Pc)",Veg
27468,"Kesar Bhog (1 Pc)",Veg
27469,"Rasgulla (1 Pc)",Veg
27471,"Kaju Barfi (1 Pc)",Veg
27473,"Kalakand (1 Pc)",Veg
27474,"Khawa Barfi (1 Pc)",Veg
27475,"Chota Gulab Jamun (1 Pc)",Veg
27476,"Danadar (1 Pc)",Veg
27477,"Chamcham (1 Pc)",Veg
27478,"Kala Jamun (1 Pc)",Veg
27479,"Kesar Peda (1 Pc)",Veg
27480,"Lal Peda (1 Pc)",Veg
27481,"Milk Peda (1 Pc)",Veg
27482,"Laddu (1 Pc)",Veg
27486,"Khawa Barfi",Veg
27488,"Chota Gulab Jamun",Veg
27498,"Samosa (Per Pcs)",Veg
27499,"Kachori (Per Pcs)",Veg
27500,"Pyazi (Per Pcs)",Veg
27501,"Aloo Chop (Per Pcs)",Veg
27504,"Sugar Free Kalakand (1 Piece)",Veg
27505,"Sugar Free Tea",Veg
27506,"Suagar Free Kalakand",Veg
27507,"Sugar Free Combo",Veg
27510,"Chicken Pappu Special",Non-veg
27515,"Veg Seek Kebab",Veg
27519,"Chicken Lahsuni",Non-veg
27527,"Paneer Do Pyara",Veg
27532,"Mushroom Chilli (Gravy)",Veg
27551,"Murgh Handi with Bone",Non-veg
27557,"Murgh Tikka Lababdaar",Non-veg
27558,"Murgh Handi Boneless",Non-veg
27559,"Murgh Tawa Masala",Non-veg
27560,"Murgh Punjabi Boneless",Non-veg
27561,"Murgh Tangri Kebab Masala",Non-veg
27562,"Murgh Kadai",Non-veg
27565,"Murgh Kali Mirchi",Non-veg
27566,"Murgh Piri Piri Boneless",Non-veg
27567,"Murgh Hyderabadi with Bone",Non-veg
27568,"Murgh Lapata Bone",Non-veg
27570,"Tandoori Leg Bhuja Masala",Non-veg
27571,"Murgh Hyderabadi Boneless",Non-veg
27573,"Murgh Punjabi with Bone",Non-veg
27575,"Murgh Kolhapuri with Bone",Non-veg
27576,"Murgh Kolhapuri Boneless",Non-veg
27577,"Murgh Jafrani",Non-veg
27578,"Murgh Korma",Non-veg
27579,"Murgh Saagwala",Non-veg
27583,"Curry Omelette",Non-veg
27591,"Paneer Mysore Tikka",Veg
27593,"Khazana Paneer",Veg
27594,"Paneer Mahi Tikka",Veg
27595,"Veg Navratan Seek Kebab",Veg
27596,"Palak Corn Seek Kebab",Veg
27599,"Afghani Chicken",Non-veg
27603,"Chicken Angara Leg Kebab",Non-veg
27605,"Chicken Leg Kebab",Non-veg
27607,"Chicken Kalimirchi Kebab",Non-veg
27608,"Adarki Tandoori Chicken",Non-veg
27611,"Murgh Gajab Tikka",Non-veg
27612,"Chicken Pahari Leg Kebab",Non-veg
27620,"Baby corn Mushroom Soup",Veg
27629,"Mix Hakka",Non-veg
27635,"Chicken Green Chilli Hakka",Non-veg
27646,"Paneer Tikka Lababdaar",Veg
27649,"Paneer Lababdaar",Veg
27650,"Matka Paneer",Veg
27654,"Veg Korma (Brown)",Veg
27656,"Veg Sabzi Miloni",Veg
27658,"Veg Korma (White)",Veg
27659,"Veg Zaikeema",Veg
27663,"Veg Pyaza",Veg
27664,"Veg Cosnai",Veg
27667,"Corn Capsicum Masala",Veg
27669,"Masala Kofta",Veg
27670,"Aloo Methi Mehak",Veg
27672,"Veg Bobby Special",Veg
27675,"2 States Special (Mushroom + Paneer)",Veg
27676,"Baby corn Capsicum Mushroom",Veg
27684,"Mushroom Manchurian (Dry)",Veg
27686,"Mushroom Chilli (Dry)",Veg
27687,"Mushroom Ginger (Gravy)",Veg
27688,"Mushroom Manchurian (Gravy)",Veg
27690,"Gobi Manchurian (Gravy)",Veg
27691,"Mushroom Schezwan (Gravy)",Veg
27693,"Mushroom & Hot Garlic (Gravy)",Veg
27694,"Veg in Hot Garlic (Gravy)",Veg
27701,"Boneless Chicken Spinach",Non-veg
27702,"Shredded Chicken Green Paper (White Sauce)",Non-veg
27710,"Dal Hyderabadi",Veg
27713,"Baby corn with Mushroom Chilli",Veg
27719,"Soya bean Chilli",Veg
27729,"Chicken Ching Pong",Non-veg
27736,"Ginger Coriander Rice",Veg
27738,"Veg Chowchow Rice",Veg
27761,"Tandoori Bread Basket",Veg
27764,"Hyderabadi Chicken Tikka Biryani",Non-veg
27776,"Chicken Shanghai Rice",Non-veg
27777,"Chicken Lemon Rice",Non-veg
27784,"Egg Chowmin",Non-veg
27785,"Chowmin With Chilly Chicken",Non-veg
27786,"Rice With Chilly Chicken",Non-veg
27787,"Fish Curry With Rice",Non-veg
27790,"Tawa Roti [1Pc]",Veg
27791,"Paratha [1Pc]",Veg
27792,"Lachha Paratha [1Pc]",Veg
27793,"Alu Paratha [1Pc]",Veg
27796,"Chicken Pakora [6Pc]",Non-veg
27797,"Fish Fry [2Pc]",Non-veg
27803,"Paneer Handi Kadhai",Veg
27804,"Alu Posto",Veg
27807,"Katla Macher Jhol [2pc]",Non-veg
27808,"Doi Mach [2Pc]",Non-veg
27809,"Chicken Kasa (4 Pcs)",Non-veg
27810,"Chicken Curry (4pc)",Non-veg
27811,"Chicken Kadhai (4pc)",Non-veg
27812,"Chicken Butter Masala (4pc)",Non-veg
27813,"Tak Doi",Veg
27814,"Mishti Doi",Veg
27815,Misti,Veg
27816,Payesh,Veg
27817,"Veg Thali 2",Veg
27819,"Non Veg Thali 1",Non-veg
27820,"Non Veg Thali 3",Non-veg
27821,"Non Veg Thali 2",Non-veg
27822,"North Indian Thali 3",Non-veg
27823,"North Indian Thali 1",Veg
27824,"North Indian Thali 2",Non-veg
27825,"Jalsa Special Thali",Non-veg
27836,"Chicken Curry With Vegetable Pulao",Non-veg
27837,"Chicken Butter Masala With Veg Pulao",Non-veg
27838,"Chicken Butter Masala With Alu Parath",Non-veg
27841,"Basanti Pulao",Veg
27847,"Luchi Puri [4Pc]",Veg
27848,"Radha Ballavi Kachuri [4 Pcs]",Veg
27851,"Veg Pakora [6Pc]",Veg
27853,"Veg Cutlet [1Pc]",Veg
27854,"Fish Cutlet 1 Pe",Non-veg
27855,"Chicken Cutlet [1Pc]",Non-veg
27865,"Musur Daler Bora [4Pc]",Veg
27868,"Potoler Dorma",Veg
27871,"Navaratna Paneer",Veg
27873,"Macher Dimer Bora [4Pc]",Non-veg
27874,"Lau Chingri",Non-veg
27875,"Macheer Tel E Begun Bhaja",Non-veg
27876,"Bhetki Paturi [2Pc]",Non-veg
27877,"Rui Macher Jhal [2Pc]",Non-veg
27880,"Pabda Jhal [1Pc]",Non-veg
27881,"Matir Hundi Te Chicken Biriyani With Chicken Chap",Non-veg
27884,"Chicken Latpat (4pc)",Non-veg
27886,"Chicken Rezala (4pc)",Non-veg
27888,"Matir Hundi Te Chicken",Non-veg
27889,"Mutton Jhal (4 Pc)",Non-veg
27890,"Mutton Dak Bunglow (4 Pc)",Non-veg
27891,"Mutton Rezala (4 Pc)",Non-veg
27892,"Matir Hundi Te Mutton [6Pc]",Non-veg
27893,"Rajbarir Mutton (4 Pc)",Non-veg
27894,"Kochi Pathar Jhol (4 Pc)",Non-veg
27895,"Malai Chaap [Full]",Veg
27896,"Roasted Chaap",Veg
27897,"Achari Chaap [Full]",Veg
27900,"Malai Chaap Roll [Half.]",Veg
27904,"Haryali Chaap [Full]",Veg
27905,"Chaska Chaap",Veg
27906,"Cheesy Chaap",Veg
27910,"Roasted Chaap Roll [Half.]",Veg
27911,"Chilly Chaap Roll [Half.]",Veg
27914,"Fava Masala Dosa",Veg
27915,"Salad Roast Dosa",Veg
27916,"Mexican Roast Dosa",Veg
27918,"Hara Bhara Masala Dosa",Veg
27919,"Scherwan Sada Dosa",Veg
27920,"Scherwan Masala Dosa",Veg
27921,"Scherwan Stuffed Dosa",Veg
27922,"Mushroom Schezwan Dosa",Veg
27923,"Delight Dosa",Veg
27924,"Paneer Crispy Dosa",Veg
27925,"Chopsey Dosa",Veg
27926,"Mushroom Chopsey Dosa",Veg
27927,"Roti Curry",Veg
27928,"Chinese Combo 1",Veg
27929,"Chinese Combo 2",Veg
27930,"AB Special Thali",Veg
27932,"Special Khichdi Thali",Veg
27933,"South Indian Thali",Veg
27934,"Ldli [2 pc]",Veg
27935,"Rava Kesar",Veg
27943,"Butter Onion Masala Do0sa",Veg
27950,"Paneer Cheese Sada Dosa",Veg
27956,"Paneer Uttapam",Veg
27957,"Vada [2 pc]",Veg
27958,"Idli [2 pc] Vada [1 pc]",Veg
27960,"Poori Sagu [4 pc]",Veg
27961,"South Indian Breakfast Thali",Veg
27970,"Veg Manchurian [Dry]",Veg
27971,"Veg Manchurian [Gravy]",Veg
27972,"Paneer Chilli [Dry]",Veg
27973,"Paneer Chilli [Gravy]",Veg
27974,"Paneer Manchurian [Dry]",Veg
27975,"Paneer Manchurian [Gravy]",Veg
27980,"Crispy Chili Baby Corn",Veg
27985,"Veg Lollipop",Veg
27989,"Veg Burnt Garlic Fried Rice",Veg
27990,"Veg Ginger Fried Rice",Veg
27998,"American Chopsey",Veg
28005,"Paneer Tkka Masala",Veg
28006,"Paneer Do-pyaza",Veg
28010,"Paneer Bhurj",Veg
28012,"Methi Malai Paneer",Veg
28016,"Veg Meloni",Veg
28024,"Gobi Matar Masala",Veg
28025,"Mushroom Masalaa",Veg
28026,"Matar Mushroom Masala",Veg
28027,"Mushroom Do-Pyaza",Veg
28029,"Baby Corn - Corn Masala",Veg
28034,"Paneer Tawa Masala",Veg
28037,"Aloo Butter Masala",Veg
28038,"Lasooni Palak Paneer",Veg
28047,"Kabuli Biryani",Veg
28048,"Mix Veg Biryani",Veg
28050,"Tawa Roti [1]",Veg
28070,"Veg Hara Bhara Kabab",Veg
28074,Pulao,Veg
28075,"Veg Omelette",Veg
28076,"Plain Poori",Veg
28078,"Anda Pasta",Non-veg
28080,Pasta,Veg
28085,"Anda Checken Chowmin //nodle",Non-veg
28086,"Checken Chowmin //noodle",Non-veg
28087,"Anda Chowmin // Nooddle",Non-veg
28088,"Veg Chowmin // Noddle",Veg
28089,"Anda Maggie/yuppiee",Non-veg
28090,"Maggie/ Yuppiee",Veg
28091,"Checken Egg Biryani",Non-veg
28092,"Checken Biryani",Non-veg
28094,"Dum Aalu Biryani",Veg
28095,Khichori,Veg
28096,"Chicken Egg Fry Rice",Non-veg
28101,"Checken Puri",Non-veg
28102,"Dal Poori",Veg
28104,"Poori Or Aalu Ki Sabji",Veg
28105,"Bread Aamlet",Non-veg
28106,"Chole Bhuture",Veg
28107,"Plain Butter Paratha",Veg
28112,"Checken Paratha",Non-veg
28115,"Butter Aalu Paratha",Veg
28116,"Aalu Paratha",Veg
28117,"Maida Twa Roti",Veg
28121,"Masala Lal Chai",Veg
28122,"Masala Dudh Chai",Veg
28125,"Lal Chai",Veg
28126,"Dudh Chai",Veg
28127,"Pyaj Pokoda",Veg
28128,"Checken Chop",Non-veg
28130,Piyaji,Veg
28131,"Aalu Chop",Veg
28132,Singhara,Veg
28133,"Anda Chop",Non-veg
28134,"Dal Pokodi",Veg
28135,"Dal Vada",Veg
28139,"Fry Itli",Veg
28140,Itli,Veg
28141,Pitha,Veg
28142,Golgoppa,Veg
28144,"Kochodi Chat",Veg
28145,"Singhara Chat",Veg
28148,"Sattu Sarbat",Veg
28150,Halua,Veg
28151,"Gajar Halua",Veg
28152,Kheer,Veg
28153,Sevai,Veg
28154,Malpua,Veg
28155,"Rajeshthani Jalebi",Veg
28157,"Chiguri Fish Masal",Non-veg
28158,"Anda Bhujia",Non-veg
28159,"Aamlet Curry",Non-veg
28160,"Anda Curry",Non-veg
28161,"Anda Aamlet",Non-veg
28166,"Checken Paper Gravy",Non-veg
28167,"Fish Gravy",Non-veg
28169,"Alu Postul",Veg
28172,"Kathal Ki Sabji",Veg
28173,"Ginga / Nanua Sabji",Veg
28176,"Soya Chilli Dry",Veg
28179,"Alu Postu",Veg
28180,"Soya Chunk Masala",Veg
28185,"Patta Gobi Sabji",Veg
28186,"Full Gobi Sabji",Veg
28187,"Bhindi Bharta",Veg
28188,"Baigan Bharta",Veg
28189,"Patta Gobi Bhujia",Veg
28190,"Fullgobi Bhujia",Veg
28191,"Kundru Bhujia",Veg
28192,"Bagun Bhaja",Veg
28194,"Aalu Bhujia",Veg
28195,"Masala Alu Choka",Veg
28196,"Aalu Chokha",Veg
28198,Saag,Veg
